avgstr,evenodd,psychsyn,longstring,start_date,end_date,progress,duration_in_seconds,finished,recorded_date,response_id,distribution_channel,above_18,caregiver,n_adult_care,caregiver_child,n_child_care,informed_consent,age,gender,race_asian,race_native,race_black,race_latinx,race_mena,race_pacific,race_white,race_other,employment,income,education,zip,n_children,n_adult_children,marital,religion,religious_attendance,military,branch_air_force,branch_army,branch_marines,branch_navy,branch_other,branch_5_text,military_tenure,insurer_text,care_tenure,acts_living_bathing,acts_living_incontinence,acts_living_feeding,acts_living_dressing,acts_living_beds_chairs,acts_living_toliet,acts_living_none,acts_instrumental_services,acts_instrumental_medicine,acts_instrumental_grocery,acts_instrumental_finances,acts_instrumental_meals,acts_instrumental_housework,acts_instrumental_transport,acts_instrumental_none,hours,financial_diff_stopped_saving,financial_diff_debt,financial_diff_spent_savings,financial_diff_unpaid_bills,financial_diff_borrowed,financial_diff_none,work_diff_flex_time,work_diff_reduced_hours,work_diff_leave,work_diff_performance,work_diff_no_promotion,work_diff_give_up,work_diff_retired_early,work_diff_lose_benefits,work_diff_none,work_diff_na,additional_paid,additional_unpaid,care_military,aware_benefits_transport,aware_benefits_compensation,aware_benefits_residence,aware_benefits_telehealth,aware_benefits_captioning,need_info_safety,need_info_stress,need_info_paperwork,need_info_activities,need_info_end_of_life,need_info_finances,need_info_agency,need_info_technology,need_info_behavior,need_info_non_english,need_info_other,need_info_none,need_info_11_text,sources_help_doctor,sources_help_friends_family,sources_help_hospital,sources_help_government,sources_help_social_media,sources_help_nonprofit,sources_help_none,do_better_text,caregivee_relation,caregivee_gender,caregivee_age,caregivee_condition,caregivee_condition_8_text,caregivee_location,caregivee_location_7_text,cope_1,cope_2,cope_3,cope_4,cope_5,cope_6,cope_7,cope_8,cope_9,cope_10,cope_11,cope_12,cope_13,cope_14,cope_15,cope_16,cope_17,cope_18,cope_19,cope_20,cope_21,cope_22,cope_23,cope_24,cope_25,cope_26,cope_27,cope_28,news_aljazeera,news_abc,news_bbc,news_brietbart,news_cbs,news_cnn,news_cspan,news_democracy_now,news_fox,news_local,news_msnbc,news_newsmax,news_nytimes,news_nbc,news_npr,news_pbs,news_oan,news_other,news_talkradio,news_wapo,news_none,news_21_text,news_often_1,social_media_Bluesky,social_media_Dating_Apps,social_media_Discord,social_media_Facebook,social_media_Instagram,social_media_LinkedIn,social_media_NextDoor,social_media_Pintrest,social_media_Reddit,social_media_Tic_Tok,social_media_Truth_Social,social_media_Tumbler,social_media_Twitch,social_media_Snapchat,social_media_YouTube,social_media_X_Twitter,social_media_Other,social_media_None,social_media_17_text,social_media_often,community_online,community_inperson,community_groups,exercise_1,apac_1,apac_2,apac_3,apac_4,apac_5,apac_6,apac_7,apac_8,apac_9,mhsas_1,mhsas_2,mhsas_3,mhsas_4,mhsas_5,mhsas_6,mhsas_7,mhsas_8,mhsas_9,mspss_1,mspss_2,mspss_3,mspss_4,mspss_5,mspss_6,mspss_7,mspss_8,mspss_9,mspss_10,mspss_11,mspss_12,bat_1,bat_2,bat_3,bat_4,bat_5,bat_6,bat_7,bat_8,bat_9,bat_10,bat_11,bat_12,conflict_care_work_1,conflict_care_work_2,conflict_care_work_3,conflict_care_fam_1,conflict_care_fam_2,conflict_care_fam_3,accommodations_1,accommodations_2,accommodations_3,accommodations_4,accommodations_5,accommodations_6,history_1,history_2,history_3,auditc_1,auditc_2,auditc_3,attention_1,pc_ptsd_screener,pc_ptsd_symptoms_nightmares,pc_ptsd_symptoms_avoid,pc_ptsd_symptoms_vigilant,pc_ptsd_symptoms_numb,pc_ptsd_symptoms_guilty,dass_1,dass_2,dass_3,dass_4,dass_5,dass_6,dass_7,dass_8,dass_9,dass_10,dass_11,dass_12,dass_13,dass_14,dass_15,dass_16,dass_17,dass_18,dass_19,dass_20,dass_21,phq_suicidality,attention_2,mlq_1,mlq_2,mlq_3,mlq_4,mlq_5,mlq_6,mlq_7,mlq_8,mlq_9,mlq_10,drdi_1,drdi_2,drdi_3,drdi_4,drdi_5,drdi_6,drdi_7,drdi_8,drdi_9,drdi_10,drdi_11,drdi_12,drdi_13,drdi_14,ess_1,ess_2,ess_3,ess_4,ess_5,ess_6,ess_7,ess_8,gender_male,gender_female,apac_mean,auditc_total,aud,bat_mean,bat_exhaustion,bat_mental_distance,bat_emotional_impair,bat_cognitive_impair,cope_self_distraction,cope_active_coping,cope_denial,cope_substance_use,cope_use_of_emotional_support,cope_use_of_instrumental_support,cope_behavioral_disengagement,cope_venting,cope_positive_reframing,cope_self_blame,cope_planning,cope_humor,cope_acceptance,cope_religion,conflict_care_fam_mean,conflict_care_work_mean,dass_stress,dass_anxiety,dass_depression,drdi_dysfunction,drdi_recovery,ess_total,mlq_presence,mlq_search,mhsas_mean,mspss_mean,mspss_significant_other,mspss_family,mspss_friends,pc_ptsd_symptoms_total,pc_ptsd_positive_screen,n_caregivees,free_text_valid,attention_1_passed,attention_sum
1.6891891891891893,-0.9641680388115573,0.7103204207788517,5,2025-07-23T18:00:41Z,2025-07-23T18:08:59Z,100,497,1,2025-07-30T15:24:11Z,R_10xhhawIVV0QNoU,anonymous,1,0,0,1,3,1,56,Female,0,0,0,0,0,0,1,0,Full Time,"$20,000 - $49,999",Less than high school degree,33142,0,5,Never married,Christian,Every month,1,NA,1,1,NA,NA,NA,2,Midica,3 to 7 years,0,1,0,1,0,0,0,1,0,0,1,0,0,0,0,9-20 hours,0,1,0,0,0,0,0,1,0,0,0,0,0,0,0,0,1,1,1,2,2,2,3,3,0,0,1,0,0,1,0,1,0,0,FALSE,0,FALSE,0,0,1,1,0,0,0,Play sport,Grandpartent,Female,56,Memory problems,NA,Lives in someone else's home,NA,3,1,1,3,3,4,4,3,4,4,3,4,4,4,3,3,3,2,3,4,4,3,3,4,4,3,3,2,0,0,0,1,0,1,0,0,1,0,0,0,0,0,0,0,0,0,0,0,0,NA,5,0,0,0,1,1,1,0,1,0,1,0,0,0,0,0,0,0,0,NA,5,2,1,Me,4,5,4,2,1,4,3,3,5,5,5,7,6,6,7,6,7,7,6,6,5,5,5,6,6,6,6,4,5,5,7,4,5,5,5,3,4,5,4,5,5,5,4,4,5,5,5,5,5,NA,1,NA,NA,NA,NA,1,1,5,2,2,2,ORANGE,1,1,1,1,1,1,2,2,3,3,3,3,2,3,2,2,2,3,1,2,3,3,3,3,2,2,2,3,0,6,6,6,6,7,7,6,5,3,7,6,4,3,2,2,7,6,5,6,6,5,5,6,4,4,2,2,3,4,3,1,3,0,1,2.4444444444444446,6,Probable AUD,4.5,4.666666666666667,4,4.666666666666667,4.666666666666667,6,5,4,6,6,7,7,8,7,7,8,4,8,6,5,4.666666666666667,36,32,34,29,38,22,29,30,1.666666666666667,5.5,5.5,5.25,5.75,5,1,3,1,1,2
2.232142857142857,-0.9818073787804548,0.904430300207782,13,2025-07-23T17:59:28Z,2025-07-23T18:15:52Z,100,983,1,2025-07-31T21:38:27Z,R_6SbJ5rhZridlvJ7,anonymous,1,1,1,1,1,1,23,Male,0,0,0,0,0,0,1,0,Part Time,"$50,000 - $99,999",High school diploma or equivalent,78217,1,0,Never married,Christian,Every month,1,NA,NA,NA,NA,1,Nothing,0,Midcad,1 to 3 years,0,0,1,1,0,0,0,0,0,0,0,1,0,0,0,1-8 hours,0,0,0,0,0,1,0,0,0,0,0,0,0,0,1,0,0,0,0,NA,NA,NA,NA,NA,1,0,0,0,0,0,0,0,0,0,FALSE,0,FALSE,1,0,0,0,0,0,0,Providing care with dedication,Parent,Male,55,Short-term physical condition,NA,Lives with me,NA,2,2,2,2,3,2,2,2,1,1,1,2,2,2,2,2,2,2,1,1,2,1,2,2,1,1,1,1,0,1,0,0,0,0,0,0,0,0,0,0,0,0,0,0,0,0,0,0,0,NA,2,0,0,0,1,0,0,0,0,0,0,0,0,0,1,1,1,0,0,NA,3,2,1,Adult Care Kit,2,1,5,4,3,3,3,4,3,4,2,1,1,1,1,1,2,3,2,4,5,5,5,5,5,5,6,5,5,5,5,3,3,3,1,2,2,2,3,2,2,2,3,5,4,4,3,4,3,NA,1,NA,NA,NA,NA,0,1,2,3,2,2,ORANGE,0,0,0,0,0,0,1,1,1,1,1,2,1,1,1,1,1,2,2,1,1,0,1,1,1,1,1,2,0,4,4,4,5,6,5,5,5,3,5,2,2,1,1,2,2,2,1,2,1,2,2,1,1,2,2,2,2,2,2,2,2,1,0,2.6666666666666665,7,Probable AUD,2.3333333333333335,3,1.6666666666666667,2.3333333333333335,2.3333333333333335,3,4,4,3,5,3,4,3,4,3,3,3,3,2,3.3333333333333335,4.333333333333333,18,14,14,9,13,16,23,23,6.444444444444445,5,4.75,5.25,5,0,0,2,1,1,2
1.4880952380952381,-0.921777468221518,0.4753602547645587,7,2025-07-23T18:00:34Z,2025-07-23T18:16:39Z,100,964,1,2025-07-31T21:38:27Z,R_6Do4eNgD9WE6SOB,anonymous,1,1,1,1,1,1,34,Female,0,0,0,0,0,0,1,0,Full Time,"$100,000 - $149,999",High school diploma or equivalent,33125,3,1,Married or living with a partner,Christian,Once or twice a year,1,NA,1,NA,NA,NA,NA,1,Gusto,1 to 3 years,0,1,0,0,0,0,0,1,0,0,0,0,0,0,0,1-8 hours,0,0,1,0,0,0,0,0,0,1,0,0,0,0,0,0,1,1,1,2,2,2,2,3,0,0,0,0,1,0,1,0,0,0,FALSE,0,FALSE,0,1,0,0,0,0,0,My moral support,Sibling,Female,34,Emotional or mental health issue,NA,Independent living or retirement community,NA,3,2,4,3,3,3,3,3,3,3,1,2,3,2,3,3,4,2,2,3,4,2,1,3,2,3,3,2,0,1,0,0,0,1,0,0,1,0,0,0,0,0,0,0,0,0,0,0,0,NA,6,0,0,0,1,0,0,1,0,0,1,0,0,0,0,0,0,0,0,NA,6,2,1,Teenlenk,5,3,4,3,4,3,2,2,2,2,4,4,4,2,4,4,3,4,4,4,2,1,2,1,4,4,3,3,2,2,4,2,3,4,4,3,2,4,5,4,3,3,4,3,4,4,2,3,3,NA,1,NA,NA,NA,NA,1,1,1,3,3,4,ORANGE,1,1,1,1,1,1,2,1,2,3,2,2,2,2,3,3,2,2,2,2,2,3,2,1,2,3,2,3,0,4,5,6,4,3,3,1,4,2,5,5,4,5,5,4,4,4,6,5,4,4,5,5,4,3,3,3,3,3,3,2,2,0,1,3.2222222222222223,10,Probable AUD,3.4166666666666665,3,3,4.333333333333333,3.3333333333333335,5,5,7,4,6,4,6,7,6,6,4,4,6,5,2.6666666666666665,3.6666666666666665,26,32,32,32,32,22,16,21,4.333333333333334,2.6666666666666665,2.25,2,3.75,5,1,2,1,1,2
2.5,-0.9780999063961846,0.8001319365343406,13,2025-07-23T18:22:57Z,2025-07-23T18:30:26Z,100,449,1,2025-07-31T21:38:27Z,R_1SC1SaMw4Iu9u8h,anonymous,1,1,1,1,1,1,27,Male,0,0,1,0,0,0,0,0,Full Time,"$50,000 - $99,999",Some college,28152,1,0,Never married,Christian,Weekly,0,NA,NA,NA,NA,NA,NA,NA,statefarm,8 to 12 years,1,1,1,1,1,1,0,1,1,1,1,1,1,1,0,21-40 hours,0,0,0,0,0,1,1,0,0,0,0,0,0,0,0,0,0,0,0,NA,NA,NA,NA,NA,1,0,0,0,0,0,0,0,0,0,FALSE,0,FALSE,1,1,1,0,0,0,0,watch and care for better,Grandpartent,Female,77,Memory problems,NA,Lives with me,NA,4,2,2,3,2,3,3,3,2,3,3,4,2,2,2,2,2,2,3,3,2,2,2,2,3,2,2,2,0,1,1,0,1,1,0,0,0,0,0,0,0,0,0,0,0,0,0,0,0,NA,9,1,0,1,1,1,0,0,0,0,0,0,0,1,0,1,0,0,0,NA,8,2,1,espn,8,5,4,4,4,4,4,4,4,4,5,6,4,5,5,6,4,5,6,6,6,5,5,5,5,4,4,4,4,4,5,4,4,3,3,3,3,3,4,4,4,3,4,4,3,4,4,4,4,1,NA,NA,NA,NA,NA,0,0,1,1,1,1,ORANGE,0,0,0,0,0,0,2,2,2,2,2,1,2,2,2,2,2,2,2,2,2,2,2,2,2,1,2,1,1,6,5,5,5,6,6,6,6,3,5,5,4,4,5,5,4,4,5,5,5,6,6,6,6,4,3,3,3,3,3,3,3,1,0,1.8888888888888893,3,Not detected,3.5,3.6666666666666665,3,3.6666666666666665,3.6666666666666665,7,5,5,6,4,5,5,4,6,4,5,4,5,4,4,3.6666666666666665,26,26,28,36,34,25,26,27,2.8888888888888893,4.75,5.25,4.5,4.5,0,0,2,1,1,3
1.7857142857142858,-0.9114081916289803,0.6774942581807107,10,2025-07-23T18:22:54Z,2025-07-23T18:35:15Z,100,740,1,2025-07-23T18:35:15Z,R_34l1TLXKsWJuKzn,anonymous,1,1,3,0,0,1,38,Male,1,0,0,0,0,0,0,0,Full Time,"> $150,000",Associate's degree,20148,1,0,Married or living with a partner,Muslim,Weekly,0,NA,NA,NA,NA,NA,NA,NA,UNITED NATION,More than 12 years,1,0,0,0,1,0,0,0,0,0,1,1,1,1,0,9-20 hours,0,0,1,0,1,0,0,0,0,0,0,1,0,1,0,0,1,0,0,NA,NA,NA,NA,NA,1,1,0,0,1,1,0,0,0,0,FALSE,0,FALSE,0,1,0,0,1,0,0,FAMILY IS PLAY HIGHER ROLE IN COMMUNITY DO TO BETTER SUPPORT,Parent,Male,69,Long-term physical condition,NA,Lives in their own home,NA,4,4,4,4,4,3,4,4,4,4,4,3,4,4,4,4,4,4,4,4,4,4,3,4,4,4,4,4,0,1,1,1,0,1,0,0,1,0,1,0,0,1,0,1,1,1,0,0,0,NA,6,0,0,1,1,1,1,0,1,0,0,0,1,1,1,1,0,0,0,NA,6,2,1,SOCIAL MEDIA,9,1,1,1,2,1,1,1,2,1,7,5,7,7,7,7,6,7,3,7,7,7,7,7,7,7,4,7,7,6,5,1,1,1,1,5,3,3,2,3,1,1,1,3,1,5,3,4,3,1,NA,NA,NA,NA,NA,0,0,1,5,5,4,ORANGE,1,0,0,1,0,0,3,3,2,3,1,3,3,1,3,2,3,0,3,3,2,1,1,1,3,2,2,4,1,6,6,6,6,6,4,6,6,4,6,5,6,7,4,3,7,5,1,7,5,7,6,7,1,4,4,3,4,4,4,3,4,1,0,4.777777777777778,14,Probable AUD,1.9166666666666667,1,3,2.6666666666666665,1,8,8,8,8,8,7,7,8,7,8,8,8,8,8,3.3333333333333335,3,28,38,24,27,44,30,26,30,1.7777777777777777,6.5,7,6,6.5,1,0,3,1,1,3
1.524390243902439,-0.967968655285255,0.4574360778413392,4,2025-07-23T18:22:48Z,2025-07-23T18:35:45Z,100,776,1,2025-07-23T18:35:46Z,R_31SfGhkqxfY40TQ,anonymous,1,1,1,0,0,1,37,Male,0,0,1,0,0,0,0,0,Full Time,"$50,000 - $99,999",Less than high school degree,28206,1,0,Never married,Christian,Never,1,NA,1,NA,NA,NA,NA,6,Tricare,Less than one year,0,0,1,0,1,0,0,1,1,1,0,0,1,1,0,1-8 hours,0,1,0,0,1,0,1,0,1,0,0,0,0,0,0,0,0,0,0,NA,NA,NA,NA,NA,0,0,0,1,0,0,0,1,0,0,FALSE,0,FALSE,1,1,1,1,0,1,0,Donating things thats not needed like food and clothes and also give lead ways to organizations that could help,Sibling,Male,34,Short-term physical condition,NA,Lives with me,NA,2,3,1,3,3,3,4,1,3,2,3,3,3,3,4,3,4,3,2,2,4,3,4,4,4,2,3,3,0,1,1,0,1,1,0,0,0,1,1,0,1,1,0,0,0,0,1,0,0,NA,7,0,0,0,1,0,0,0,0,1,0,0,0,0,1,1,0,0,0,NA,6,1,0,NA,5,2,2,1,1,3,4,3,2,1,2,2,6,5,3,2,6,6,2,1,1,1,3,1,1,2,1,1,1,1,3,2,2,2,4,4,3,1,1,2,2,2,3,3,2,4,3,3,3,NA,NA,NA,NA,NA,NA,0,0,3,2,1,2,ORANGE,1,1,1,1,1,0,2,2,1,1,1,1,0,0,2,3,1,2,3,2,1,1,1,2,2,2,1,1,1,7,4,6,6,4,5,6,6,6,3,6,5,6,7,6,7,6,1,7,2,6,7,2,5,3,1,1,2,3,1,1,1,1,0,3.888888888888889,5,Probable AUD,2.3333333333333335,2,3.6666666666666665,1.3333333333333333,2.3333333333333335,4,7,2,6,7,6,6,7,7,5,7,6,6,6,3,3,20,20,22,28,45,13,28,25,4.222222222222222,1.4166666666666667,1,1.5,1.75,4,1,1,1,1,3
1.4534883720930232,-0.9351609392504715,0.4615526115229204,6,2025-07-23T18:22:53Z,2025-07-23T18:36:43Z,100,829,1,2025-07-23T18:36:43Z,R_1DMkZnHwj1HOKQj,anonymous,1,1,1,0,0,1,48,Male,0,0,0,0,0,0,1,0,Full Time,"$50,000 - $99,999",Less than high school degree,60660,0,0,Never married,Atheist/Agnostic,Never,0,NA,NA,NA,NA,NA,NA,NA,United Health,1 to 3 years,0,0,1,1,1,0,0,0,1,1,0,1,1,0,0,9-20 hours,1,1,0,1,0,0,1,0,0,1,0,0,0,0,0,0,0,0,0,NA,NA,NA,NA,NA,0,0,0,1,0,0,1,0,1,0,FALSE,0,FALSE,0,1,0,0,0,0,0,Provide any option that would help in the slightest of manner. Anything.,Other family member,Male,69,Emotional or mental health issue,NA,Lives in their own home,NA,4,3,1,1,1,4,3,1,4,2,1,3,2,4,1,2,4,4,4,4,2,1,2,4,4,1,1,1,0,1,0,0,0,0,0,0,0,0,0,0,0,0,0,0,0,0,0,0,0,NA,5,0,0,0,1,1,0,0,0,0,1,0,0,0,0,0,0,0,0,NA,5,1,0,NA,7,3,3,2,3,4,3,3,2,3,1,1,7,7,1,1,7,7,1,1,1,1,1,1,2,3,3,1,1,1,2,4,3,2,4,2,3,2,2,4,2,1,2,4,1,2,3,1,2,NA,NA,NA,NA,NA,NA,0,0,3,1,1,1,ORANGE,0,0,0,0,0,0,0,0,1,0,0,1,0,0,0,1,1,1,1,1,0,0,0,0,0,0,1,1,1,4,5,5,1,6,2,5,7,3,5,5,4,7,4,7,5,7,5,7,2,5,3,1,3,1,3,1,1,3,1,1,1,1,0,3.111111111111111,3,Not detected,2.5833333333333335,3,3,2.6666666666666665,1.6666666666666667,8,6,2,2,2,4,6,6,7,3,8,5,8,2,2,2.3333333333333335,8,0,8,26,39,12,16,27,4.333333333333334,1.5,1,1.5,2,0,0,1,1,1,3
1.6666666666666667,-0.9879770462745772,0.9042473279807562,12,2025-07-23T18:23:06Z,2025-07-23T18:39:56Z,100,1010,1,2025-07-31T21:38:27Z,R_5nOVHYPEhwITcTM,anonymous,1,1,1,1,1,1,50,Male,0,0,0,0,0,0,1,0,Full Time,"$50,000 - $99,999",High school diploma or equivalent,34787,1,0,Divorced/Separated,Other,Weekly,0,NA,NA,NA,NA,NA,NA,NA,Cigna,1 to 3 years,1,0,1,1,0,1,0,1,1,1,1,1,1,1,0,9-20 hours,0,0,0,1,0,0,1,0,0,0,0,0,0,0,0,0,1,0,0,NA,NA,NA,NA,NA,0,1,0,1,1,1,0,0,0,0,FALSE,0,FALSE,1,1,0,0,0,1,0,We all could all just maybe help out with certain things when needed,Child,Male,10,Emotional or mental health issue,NA,Lives with me,NA,3,3,2,1,4,2,4,2,1,3,2,2,2,2,3,2,3,1,2,3,1,2,2,2,2,3,4,3,0,1,0,0,0,0,0,0,1,0,0,0,0,0,0,0,0,0,0,0,0,NA,7,0,0,0,1,1,1,0,1,0,1,0,0,0,1,1,1,0,0,NA,2,2,1,Im a part of my church group,6,2,2,2,2,2,2,2,2,2,3,2,6,6,2,2,5,2,2,6,6,7,6,6,6,6,7,7,7,6,7,3,3,2,2,2,3,2,2,3,2,2,2,2,3,4,2,3,4,1,NA,1,NA,1,NA,0,0,3,4,1,2,ORANGE,1,1,1,0,1,0,1,0,1,0,1,1,1,1,0,1,2,1,0,1,1,0,1,1,1,1,1,1,1,5,5,5,4,5,4,5,5,4,5,4,5,5,4,3,3,5,3,5,2,5,4,3,3,2,3,1,3,3,3,3,1,1,0,4,7,Probable AUD,2.3333333333333335,2.6666666666666665,2.3333333333333335,2.3333333333333335,2,5,7,4,3,7,5,4,2,5,5,4,4,5,6,3,3,16,8,10,23,31,19,22,25,4.666666666666666,6.416666666666667,6.25,6.5,6.5,3,0,2,1,1,3
1.9841269841269842,-0.9884663352471088,0.9127134342833882,9,2025-07-23T18:22:58Z,2025-07-23T18:40:51Z,100,1072,1,2025-07-31T21:38:27Z,R_7tAlnmMZMvMvuka,anonymous,1,1,1,0,0,1,26,Male,1,0,0,0,0,0,0,0,Full Time,"$100,000 - $149,999",Associate's degree,52245,2,0,Married or living with a partner,Christian,Once or twice a year,0,NA,NA,NA,NA,NA,NA,NA,United Healthcare,1 to 3 years,0,0,0,0,0,0,1,1,0,1,1,1,1,1,0,1-8 hours,0,0,0,0,0,1,1,0,0,0,0,0,0,0,0,0,0,1,0,NA,NA,NA,NA,NA,1,1,0,0,0,0,0,1,0,0,FALSE,0,FALSE,1,1,0,0,1,0,0,More understanding that I might need some more leniency in my responsibilities,Parent,Female,55,Long-term physical condition,NA,Lives in their own home,NA,2,1,1,1,3,1,2,1,1,2,1,2,1,2,1,1,1,1,2,2,1,1,1,2,1,1,1,1,0,0,0,0,1,1,0,0,0,1,0,0,1,0,0,0,0,0,0,0,0,NA,5,0,0,1,1,1,1,1,1,1,1,0,0,1,1,1,1,0,0,NA,6,2,1,Local Chapter of the Rotary Club,7,3,3,3,3,3,3,3,3,3,5,3,3,4,3,4,4,2,2,6,6,5,6,6,5,5,6,5,5,6,5,2,1,2,1,1,1,1,1,1,1,1,1,4,2,2,4,2,2,NA,NA,NA,NA,1,NA,0,0,2,3,1,2,ORANGE,0,0,0,0,0,0,1,0,0,0,0,0,0,0,0,0,1,0,0,0,0,0,0,1,1,0,0,1,1,6,5,5,5,6,5,4,6,6,4,3,2,4,2,2,4,4,2,5,2,3,4,2,2,2,2,1,2,2,1,2,1,1,0,3,6,Probable AUD,1.1666666666666667,1.6666666666666667,1,1,1,4,3,2,2,4,3,2,2,3,2,3,2,4,2,2.6666666666666665,2.6666666666666665,6,2,0,14,27,13,28,24,4.666666666666666,5.5,5.75,5.75,5,0,0,1,1,1,3
2.192982456140351,-0.989630807501944,0.7251171135382227,9,2025-07-23T18:36:44Z,2025-07-23T18:42:48Z,100,363,1,2025-07-29T21:49:28Z,R_1WJzmN7Y62ifd3r,anonymous,1,1,1,0,0,1,51,Male,0,0,0,0,0,0,1,0,Disabled or retired and not looking,"$50,000 - $99,999",Less than high school degree,75704,1,0,Married or living with a partner,Atheist/Agnostic,Once or twice a year,0,NA,NA,NA,NA,NA,NA,NA,Cirnna,3 to 7 years,0,0,1,0,0,0,0,0,0,1,0,0,0,0,0,1-8 hours,0,0,0,1,0,0,0,1,0,0,0,0,0,0,0,0,0,0,0,NA,NA,NA,NA,NA,0,0,1,0,0,0,0,0,0,0,FALSE,0,FALSE,0,0,0,1,0,0,0,Ok,Sibling,Male,1,Emotional or mental health issue,NA,Lives in someone else's home,NA,2,3,3,2,2,4,3,3,3,3,2,3,3,3,2,3,3,3,3,3,3,3,3,2,3,2,3,3,0,0,0,1,0,0,0,0,0,0,0,0,0,0,0,0,0,0,1,0,0,NA,2,0,0,0,0,0,0,0,1,0,0,0,0,0,0,0,0,0,0,NA,6,2,0,NA,6,2,3,3,3,4,4,4,3,2,5,4,4,4,4,4,5,5,4,4,3,3,4,4,4,4,4,4,4,4,4,3,3,3,4,3,4,3,4,3,3,4,3,3,3,2,NA,NA,NA,NA,NA,NA,NA,NA,NA,0,0,1,4,2,3,ORANGE,0,0,0,0,0,0,2,1,0,2,1,3,2,2,2,2,2,1,1,1,2,2,2,2,2,2,2,2,1,3,3,3,3,3,4,4,4,4,4,5,4,5,5,5,4,3,3,5,5,6,5,5,4,2,3,3,3,3,3,3,2,1,0,2.888888888888889,9,Probable AUD,3.3333333333333335,3,3.6666666666666665,3.3333333333333335,3.3333333333333335,5,6,6,4,4,6,7,6,6,5,6,6,5,6,NA,2.6666666666666665,26,26,20,31,33,22,17,18,3.666666666666667,3.8333333333333335,3.75,3.75,4,0,0,1,0,1,2
1.3020833333333333,-0.9365618020492528,0.5881813849385563,5,2025-07-23T17:59:46Z,2025-07-23T18:43:39Z,100,2633,1,2025-07-31T21:38:27Z,R_1TZak85NwfZfxJb,anonymous,1,1,0,1,2,1,29,Female,0,0,1,0,0,0,0,0,Full Time,"$50,000 - $99,999",Associate's degree,75001,2,0,Married or living with a partner,Christian,Every month,0,NA,NA,NA,NA,NA,NA,NA,axa,3 to 7 years,1,0,1,1,0,0,0,0,0,1,0,1,0,0,0,1-8 hours,1,1,0,0,0,0,0,1,0,0,0,0,0,0,0,0,1,1,0,NA,NA,NA,NA,NA,1,1,0,1,0,0,0,1,1,0,FALSE,0,FALSE,0,1,0,0,1,0,0,they could do a lot better,Spouse,Male,35,Short-term physical condition,NA,Lives with me,NA,3,3,2,3,4,1,1,3,4,2,2,4,3,2,2,2,4,3,1,1,4,3,3,2,2,2,4,3,0,1,1,0,0,1,0,0,0,0,1,0,0,0,0,0,0,0,1,0,0,NA,6,1,0,0,1,0,1,0,0,0,0,0,0,0,0,0,0,0,0,NA,8,2,1,the black society,8,4,2,3,5,4,3,5,4,3,6,7,4,5,7,5,7,6,2,5,6,6,7,7,6,6,5,7,6,6,4,4,4,4,5,3,5,4,4,3,5,4,4,4,4,4,3,5,4,1,1,NA,NA,NA,NA,0,1,5,4,1,3,ORANGE,1,1,1,0,1,1,1,3,2,3,1,3,2,3,2,3,3,2,3,2,3,2,3,2,3,2,2,3,1,7,6,5,4,4,5,7,5,3,6,6,5,6,6,5,6,7,6,6,7,6,6,7,5,3,3,4,2,2,3,4,3,0,1,2.3333333333333335,8,Probable AUD,4.083333333333333,4,4.333333333333333,3.6666666666666665,4.333333333333333,4,4,5,5,6,5,3,8,8,5,4,6,3,7,4,4,32,36,32,41,43,24,23,29,2.5555555555555554,5.916666666666667,6,6,5.75,4,1,2,1,1,3
1.2019230769230769,-0.924449255588684,0.7593826959774561,3,2025-07-23T18:35:54Z,2025-07-23T18:43:54Z,100,479,1,2025-07-31T21:38:27Z,R_5NFj9xkff5IlsqX,anonymous,1,1,1,1,1,1,22,Male,0,0,1,0,0,0,0,0,Full Time,"$50,000 - $99,999",High school diploma or equivalent,11208,0,2,Never married,Christian,Never,0,NA,NA,NA,NA,NA,NA,NA,Cna,3 to 7 years,1,0,1,0,1,1,0,1,1,1,0,0,1,0,0,21-40 hours,0,1,0,0,0,0,1,0,0,1,0,1,0,0,0,0,1,0,0,NA,NA,NA,NA,NA,0,0,1,0,1,0,1,1,0,0,FALSE,0,FALSE,1,1,0,0,1,0,0,By being better person g,Spouse,Male,23,Long-term physical condition,NA,Lives with me,NA,1,2,3,4,2,4,3,4,1,2,2,1,1,1,2,1,2,3,2,1,2,2,1,3,2,1,2,1,0,1,1,0,1,1,0,0,1,1,1,0,1,1,1,0,0,0,0,0,0,NA,2,0,1,1,1,1,0,0,1,1,1,0,0,1,1,1,1,0,0,NA,8,1,1,2,8,5,1,2,1,3,3,2,1,3,7,6,7,6,7,6,5,6,7,5,5,5,7,7,5,7,5,6,7,7,7,4,5,3,5,5,3,1,4,3,2,5,3,5,3,5,5,3,4,1,1,NA,1,NA,NA,0,0,4,4,5,4,ORANGE,1,1,1,0,0,0,2,3,2,3,1,2,3,3,0,0,1,0,2,1,0,0,0,1,0,0,1,3,1,5,1,4,5,6,6,5,3,2,7,5,6,7,7,4,2,4,3,4,3,6,5,1,2,4,3,4,4,2,1,3,4,1,0,3.6666666666666665,13,Probable AUD,3.5833333333333335,4,4.333333333333333,2.6666666666666665,3.3333333333333335,3,5,7,6,4,3,5,3,3,2,3,4,4,4,4,4.333333333333333,20,18,12,26,33,25,24,20,1.666666666666667,6.083333333333333,6,6,6.25,2,0,2,1,1,3
1.358695652173913,-0.8884653996923064,0.6687831940589156,4,2025-07-23T18:36:27Z,2025-07-23T18:44:13Z,100,465,1,2025-07-23T18:44:13Z,R_589b9yRk5ds1R5L,anonymous,1,1,2,0,0,1,38,Male,0,0,1,0,0,0,0,0,Full Time,"$50,000 - $99,999",Associate's degree,21078,1,0,Married or living with a partner,Christian,Once or twice a year,0,NA,NA,NA,NA,NA,NA,NA,Blue cross blue shield,3 to 7 years,1,1,0,1,1,0,0,0,0,0,0,1,1,1,0,9-20 hours,0,1,0,0,0,0,0,0,1,0,0,0,0,0,0,0,1,1,0,NA,NA,NA,NA,NA,0,0,0,0,0,1,0,0,0,0,FALSE,0,FALSE,0,0,0,1,0,0,0,Pay more money,Grandpartent,Female,88,Long-term physical condition,NA,Lives in someone else's home,NA,2,3,2,2,3,4,3,3,3,2,3,3,4,2,2,4,2,3,4,4,3,2,3,4,3,3,2,2,0,0,0,0,0,0,0,0,0,0,0,0,0,0,0,0,0,0,1,0,0,NA,6,0,0,0,0,1,0,0,0,0,1,0,0,1,0,1,1,0,0,NA,9,1,0,NA,7,1,2,3,1,2,3,5,3,1,5,4,4,5,5,6,5,4,7,7,5,6,7,5,6,5,5,7,5,6,5,4,2,3,3,3,3,4,4,5,4,5,5,3,5,3,2,5,4,NA,NA,1,NA,NA,NA,0,0,2,4,3,3,ORANGE,0,0,0,0,0,0,2,1,0,0,0,0,3,1,1,1,1,0,2,1,1,2,2,1,1,2,2,1,1,7,5,3,3,3,6,5,2,5,3,6,5,5,2,2,3,3,5,6,6,5,4,2,5,4,2,2,2,1,2,2,1,1,0,3.6666666666666665,10,Probable AUD,3.75,3,3,4.333333333333333,4.666666666666667,6,6,5,5,5,5,8,6,5,7,5,5,8,4,3.6666666666666665,3.6666666666666665,12,18,18,27,32,16,24,18,3,5.75,5.5,6,5.75,0,0,2,1,1,3
1.3020833333333333,-0.9572258125026101,0.7403865400227811,10,2025-07-23T18:36:01Z,2025-07-23T18:44:45Z,100,524,1,2025-07-31T21:38:27Z,R_7QDmcciFEOYGMw3,anonymous,1,1,2,1,2,1,47,Male,0,0,0,0,0,0,1,0,Full Time,"$50,000 - $99,999",Associate's degree,07060,0,0,Never married,Christian,Weekly,0,NA,NA,NA,NA,NA,NA,NA,wellpoint,3 to 7 years,1,0,1,1,1,0,0,0,1,1,1,1,1,1,0,21-40 hours,1,0,0,1,1,0,0,1,1,0,1,0,0,0,0,0,1,1,0,NA,NA,NA,NA,NA,0,1,1,1,0,1,0,1,0,0,FALSE,0,FALSE,1,0,1,0,1,0,0,provide more social services,Parent,Male,65,Emotional or mental health issue,NA,Independent living or retirement community,NA,2,1,2,1,2,3,3,3,2,3,3,3,3,2,3,3,3,1,3,2,2,4,2,1,3,1,1,2,0,1,0,0,1,0,0,0,1,0,0,0,1,0,0,1,0,0,0,0,0,NA,7,0,1,0,1,1,0,1,0,0,1,0,0,0,1,1,1,0,0,NA,7,2,1,furries,7,1,3,2,5,5,3,5,4,3,7,7,7,7,7,7,7,7,7,7,5,6,7,6,5,7,6,7,6,7,5,5,3,4,4,3,4,5,4,3,5,4,3,5,4,5,5,4,5,1,NA,NA,1,1,NA,1,1,5,3,3,5,ORANGE,1,0,0,1,0,0,3,2,2,3,2,1,3,2,3,2,3,2,3,2,3,3,2,3,2,2,3,4,1,6,6,7,4,6,4,5,7,2,7,7,7,5,5,7,5,6,6,7,7,6,6,5,6,4,3,2,4,3,4,3,4,1,0,2.5555555555555554,11,Probable AUD,3.9166666666666665,4,3.6666666666666665,4,4,5,4,5,4,5,5,6,4,6,4,5,3,3,5,4.666666666666667,4.666666666666667,32,36,34,43,42,27,22,32,1,6.166666666666667,6,6.5,6,1,0,4,1,1,3
1.6891891891891893,-0.9691337246410862,0.8480876473882202,12,2025-07-23T18:23:12Z,2025-07-23T18:45:51Z,100,1358,1,2025-07-31T21:38:27Z,R_5cBEQKc0ClNVs5Y,anonymous,1,1,2,1,1,1,30,Male,0,0,1,0,0,0,0,0,Full Time,"$100,000 - $149,999",Associate's degree,33612,1,0,Married or living with a partner,Christian,Weekly,0,NA,NA,NA,NA,NA,NA,NA,31,1 to 3 years,1,0,1,1,1,1,0,0,1,1,0,1,1,1,0,9-20 hours,0,0,0,0,0,1,1,0,0,0,0,0,0,0,0,0,1,1,0,NA,NA,NA,NA,NA,0,1,0,0,0,0,0,0,1,0,FALSE,0,FALSE,0,1,0,0,1,0,0,Give help and support,Grandpartent,Male,86,Long-term physical condition,NA,Lives in their own home,NA,4,3,2,1,2,1,3,2,2,3,1,3,1,3,3,1,3,1,3,3,1,3,3,4,3,1,3,1,0,0,0,0,1,0,0,0,1,0,0,0,0,0,0,0,0,0,0,0,0,NA,5,0,0,0,1,1,1,0,1,1,1,0,1,1,1,1,1,0,0,NA,9,2,1,Sports,9,2,2,2,3,2,2,1,1,1,2,1,6,6,4,2,6,2,2,5,5,6,6,5,6,7,7,6,7,5,6,3,2,3,4,4,3,4,2,3,2,2,2,3,4,4,4,4,4,1,1,NA,NA,NA,NA,0,0,2,3,5,2,ORANGE,0,0,0,1,1,0,3,2,1,1,1,1,1,1,1,2,2,2,2,2,2,2,2,2,2,2,2,1,1,4,5,6,4,4,4,6,6,4,5,5,4,6,4,5,6,6,3,6,3,6,5,3,3,3,2,2,3,3,1,3,1,1,0,4.222222222222222,10,Probable AUD,2.8333333333333335,2.6666666666666665,3.6666666666666665,3,2,7,6,4,2,5,6,2,3,6,2,6,2,7,6,4,3.6666666666666665,26,22,24,25,40,18,20,28,4.555555555555555,5.916666666666667,5.5,6,6.25,2,0,3,1,1,3
1.6666666666666667,-0.9093013941861433,0.8891469755615207,8,2025-07-23T18:36:45Z,2025-07-23T18:46:48Z,100,603,1,2025-07-31T21:38:27Z,R_31FICks1XTgEjfl,anonymous,1,1,1,0,0,1,24,Female,0,0,0,0,0,0,1,0,Part Time,"$50,000 - $99,999",Associate's degree,27410,0,0,Married or living with a partner,Atheist/Agnostic,Never,0,NA,NA,NA,NA,NA,NA,NA,Blue Cross Blue Shield,1 to 3 years,1,0,1,1,1,1,0,0,1,1,0,1,1,1,0,21-40 hours,0,0,0,0,0,1,0,1,0,0,0,0,0,0,0,0,0,1,0,NA,NA,NA,NA,NA,1,1,0,1,0,0,0,1,1,0,FALSE,0,FALSE,1,1,0,0,1,0,0,"People in my community can better support me as a caregiver by creating the infrastructure for allowances for people who are caregivers. There are allowances in place for people who are sick in work and school and everywhere else, and I think caregivers deserve some of these same allowances.",Grandpartent,Female,84,Long-term physical condition,NA,Lives with me,NA,3,4,1,1,4,1,4,2,3,4,1,3,3,4,4,1,4,3,2,4,3,1,4,3,4,3,1,2,0,0,0,0,0,1,0,0,0,0,0,0,0,0,0,0,0,0,1,0,0,NA,7,0,0,1,1,1,0,0,1,1,1,0,1,0,0,1,0,0,0,NA,5,2,0,NA,6,3,3,1,1,2,1,1,1,1,1,1,7,7,1,1,6,2,2,7,7,5,5,7,6,6,5,6,7,5,6,2,3,3,3,1,1,2,1,3,3,3,3,2,5,2,4,2,4,1,NA,NA,NA,NA,NA,0,0,3,2,2,2,ORANGE,1,0,1,1,1,1,2,2,1,1,2,2,2,2,2,1,1,1,1,1,1,0,0,2,1,1,0,1,1,7,5,3,7,7,7,3,3,7,3,7,2,6,5,5,2,7,1,7,1,6,7,3,3,1,1,1,1,1,1,1,1,0,1,4.444444444444445,6,Probable AUD,2.3333333333333335,2.6666666666666665,1.6666666666666667,2,3,5,8,3,2,8,8,2,6,7,6,8,5,7,2,3.3333333333333335,3,22,20,10,20,42,8,35,17,4.888888888888889,6,7,5,6,4,1,1,1,1,3
1.644736842105263,-0.9209405222362848,0.5596736773219579,6,2025-07-23T18:35:48Z,2025-07-23T18:47:49Z,100,720,1,2025-07-23T18:47:49Z,R_5liQWxZyijegPGL,anonymous,1,1,1,1,1,1,26,Male,0,0,1,0,0,0,0,0,Full Time,"$50,000 - $99,999",Associate's degree,33311,1,0,Never married,Atheist/Agnostic,Weekly,0,NA,NA,NA,NA,NA,NA,NA,Florida blue,8 to 12 years,1,1,1,1,1,0,0,1,1,1,1,1,1,0,0,40+ hours,0,1,1,0,0,0,1,1,0,0,0,0,0,0,0,0,1,1,0,NA,NA,NA,NA,NA,0,0,0,1,0,1,1,0,0,0,FALSE,0,FALSE,1,0,1,1,0,1,0,A tax break,Child,Male,11,Behavioral issues,NA,Lives with me,NA,4,3,3,2,2,3,3,1,2,4,3,3,2,3,4,3,3,4,3,3,3,3,3,3,3,3,3,3,0,0,0,0,0,0,0,0,0,0,0,0,1,1,0,0,0,0,0,0,0,NA,4,0,0,1,0,1,0,0,0,0,1,0,0,1,0,0,0,0,0,NA,6,2,0,NA,6,2,3,2,2,4,4,4,3,3,5,5,4,3,4,4,5,5,6,5,5,5,5,4,4,4,4,4,4,3,4,4,4,3,2,4,4,4,3,2,3,3,3,4,4,5,2,4,3,1,NA,NA,NA,NA,NA,0,0,4,4,4,2,ORANGE,0,0,0,1,0,0,3,2,3,0,3,3,2,3,1,2,1,1,2,1,0,3,2,2,2,2,1,3,1,5,6,7,6,5,5,4,3,3,5,5,5,5,4,3,5,5,6,5,7,4,6,5,4,3,3,1,1,3,3,3,2,1,0,3,10,Probable AUD,3.25,3.6666666666666665,3.3333333333333335,3,3,7,6,4,5,6,7,6,5,6,5,6,7,6,6,3,4.333333333333333,28,18,32,34,35,19,24,25,3.4444444444444446,4.25,4.5,4.25,4,1,0,2,1,1,3
1.4367816091954022,-0.9796182409367385,0.8220949646464772,6,2025-07-23T18:35:56Z,2025-07-23T18:48:14Z,100,737,1,2025-07-23T18:48:14Z,R_5JKHLPMimf8cgm0,anonymous,1,0,0,1,1,1,25,Male,0,0,1,0,0,0,0,0,Full Time,"$20,000 - $49,999",Some college,77396,0,3,Never married,Christian,Every month,0,NA,NA,NA,NA,NA,NA,NA,Blue cross,1 to 3 years,1,0,1,1,1,0,0,0,0,1,1,0,1,1,0,1-8 hours,0,0,1,0,1,0,0,1,0,0,0,1,0,1,0,0,1,0,1,2,3,2,2,2,0,0,1,0,0,1,0,0,1,0,FALSE,0,FALSE,0,1,0,0,1,1,0,They should start a donation,Friend,Female,75,Long-term physical condition,NA,Independent living or retirement community,NA,4,3,4,3,4,4,3,4,3,3,4,3,4,3,4,3,4,3,3,3,3,4,3,4,3,3,3,4,0,1,0,0,1,1,0,0,1,1,0,0,0,0,0,0,0,0,1,0,0,NA,9,0,0,0,1,1,0,0,0,0,1,0,0,0,1,1,1,0,0,NA,9,2,0,NA,4,2,2,1,1,1,2,3,1,2,7,6,6,6,7,6,6,7,6,7,6,7,6,6,7,6,7,6,5,7,7,4,4,2,1,2,4,1,2,2,3,2,2,4,5,3,4,5,5,NA,1,NA,NA,1,NA,1,0,3,3,3,4,ORANGE,0,0,0,0,0,0,2,2,2,1,2,2,2,2,2,2,1,2,2,1,2,1,1,2,1,2,1,2,1,4,5,6,5,5,3,5,6,4,5,6,5,4,5,5,6,6,5,5,5,6,6,6,6,3,3,3,4,3,2,3,2,1,0,4.333333333333333,10,Probable AUD,2.4166666666666665,3.3333333333333335,2.3333333333333335,1.6666666666666667,2.3333333333333335,7,6,8,7,8,6,7,6,7,7,6,7,7,7,4.666666666666667,4,24,24,22,37,39,23,21,27,1.666666666666667,6.416666666666667,6,6.75,6.5,0,0,1,1,1,3
1.4705882352941178,-0.9915889212306943,0.8821262417987035,6,2025-07-23T18:35:53Z,2025-07-23T18:49:13Z,100,799,1,2025-07-31T21:38:27Z,R_3drXP8n6FQd2hZ7,anonymous,1,1,1,1,1,1,23,Male,0,0,0,1,0,0,1,0,Full Time,"$50,000 - $99,999",Associate's degree,29585,2,0,Married or living with a partner,Christian,Weekly,0,NA,NA,NA,NA,NA,NA,NA,USAA,3 to 7 years,1,0,1,1,1,1,0,1,0,1,0,1,1,1,0,9-20 hours,0,0,0,0,0,1,0,0,0,0,0,0,0,0,1,0,1,1,1,2,3,3,3,1,1,1,0,1,0,0,0,1,0,0,FALSE,0,FALSE,1,1,1,0,0,0,0,They can make donations to those who are aging and in need of assistance from a caregiver,Other family member,Male,88,Long-term physical condition,NA,Lives in their own home,NA,2,2,1,1,4,1,3,1,2,4,1,4,2,3,4,1,4,3,4,3,1,4,4,3,4,2,4,3,0,1,1,0,1,0,0,0,1,1,0,0,1,0,0,1,0,0,1,0,0,NA,7,0,0,0,0,1,1,0,0,1,1,0,0,1,1,1,0,0,0,NA,7,1,1,2,8,2,3,1,2,2,1,1,1,1,1,2,6,7,1,2,6,1,1,6,7,7,6,7,6,6,7,7,6,7,7,2,2,2,1,1,1,1,1,1,2,2,2,2,1,1,4,2,1,1,1,NA,1,NA,NA,1,1,3,2,1,2,ORANGE,1,1,1,0,0,0,1,0,0,1,1,1,1,2,0,1,1,1,2,1,1,0,0,0,0,1,1,1,1,5,7,7,5,6,4,6,7,6,7,6,2,7,3,4,3,7,4,7,3,5,5,2,3,2,3,1,3,4,1,3,1,1,0,4.444444444444445,5,Probable AUD,1.5,2,1,1,2,6,5,2,2,8,8,2,3,8,4,7,6,6,8,2.3333333333333335,1.3333333333333333,14,8,10,21,40,18,26,34,5,6.583333333333333,6.5,6.75,6.5,2,0,2,1,1,3
1.9230769230769231,-0.988201067871882,0.9710102959209215,8,2025-07-23T18:35:53Z,2025-07-23T18:49:29Z,100,816,1,2025-07-23T18:49:29Z,R_36rSeL2uUxVU0N3,anonymous,1,1,2,0,0,1,46,Male,1,0,0,0,0,0,0,0,Full Time,"$50,000 - $99,999",High school diploma or equivalent,86406,0,0,Divorced/Separated,Christian,Once or twice a year,0,NA,NA,NA,NA,NA,NA,NA,Blue Cross,3 to 7 years,0,0,1,1,1,1,0,1,1,1,1,1,1,1,0,9-20 hours,0,0,0,0,0,1,1,0,0,0,0,0,0,0,0,0,1,1,0,NA,NA,NA,NA,NA,0,1,0,0,1,0,0,0,0,0,FALSE,0,FALSE,0,1,0,0,0,0,0,I think simply having more understanding and compassion.   My employer understands and allows me the freedom to take care of my loved ones during the twilight of their life.,Parent,Male,83,Long-term physical condition,NA,Lives in their own home,NA,3,1,2,1,3,1,1,1,1,3,1,4,1,2,3,1,4,2,2,4,2,2,3,4,2,1,2,1,0,1,0,0,0,0,0,0,0,1,0,0,0,0,1,0,0,0,0,0,0,NA,6,0,0,0,1,1,0,0,0,1,0,0,0,0,0,1,1,0,0,NA,6,1,0,NA,7,3,4,2,2,2,1,2,2,2,3,1,7,7,2,2,7,2,2,7,7,7,7,7,6,6,7,7,7,7,7,2,2,2,1,1,1,1,1,1,2,2,2,4,4,3,2,2,2,1,NA,NA,NA,1,NA,0,0,2,3,2,2,ORANGE,0,0,0,0,0,0,1,0,0,0,1,0,0,0,0,0,0,0,1,0,0,0,0,0,0,0,0,1,1,5,6,6,5,6,6,5,4,6,5,5,1,7,2,2,5,7,1,7,1,6,6,1,1,2,2,1,1,2,1,1,1,1,0,3.7777777777777777,7,Probable AUD,1.5,2,1,1,2,5,2,3,2,6,6,2,3,8,2,4,3,8,4,2,3.6666666666666665,2,0,4,9,43,11,28,26,4.333333333333334,6.833333333333333,7,7,6.5,0,0,2,1,1,3
2.6595744680851063,-0.9902784786242469,0.8368302766125468,14,2025-07-23T18:36:34Z,2025-07-23T18:51:05Z,100,870,1,2025-07-31T21:38:27Z,R_631q4wJB8HQIAP7,anonymous,1,1,1,0,0,1,34,Male,0,0,0,1,0,0,1,0,Full Time,"$50,000 - $99,999",High school diploma or equivalent,33909,1,0,Married or living with a partner,Christian,Once or twice a year,0,NA,NA,NA,NA,NA,NA,NA,Florida blue,3 to 7 years,1,0,1,1,1,1,0,1,0,1,0,1,1,1,0,9-20 hours,1,0,0,0,0,0,1,0,0,0,0,0,0,0,0,0,0,0,0,NA,NA,NA,NA,NA,0,0,0,0,0,0,0,0,1,0,FALSE,0,FALSE,0,1,0,0,1,0,0,Make it easier for the person getting care,Parent,Male,70,Long-term physical condition,NA,Lives in their own home,NA,2,3,2,2,2,1,3,2,1,3,2,2,2,2,2,2,2,2,2,2,2,2,2,2,2,2,2,3,0,0,0,0,0,0,0,0,1,0,0,0,1,0,0,0,0,0,0,0,0,NA,3,0,0,0,1,1,1,0,0,0,1,0,0,0,1,1,0,0,0,NA,4,2,1,Nextdoor,3,3,4,2,2,2,2,2,2,2,4,4,5,4,4,4,5,4,5,3,3,4,4,4,3,4,4,5,5,4,5,2,2,2,2,2,2,2,2,2,3,3,2,3,3,3,3,3,3,1,NA,NA,NA,NA,NA,0,0,2,4,2,3,ORANGE,0,0,0,0,0,0,1,1,1,1,1,1,1,1,1,1,1,1,1,1,0,1,1,1,1,1,0,2,1,5,5,5,5,5,5,5,5,5,5,6,3,5,3,4,4,6,3,5,2,5,4,2,2,1,1,1,1,2,1,1,1,1,0,3.6666666666666665,9,Probable AUD,2.1666666666666665,2,2,2,2.6666666666666665,4,6,4,4,4,5,3,3,4,4,4,5,4,4,3,3,14,12,12,19,35,9,25,25,3.666666666666667,4,3.75,4,4.25,0,0,1,1,1,3
1.8115942028985508,-0.9849049533775082,0.8556025309484178,10,2025-07-23T18:36:37Z,2025-07-23T18:51:15Z,100,878,1,2025-07-31T21:38:27Z,R_1PsZQ7ZzVF37Uoc,anonymous,1,1,3,0,0,1,25,Female,0,0,0,0,0,0,1,0,Unemployed and looking,"$20,000 - $49,999",Less than high school degree,29301,0,4,Never married,Christian,Never,0,NA,NA,NA,NA,NA,NA,NA,Spartanburg regional,3 to 7 years,0,0,0,0,0,0,1,0,0,0,0,0,0,0,1,Less than 1 hour,0,0,0,0,0,1,0,0,0,0,0,0,0,0,0,1,0,0,0,NA,NA,NA,NA,NA,1,0,0,0,0,0,0,0,0,0,FALSE,0,FALSE,0,1,0,0,0,0,0,"I help sometimes take care of my sister she has postral orthostatic tachycardia syndrome, it would help it if was more widely known",Sibling,Female,27,Long-term physical condition,NA,Lives with me,NA,1,3,1,1,3,1,4,1,1,1,1,3,1,1,3,1,3,1,3,3,2,4,2,3,1,1,4,1,0,0,0,0,0,0,0,0,1,0,0,0,0,0,0,0,0,0,0,0,0,NA,4,0,0,0,0,1,0,0,1,0,0,0,0,0,0,1,0,0,0,NA,6,2,0,NA,4,3,5,5,4,4,5,4,4,1,1,1,7,7,1,1,5,1,1,7,7,7,7,7,4,4,7,4,7,7,4,2,2,2,1,1,1,2,2,2,2,2,2,1,1,1,NA,NA,NA,NA,NA,NA,NA,NA,NA,0,0,4,1,1,1,ORANGE,0,0,1,0,1,0,1,0,0,2,1,1,3,3,0,0,0,1,0,0,2,0,0,0,0,1,0,1,1,7,7,7,7,7,7,7,7,7,7,3,3,4,4,3,4,6,1,7,1,7,7,3,1,2,2,1,1,3,1,3,1,0,1,2.111111111111111,3,Probable AUD,1.75,2,1,2,2,4,7,2,2,6,3,2,3,6,2,2,2,6,8,NA,1,12,16,2,16,38,14,35,35,5.222222222222222,6,7,7,4,2,0,3,1,1,3
1.4534883720930232,-0.9655603971003648,0.8430376169787435,6,2025-07-23T18:36:44Z,2025-07-23T18:53:47Z,100,1022,1,2025-07-23T18:53:47Z,R_3gL2eZXLlbNYd2R,anonymous,1,1,2,1,1,1,51,Female,0,0,0,0,0,0,1,0,Full Time,"$50,000 - $99,999",Some college,45504,1,0,Divorced/Separated,Christian,Every month,0,NA,NA,NA,NA,NA,NA,NA,Aetna,3 to 7 years,1,1,1,1,1,1,0,1,1,1,1,1,1,1,0,21-40 hours,1,0,1,1,0,0,1,1,0,0,1,0,0,0,0,0,0,0,1,2,1,1,3,2,0,1,1,0,1,1,1,0,1,0,FALSE,0,FALSE,1,0,0,1,1,1,0,If they can spend a little time listening and just being supportive.,Parent,Male,76,Memory problems,NA,Lives in their own home,NA,3,4,2,2,2,2,3,1,2,3,2,3,1,2,2,1,3,4,3,3,2,3,2,3,2,1,3,2,0,0,1,0,0,0,0,0,0,0,0,1,1,0,1,0,0,0,1,0,0,NA,4,0,0,0,1,1,0,0,1,0,1,0,0,0,1,1,1,0,0,NA,7,2,1,Church outreach,6,3,4,4,2,2,2,2,1,2,1,1,6,7,2,3,6,2,2,6,6,5,5,6,6,6,5,5,6,4,5,4,3,3,3,2,2,2,2,2,2,3,2,4,5,3,4,5,2,1,1,NA,NA,1,NA,0,0,3,4,1,3,ORANGE,1,1,1,0,0,0,1,0,0,1,1,1,0,1,0,0,1,1,0,1,0,0,0,1,1,0,0,1,1,6,7,6,5,6,5,5,6,7,6,6,1,6,2,2,3,6,4,7,1,5,6,2,4,3,4,2,2,3,1,1,1,0,1,3.5555555555555554,8,Probable AUD,2.5,3.3333333333333335,2.3333333333333335,2,2.3333333333333335,6,7,3,4,4,5,3,4,6,2,4,6,6,6,3.6666666666666665,4,14,4,2,16,39,17,29,30,4.666666666666666,5.416666666666667,6,4.75,5.5,2,0,3,1,1,3
1.050420168067227,-0.9146822711699034,0.6733815960501255,3,2025-07-23T18:36:28Z,2025-07-23T18:54:49Z,100,1100,1,2025-07-31T21:38:27Z,R_5jT7BGcnQ1CQXPH,anonymous,1,1,1,1,0,1,23,Male,0,0,0,0,0,0,1,0,Full Time,"< $10,000",Less than high school degree,39828,0,1,Never married,Christian,Every month,0,NA,NA,NA,NA,NA,NA,NA,Not sure,1 to 3 years,1,0,0,0,1,0,0,1,0,0,0,1,0,0,0,1-8 hours,0,0,0,0,0,1,0,1,0,0,0,0,0,0,0,0,1,0,0,NA,NA,NA,NA,NA,0,0,1,0,0,1,1,0,0,0,FALSE,0,FALSE,1,0,0,1,0,1,0,Not sure,Other family member,Male,80,Short-term physical condition,NA,Independent living or retirement community,NA,1,2,3,2,4,2,3,4,2,3,2,3,4,2,3,2,3,2,4,2,3,2,3,2,3,4,2,3,0,0,0,0,1,1,0,0,0,0,0,0,0,0,0,0,0,0,0,0,0,NA,9,0,0,0,1,1,0,0,0,0,1,0,0,0,0,0,0,0,0,NA,9,1,1,Not sure,8,3,4,2,4,3,4,5,3,4,4,5,7,4,5,6,7,4,6,4,5,4,3,5,4,5,6,7,5,6,5,3,3,4,5,3,2,3,4,5,2,3,4,3,4,3,3,4,5,1,1,NA,NA,1,NA,0,0,3,3,4,1,ORANGE,0,1,0,0,1,0,3,2,1,2,3,1,2,0,1,2,1,2,3,1,0,1,2,0,1,2,1,2,1,4,5,5,5,3,5,3,6,1,6,3,4,5,6,7,4,5,6,7,4,5,3,4,6,1,2,3,4,2,3,4,2,1,0,2.4444444444444446,8,Probable AUD,3.4166666666666665,3.3333333333333335,3.3333333333333335,4,3,5,5,7,4,7,6,4,5,6,8,5,5,4,4,4,3.3333333333333335,16,20,26,37,32,21,18,25,2.666666666666667,4.916666666666667,4.75,4.75,5.25,2,0,1,1,1,3
1.4367816091954022,-0.92246025728426,0.5667081355298078,5,2025-07-23T18:23:15Z,2025-07-23T18:55:48Z,100,1953,1,2025-07-23T18:55:49Z,R_5fWeOF9rTfV5mH7,anonymous,1,1,3,0,0,1,50,Male,0,0,0,0,0,0,1,0,Unemployed and looking,"< $10,000",High school diploma or equivalent,44126,1,2,Divorced/Separated,Other,Never,0,NA,NA,NA,NA,NA,NA,NA,Buckeye,1 to 3 years,0,1,1,1,1,1,0,0,1,1,1,1,1,1,0,40+ hours,0,1,0,1,0,0,0,0,0,0,0,0,0,0,0,1,0,0,0,NA,NA,NA,NA,NA,1,1,1,0,1,0,0,1,1,0,FALSE,0,FALSE,1,1,1,0,0,0,0,Not limit receiving pay as a caregiver to only people who are on medicaid,Parent,Female,76,Long-term physical condition,NA,Lives with me,NA,1,2,3,4,2,2,3,4,2,2,3,2,1,4,2,1,1,1,1,2,2,1,2,3,4,1,2,1,0,1,0,0,1,0,0,0,0,1,0,0,0,1,0,0,0,1,0,0,0,NA,3,0,0,0,1,1,0,0,1,1,0,0,0,0,0,1,1,0,0,NA,7,1,0,NA,1,3,3,2,2,3,2,3,2,1,2,4,7,4,3,1,6,3,1,4,4,5,5,5,5,4,5,4,5,5,4,5,4,4,3,2,1,2,1,3,4,5,2,3,3,3,NA,NA,NA,NA,NA,NA,NA,NA,NA,1,1,5,2,1,1,ORANGE,1,1,1,0,1,0,1,1,3,1,2,2,1,2,3,3,2,1,3,2,3,3,2,1,1,1,2,2,1,4,5,5,1,1,2,5,5,2,6,2,6,4,4,4,4,4,5,4,4,4,2,5,5,2,2,2,3,3,2,2,1,1,0,3.6666666666666665,4,Probable AUD,3,4.333333333333333,2,2,3.6666666666666665,2,5,7,7,4,4,3,4,3,2,8,2,5,3,NA,3,22,22,36,33,24,17,10,26,4.555555555555555,4.583333333333333,4.5,5,4.25,3,0,3,1,1,3
1.6025641025641026,-0.9893200815141171,0.9347291436917584,10,2025-07-23T18:36:33Z,2025-07-23T18:59:52Z,100,1398,1,2025-07-31T21:38:27Z,R_10wxQ6NJhGlIDGk,anonymous,1,0,0,1,1,1,29,Female,0,0,0,1,0,0,1,0,"Not working, not looking","$50,000 - $99,999",Less than high school degree,17512,3,0,Married or living with a partner,Christian,Never,0,NA,NA,NA,NA,NA,NA,NA,Amerihealth Caritas,1 to 3 years,1,0,1,1,0,0,0,1,1,0,0,1,0,0,0,40+ hours,0,0,0,0,0,1,0,0,0,0,0,0,0,0,0,1,0,0,0,NA,NA,NA,NA,NA,0,1,0,0,0,0,0,0,1,0,FALSE,0,FALSE,1,1,0,0,0,0,0,There's nothing people in my community can do better. Things are good as is,Child,Male,3,Developmental or intellectual disorder,NA,Lives with me,NA,2,3,1,1,3,1,4,1,1,3,1,3,2,4,4,1,4,2,2,4,3,2,3,4,4,3,3,1,0,0,0,0,0,0,0,0,1,0,0,0,0,0,0,0,0,0,0,0,0,NA,4,0,0,0,1,1,0,0,0,0,0,0,0,0,0,1,0,0,0,NA,2,1,0,NA,6,3,3,2,2,1,2,2,2,1,3,1,7,7,1,4,7,1,1,7,7,7,7,7,7,7,7,7,7,6,7,3,3,3,1,1,1,1,2,4,2,1,2,1,3,3,NA,NA,NA,NA,NA,NA,NA,NA,NA,1,0,2,2,1,4,ORANGE,0,1,0,0,0,0,0,0,0,1,0,0,0,0,0,0,1,0,0,0,1,1,0,0,0,0,0,1,1,4,5,6,5,6,7,6,5,7,6,4,2,6,1,1,5,7,1,7,1,7,7,1,1,2,3,1,2,3,2,3,1,0,1,4,7,Probable AUD,2,3,1,2.3333333333333335,1.6666666666666667,4,7,2,2,7,6,2,4,7,5,8,3,8,5,NA,2.3333333333333335,2,4,2,8,43,17,29,28,4.444444444444445,6.916666666666667,7,6.75,7,1,0,1,1,1,3
1.6891891891891893,-0.962245660803864,0.4712078003709749,8,2025-07-23T18:36:00Z,2025-07-23T18:59:53Z,100,1433,1,2025-07-23T18:59:54Z,R_3OycN9pEa8Qy7YZ,anonymous,1,1,1,1,1,1,35,Female,0,1,0,0,0,0,1,0,Full Time,"$20,000 - $49,999",Less than high school degree,72370,1,0,Never married,Christian,Once or twice a year,0,NA,NA,NA,NA,NA,NA,NA,Blue cross,3 to 7 years,1,1,1,1,1,1,0,0,1,1,0,1,1,0,0,40+ hours,0,0,0,1,0,0,1,0,1,1,0,0,0,0,0,0,0,0,0,NA,NA,NA,NA,NA,0,1,0,0,0,0,0,0,0,0,FALSE,0,FALSE,0,0,0,0,1,0,0,Have workplaces understand the situation better,Parent,Female,56,Long-term physical condition,NA,Lives with me,NA,2,2,2,3,1,2,2,2,2,1,3,2,2,2,1,1,2,2,1,2,2,1,1,2,2,2,1,2,0,1,0,1,0,0,0,0,1,1,0,0,1,0,0,0,0,0,1,0,0,NA,2,0,0,0,1,1,1,0,1,1,1,0,0,0,1,1,1,0,0,NA,7,2,1,Art,5,3,3,3,3,3,3,3,3,2,5,7,3,2,6,2,1,4,4,1,5,2,2,2,4,5,1,5,3,1,4,5,4,4,4,4,5,2,2,2,3,3,3,4,4,4,3,4,3,NA,1,NA,NA,1,1,0,0,3,5,3,4,ORANGE,1,1,1,1,1,1,3,2,1,1,2,1,1,1,1,2,2,3,3,1,1,2,1,1,1,2,2,2,1,3,5,5,2,3,3,3,5,6,5,4,5,5,5,2,4,3,5,5,5,3,2,2,6,3,3,2,2,3,2,2,2,0,1,3.111111111111111,12,Probable AUD,3.4166666666666665,4.333333333333333,4.333333333333333,2,3,3,4,4,6,2,2,3,4,4,4,4,4,4,2,3.3333333333333335,4,24,18,26,30,26,19,17,23,4.222222222222222,2.9166666666666665,2.75,1.5,4.5,5,1,2,1,1,3
1.4705882352941178,-0.6939995593088766,0.5854597923334895,6,2025-07-23T18:36:34Z,2025-07-23T19:03:34Z,100,1619,1,2025-07-23T19:03:34Z,R_7D7KJjqKxIsavej,anonymous,1,1,2,0,0,1,32,Female,0,0,0,0,0,0,1,0,Full Time,"$20,000 - $49,999",Associate's degree,29607,0,0,Never married,Other,Never,0,NA,NA,NA,NA,NA,NA,NA,Blue Cross,More than 12 years,1,0,1,1,1,0,0,1,1,1,1,1,1,1,0,9-20 hours,0,1,1,0,0,0,1,0,0,0,0,0,0,0,0,0,0,0,1,1,1,1,1,1,0,1,1,0,0,1,1,0,0,0,FALSE,0,FALSE,1,0,0,1,1,0,0,Understand that my parents who I'm now caring for abused me as a child and that makes this even harder.,Parent,Female,60,NA,Morbid Obesity,Lives with me,NA,2,1,4,1,2,4,2,4,1,2,1,1,4,3,1,4,1,1,4,4,4,2,2,4,4,1,2,1,0,0,0,0,0,0,0,0,0,0,0,0,0,0,0,0,0,0,0,1,0,NA,1,0,0,1,1,0,0,0,1,0,1,0,1,0,0,0,0,0,0,NA,9,1,0,NA,9,5,5,3,3,5,5,5,5,5,1,1,7,7,1,1,3,1,1,3,5,1,1,6,7,7,1,7,6,1,6,5,5,5,5,5,5,2,1,2,3,3,3,2,4,2,5,1,1,NA,NA,NA,NA,1,NA,1,0,5,1,1,1,ORANGE,1,1,1,1,1,1,3,3,1,3,1,1,3,3,1,1,3,3,3,0,1,2,0,1,2,3,2,1,1,5,5,5,3,5,5,6,5,7,5,1,6,5,4,4,1,6,6,5,1,5,1,7,7,3,3,3,2,4,3,3,1,0,1,1.4444444444444446,3,Probable AUD,3.6666666666666665,5,5,1.6666666666666667,3,6,3,8,2,3,4,8,5,2,5,7,2,8,4,2.3333333333333335,2.6666666666666665,28,32,20,35,24,22,25,26,5.444444444444445,4.25,5,1,6.75,5,1,2,1,1,3
1.7123287671232876,-0.9487992779914902,0.8283155516045712,8,2025-07-23T18:35:56Z,2025-07-23T19:08:37Z,100,1961,1,2025-07-23T19:08:38Z,R_3JrrxAA8tqIrIyd,anonymous,1,1,2,0,0,1,36,Male,0,0,1,0,0,0,0,0,Full Time,"$20,000 - $49,999",Associate's degree,30033,0,0,Never married,Christian,Weekly,0,NA,NA,NA,NA,NA,NA,NA,Aetna,8 to 12 years,0,0,1,1,1,0,0,1,0,1,1,1,1,1,0,1-8 hours,0,0,1,1,0,0,1,0,0,0,0,0,0,0,0,0,1,1,0,NA,NA,NA,NA,NA,0,1,0,1,0,0,0,0,0,0,FALSE,0,FALSE,1,1,0,0,1,0,0,They can read up more about nutritional science and the  associated with NOT getting your proper nutrients  suchas vitamins.,Parent,Male,62,Long-term physical condition,NA,Lives in their own home,NA,3,2,1,1,2,1,4,1,1,3,1,2,2,4,2,1,2,1,1,3,3,3,3,2,3,3,4,1,0,1,0,0,0,1,0,0,0,1,0,0,1,0,1,1,0,0,0,0,0,NA,5,0,0,1,1,1,1,0,0,1,0,0,0,0,0,1,1,0,0,NA,5,2,1,Local Christians,7,3,3,3,3,3,3,3,3,2,2,2,5,4,2,5,4,2,2,4,4,5,4,5,4,4,4,5,5,4,5,2,2,2,2,4,4,2,1,2,2,2,1,3,4,3,2,2,2,1,1,NA,1,1,NA,0,0,2,2,1,1,ORANGE,0,0,0,0,0,0,1,0,0,0,0,2,0,0,0,0,1,1,1,1,0,0,0,1,0,0,0,1,1,7,2,4,6,7,7,4,2,7,1,4,2,3,3,2,7,7,2,7,1,5,5,1,4,2,2,2,2,4,1,3,1,1,0,3.111111111111111,4,Probable AUD,2.1666666666666665,2,3.3333333333333335,1.6666666666666667,1.6666666666666667,4,6,2,2,4,6,2,4,4,5,7,2,5,7,2,3.3333333333333335,14,0,2,15,38,17,34,13,4.888888888888889,4.416666666666667,4.5,4.25,4.5,0,0,2,1,1,3
1.6891891891891893,-0.9674315026470982,0.70554079326738794,9,2025-07-23T18:23:09Z,2025-07-23T19:25:44Z,100,3755,1,2025-07-31T21:38:27Z,R_5cbfoVMOvxjihIw,anonymous,1,1,1,0,0,1,57,Male,0,0,0,0,0,0,1,0,Full Time,"$50,000 - $99,999",High school diploma or equivalent,53913,2,1,Never married,Christian,Never,1,NA,NA,NA,1,NA,NA,3,Hmo,More than 12 years,1,1,1,1,1,1,0,1,1,1,1,1,1,1,0,40+ hours,1,0,1,0,0,0,1,1,1,1,0,1,0,1,0,0,1,1,1,1,1,1,1,1,1,1,1,0,1,0,0,0,0,0,FALSE,0,FALSE,1,1,1,0,0,0,0,Offer to look in once in a while.,Parent,Female,77,Long-term physical condition,NA,Lives with me,NA,1,1,2,2,1,1,2,2,2,1,2,1,3,2,1,1,1,1,2,1,1,2,1,1,2,2,2,1,0,1,0,0,1,0,0,0,1,1,1,0,0,1,0,1,0,0,0,0,0,NA,7,0,0,0,1,1,0,0,0,1,1,0,0,0,0,1,0,0,0,NA,5,2,0,NA,6,3,3,3,3,3,3,3,3,3,6,4,5,3,5,6,2,3,4,2,2,4,3,6,3,3,3,3,6,5,3,4,4,4,1,1,1,2,2,2,2,2,2,5,5,2,4,3,2,NA,NA,NA,1,NA,1,0,0,6,3,2,2,ORANGE,1,1,1,1,1,1,1,0,1,1,1,0,0,0,0,1,0,0,1,1,0,1,1,0,2,1,1,1,1,2,3,3,2,3,2,2,2,2,3,4,5,5,5,5,4,6,4,4,3,5,5,3,4,3,2,1,1,2,1,2,1,1,0,3,7,Probable AUD,2.25,4,1,2,2,3,3,4,4,2,2,2,3,2,5,4,2,2,4,3,4,4,8,14,29,33,13,11,13,3.7777777777777777,3.5833333333333335,4,3.75,3,5,1,1,1,1,3
1.4367816091954022,-0.8914259173784372,0.530160373887195,5,2025-07-25T17:31:15Z,2025-07-25T17:38:45Z,100,449,1,2025-07-25T17:38:45Z,R_52zN2F9ZCvSjgHl,anonymous,1,1,1,1,1,1,47,Male,0,0,0,0,0,0,1,0,Full Time,"$20,000 - $49,999",Less than high school degree,34746,1,0,Never married,Atheist/Agnostic,Never,0,NA,NA,NA,NA,NA,NA,NA,Permanent,3 to 7 years,0,0,1,1,1,0,0,0,1,0,0,1,0,0,0,1-8 hours,0,0,1,1,0,0,0,0,1,1,0,0,0,0,0,0,0,1,0,NA,NA,NA,NA,NA,0,0,1,1,0,0,0,0,0,0,FALSE,0,FALSE,0,1,1,0,0,0,0,More money,Parent,Male,70,Long-term physical condition,NA,Lives in their own home,NA,4,4,2,3,3,2,3,3,3,3,2,3,4,3,1,2,3,3,3,4,4,2,4,3,3,3,4,3,0,1,0,0,1,1,0,0,1,1,0,0,0,0,0,0,0,0,0,0,0,NA,7,0,0,0,1,1,0,0,0,0,0,0,0,0,0,1,1,0,0,NA,6,1,0,NA,5,4,5,2,1,1,2,2,4,2,4,4,6,4,5,5,3,5,5,6,6,3,5,7,6,3,6,4,6,2,4,4,5,2,4,4,5,3,4,5,2,4,4,5,5,5,3,4,4,NA,NA,1,NA,1,NA,0,0,2,2,2,3,ORANGE,0,0,0,0,0,0,3,1,1,1,3,1,3,1,2,3,1,3,3,0,3,3,1,3,2,2,2,3,1,6,5,2,5,6,6,5,3,3,5,5,5,3,6,3,5,5,6,6,5,3,4,5,5,3,3,3,3,3,4,2,2,1,0,3.4444444444444446,7,Probable AUD,3.8333333333333335,3.6666666666666665,4.333333333333333,4,3.3333333333333335,7,7,5,5,4,7,4,7,6,7,6,6,7,6,3.6666666666666665,5,24,28,32,35,31,23,26,20,3.4444444444444446,4.833333333333333,6.25,4,4.25,0,0,2,1,1,3
1.7361111111111112,-0.9901973052043356,0.8337001333000111,9,2025-07-25T17:31:05Z,2025-07-25T17:40:57Z,100,591,1,2025-07-25T17:40:57Z,R_72Q54RoSC7QVYYf,anonymous,1,1,1,1,1,1,34,Male,0,0,0,0,0,0,1,0,Full Time,"$100,000 - $149,999",Associate's degree,15212,1,0,Married or living with a partner,Christian,Weekly,0,NA,NA,NA,NA,NA,NA,NA,None,1 to 3 years,0,0,1,0,0,0,0,0,1,0,0,1,0,0,0,1-8 hours,0,0,1,0,0,0,0,0,1,0,0,0,0,0,0,0,0,0,0,NA,NA,NA,NA,NA,0,0,1,0,0,1,0,0,0,0,FALSE,0,FALSE,0,0,1,0,0,0,0,Nothing,Spouse,Male,35,Emotional or mental health issue,NA,Lives in their own home,NA,1,1,1,1,1,2,2,2,2,3,2,2,2,1,2,2,2,2,2,2,2,2,2,1,1,1,1,1,0,1,0,1,0,0,0,0,0,0,0,0,0,0,0,0,0,0,0,0,0,NA,7,0,0,1,1,1,0,1,0,0,0,0,0,0,0,0,0,0,0,NA,8,1,0,NA,6,3,2,4,5,4,4,4,4,5,6,6,5,6,7,5,6,5,6,7,6,5,6,6,6,6,6,5,6,6,6,4,5,4,4,4,4,5,4,5,4,3,3,4,5,5,4,4,4,1,NA,1,NA,NA,NA,0,0,4,3,4,3,ORANGE,0,0,0,0,0,0,2,2,1,2,2,1,2,1,2,0,0,2,1,1,1,2,2,0,1,2,1,3,1,5,5,5,5,6,5,5,5,3,6,5,5,5,4,4,4,5,5,6,6,6,6,5,5,3,4,4,4,3,4,3,4,1,0,2.111111111111111,10,Probable AUD,4.083333333333333,4.333333333333333,4,4.666666666666667,3.3333333333333335,3,3,3,3,3,5,4,4,4,3,2,3,3,3,4,4.666666666666667,14,24,18,34,37,29,24,26,2.2222222222222223,5.916666666666667,6.25,5.75,5.75,0,0,2,1,1,3
1.5625,-0.9273293035462057,0.6667174710114415,12,2025-07-25T17:31:38Z,2025-07-25T17:41:18Z,100,579,1,2025-07-31T21:38:27Z,R_3rogmLxrdF4ghTc,anonymous,1,1,1,1,0,1,24,Female,0,0,1,1,0,0,0,0,Full Time,"$100,000 - $149,999",Bachelor's degree,10453,1,0,Married or living with a partner,Christian,Weekly,0,NA,NA,NA,NA,NA,NA,NA,medicare,1 to 3 years,0,1,1,1,0,0,0,1,0,0,0,0,0,0,0,1-8 hours,1,1,0,0,0,0,1,0,0,0,0,0,0,0,0,0,0,1,0,NA,NA,NA,NA,NA,1,1,0,0,0,0,0,0,0,0,FALSE,0,FALSE,0,1,0,0,0,0,0,none,Parent,Female,25,Short-term physical condition,NA,Lives with me,NA,1,2,3,3,3,3,2,3,3,2,3,3,2,3,4,3,3,3,3,2,3,3,2,3,2,2,3,2,0,0,1,0,1,0,0,0,0,0,0,0,0,0,0,0,0,0,0,0,0,NA,4,0,0,1,1,1,1,0,0,0,0,0,0,0,0,0,0,0,0,NA,4,1,0,NA,3,1,2,3,4,5,4,3,2,2,4,4,3,4,4,5,5,4,3,3,5,2,4,5,4,3,3,3,4,5,4,2,3,3,3,3,4,3,3,3,3,4,3,3,2,2,3,5,4,NA,NA,1,1,NA,NA,0,1,2,4,2,2,ORANGE,0,1,0,0,1,0,0,1,2,1,2,2,2,2,1,2,1,2,1,2,1,2,2,2,1,2,2,2,1,4,3,4,3,5,4,2,5,4,3,4,4,4,3,4,4,4,4,4,4,4,4,4,4,3,3,3,2,3,3,3,2,0,1,3.111111111111111,8,Probable AUD,3.0833333333333335,2.6666666666666665,3.3333333333333335,3,3.3333333333333335,4,4,6,6,7,4,6,6,6,4,5,5,5,6,4,2.3333333333333335,22,18,26,27,28,22,20,17,4,3.75,4.25,3.5,3.5,2,0,1,1,1,3
1.4880952380952381,-0.9117863997748279,0.6248910094471842,4,2025-07-25T17:34:35Z,2025-07-25T17:41:48Z,100,432,1,2025-07-31T21:38:27Z,R_3okeFX2Aep9WLwb,anonymous,1,1,1,1,1,1,31,Male,0,0,1,0,0,0,0,0,Part Time,"$50,000 - $99,999",High school diploma or equivalent,11413,3,1,Never married,Christian,Once or twice a year,0,NA,NA,NA,NA,NA,NA,NA,Humans,3 to 7 years,0,0,1,0,0,0,0,0,0,1,0,0,0,0,0,1-8 hours,0,0,1,0,0,0,0,0,0,0,1,0,0,0,0,0,1,1,1,3,2,3,1,2,0,0,0,0,0,1,0,0,0,0,FALSE,0,FALSE,0,0,0,1,0,0,0,Careful of being the best for you to be your crypto manager in the middle and,Sibling,Male,31,Emotional or mental health issue,NA,Lives in their own home,NA,4,3,3,4,2,1,2,2,3,2,2,2,3,2,3,2,3,3,2,2,1,3,2,3,2,2,3,1,0,0,0,1,0,0,0,0,0,0,0,0,0,0,0,0,0,0,0,0,0,NA,5,0,0,0,0,1,0,0,0,0,0,0,0,0,0,0,0,0,0,NA,5,2,1,Army,7,4,3,3,4,3,3,1,3,3,5,5,5,5,2,6,4,3,4,4,4,1,3,6,4,5,5,5,7,7,7,4,3,1,2,3,1,2,1,1,1,3,5,3,2,4,3,4,3,NA,NA,1,NA,NA,NA,1,1,4,2,2,2,ORANGE,1,1,0,0,1,0,2,1,1,1,3,1,1,1,2,2,1,1,3,1,1,1,0,1,1,1,1,2,1,3,4,4,3,4,4,3,5,3,4,4,4,5,3,5,5,5,4,2,2,2,2,3,5,3,3,1,1,2,3,2,2,1,0,3,6,Probable AUD,2.25,2.6666666666666665,2,1.3333333333333333,3,6,5,5,6,5,4,3,4,5,5,4,4,5,6,3.3333333333333335,3,16,16,22,26,25,17,17,20,3.666666666666667,4.833333333333333,5.25,4,5.25,2,0,2,0,1,2
1.4880952380952381,-0.9419668710760242,0.7072452266690378,6,2025-07-25T17:33:40Z,2025-07-25T17:41:53Z,100,492,1,2025-07-25T17:41:53Z,R_3Kp4HJrnPynHGIu,anonymous,1,1,1,0,0,1,49,Male,0,0,1,0,0,0,0,0,Part Time,"$20,000 - $49,999",Less than high school degree,77583,0,0,Never married,Christian,Once or twice a year,1,NA,1,NA,NA,NA,NA,4,Amber,1 to 3 years,0,0,0,1,0,0,0,0,1,0,0,0,0,0,0,1-8 hours,0,1,0,0,0,0,0,1,0,0,0,0,0,0,0,0,1,1,1,3,2,2,2,2,1,0,0,0,0,0,0,0,0,0,FALSE,0,FALSE,0,1,0,0,0,0,0,Payouts more than anything,Spouse,Male,12,Long-term physical condition,NA,Lives in their own home,NA,1,2,2,3,2,2,1,1,1,1,2,1,3,3,2,2,2,2,2,2,3,2,3,2,2,2,2,2,0,0,0,0,1,0,0,0,0,0,0,0,0,0,0,0,0,0,0,0,0,NA,6,0,0,0,1,0,0,0,0,0,0,0,0,0,0,0,0,0,0,NA,5,2,0,NA,5,1,2,3,1,3,3,3,1,2,6,6,5,6,5,5,3,4,5,2,1,3,2,2,2,5,6,6,3,3,3,3,4,3,2,2,3,2,4,2,4,3,2,1,5,4,2,3,4,1,NA,NA,NA,NA,NA,0,0,2,3,2,1,ORANGE,0,1,0,0,0,0,1,0,1,1,1,2,1,0,1,1,0,0,1,1,0,0,0,0,1,1,1,2,1,2,3,6,5,3,5,6,6,1,7,7,6,5,5,5,5,6,5,6,6,6,5,6,5,2,1,3,4,3,3,2,2,1,0,3.888888888888889,6,Probable AUD,2.8333333333333335,3.3333333333333335,2.3333333333333335,2.6666666666666665,3,3,3,3,5,4,4,4,4,3,5,5,4,4,4,3,3.3333333333333335,8,10,10,38,40,20,16,28,3,3.1666666666666665,2,3.5,4,1,0,1,1,1,3
2.0833333333333335,-0.9778521517651169,0.7913348926095676,7,2025-07-25T17:33:54Z,2025-07-25T17:42:15Z,100,501,1,2025-07-25T17:42:16Z,R_3CPos9TABg0C4Ww,anonymous,1,1,1,1,1,1,34,Male,0,0,1,0,0,0,0,0,Full Time,"$50,000 - $99,999",Less than high school degree,28215,1,1,Never married,Christian,Weekly,0,NA,NA,NA,NA,NA,NA,NA,Cigna,More than 12 years,1,1,1,1,1,1,0,1,1,1,1,1,1,1,0,21-40 hours,0,0,0,0,0,1,0,0,0,0,1,0,0,0,0,0,0,1,0,NA,NA,NA,NA,NA,1,0,0,0,0,0,0,0,0,0,FALSE,0,FALSE,1,1,0,0,1,0,0,Helping with food and other stuff to make it easy for the person in need,Grandpartent,Male,80,Long-term physical condition,NA,Lives with me,NA,3,3,3,3,3,4,3,3,3,3,3,3,3,4,3,3,3,3,2,3,4,4,4,3,3,4,4,4,0,0,0,0,0,1,0,0,1,1,0,0,1,0,0,0,0,0,1,0,0,NA,9,0,0,1,1,1,1,1,1,1,1,0,0,1,1,1,1,0,0,NA,8,1,0,NA,3,2,3,1,1,1,1,1,2,1,7,7,5,5,5,5,5,6,6,6,6,6,6,5,6,6,6,6,6,5,6,4,3,4,3,3,4,4,4,4,4,5,4,4,4,4,4,4,4,1,NA,NA,NA,NA,NA,0,0,2,4,2,5,ORANGE,0,0,0,1,1,0,2,2,3,2,2,2,2,2,1,1,2,3,3,2,3,3,2,2,1,2,2,1,1,6,5,6,6,5,5,5,7,1,6,7,7,5,7,7,6,5,5,6,6,6,5,5,5,4,4,4,4,3,4,4,3,1,0,4.555555555555555,11,Probable AUD,3.8333333333333335,3.6666666666666665,3.3333333333333335,4,4.333333333333333,5,6,6,6,6,7,7,7,6,7,7,7,6,8,4,4,30,26,32,42,40,30,23,29,2.333333333333333,5.833333333333333,5.75,5.75,6,2,0,2,1,1,3
1.404494382022472,-0.9606727338317042,0.7834342531472323,6,2025-07-25T17:34:38Z,2025-07-25T17:42:25Z,100,466,1,2025-07-25T17:42:25Z,R_3mfQGGOYEU1n5Sv,anonymous,1,1,1,1,2,1,27,Male,0,0,0,0,0,0,1,0,Full Time,"$50,000 - $99,999",Associate's degree,28645,2,2,Married or living with a partner,Christian,Once or twice a year,1,1,1,1,1,NA,NA,4,United healthcare,3 to 7 years,1,1,1,0,0,0,0,0,0,1,1,1,1,0,0,9-20 hours,1,0,1,1,0,0,0,1,0,1,0,1,0,0,0,0,1,1,1,2,2,3,3,3,1,1,1,0,1,1,1,1,0,0,FALSE,0,FALSE,1,1,1,1,1,1,0,I'm not sure really,Grandpartent,Male,27,Emotional or mental health issue,NA,Lives in their own home,NA,1,2,3,2,3,2,1,3,3,2,1,1,4,4,3,3,1,2,3,3,1,2,3,4,3,3,3,2,0,1,1,0,0,0,0,0,1,1,0,0,0,0,0,1,0,0,0,0,0,NA,7,1,1,1,1,1,1,0,1,1,1,0,1,0,0,1,1,0,0,NA,7,2,1,Not applicable,7,4,2,1,4,4,2,1,3,2,4,7,5,6,6,5,6,7,6,6,6,5,5,4,6,7,6,6,6,5,6,4,5,4,3,4,5,5,3,5,5,5,4,5,5,5,4,5,4,1,1,1,1,1,1,1,1,3,4,3,4,ORANGE,1,1,1,1,1,1,2,2,3,2,3,2,3,2,1,2,2,2,2,1,2,2,2,1,1,3,2,3,1,6,7,6,7,5,7,7,7,1,6,6,6,5,5,6,6,6,6,7,6,6,6,6,6,3,4,3,3,4,3,2,4,1,0,3.4444444444444446,11,Probable AUD,4.333333333333333,4.333333333333333,4,4.333333333333333,4.666666666666667,4,3,6,3,6,5,5,4,2,7,7,4,7,5,4.333333333333333,5,24,28,32,41,42,26,26,33,2.2222222222222223,5.666666666666667,5.5,5.25,6.25,5,1,3,1,1,3
1.5625,-0.9802294569309905,0.7525709311904877,4,2025-07-25T17:35:25Z,2025-07-25T17:42:44Z,100,438,1,2025-07-25T17:42:44Z,R_6XpTJjNHWeVvez7,anonymous,1,1,1,1,1,1,33,Male,0,0,1,1,0,0,0,0,Full Time,"$50,000 - $99,999",Associate's degree,33705,0,0,Never married,Christian,Weekly,0,NA,NA,NA,NA,NA,NA,NA,Cigna,3 to 7 years,1,1,1,1,1,1,0,1,1,1,1,1,1,1,0,21-40 hours,0,1,1,0,1,0,1,1,0,1,0,0,0,1,0,0,1,1,1,1,1,1,2,2,1,0,1,0,1,1,0,0,1,0,FALSE,0,FALSE,1,0,1,1,1,1,0,No improvements are needed here.,Parent,Female,65,Emotional or mental health issue,NA,Lives with me,NA,4,4,4,4,3,3,2,4,4,3,3,4,4,4,4,2,3,4,4,3,3,4,3,3,3,4,4,3,0,0,0,0,0,1,0,0,0,0,0,0,0,0,0,0,0,0,0,0,0,NA,8,0,1,0,1,1,0,0,0,0,1,0,0,0,1,1,1,0,0,NA,6,2,1,different facebook groups,8,5,4,5,5,4,4,4,4,5,7,6,6,5,5,7,7,7,6,7,6,7,6,7,6,6,6,5,6,6,7,5,3,5,4,3,5,4,2,1,4,4,4,5,4,5,5,5,4,1,NA,NA,1,1,NA,0,0,3,4,3,4,ORANGE,1,1,1,0,1,0,2,3,2,3,2,2,2,1,1,2,3,3,3,2,3,2,3,3,2,2,2,2,1,6,5,6,7,7,6,6,7,7,6,7,3,6,4,6,6,5,6,7,6,6,4,7,7,3,4,3,3,3,4,3,4,1,0,1.5555555555555554,11,Probable AUD,3.6666666666666665,4.333333333333333,4,2.3333333333333335,4,8,6,8,7,7,6,5,7,7,8,7,7,6,8,4.666666666666667,4.666666666666667,32,32,32,39,41,27,33,30,1.7777777777777777,6.25,6.5,6.25,6,3,0,2,1,1,3
1.4705882352941178,-0.9688206358469408,0.84232319199804,5,2025-07-25T17:32:10Z,2025-07-25T17:43:11Z,100,660,1,2025-07-25T17:43:11Z,R_71g6m9GFHSColAw,anonymous,1,1,1,0,0,1,37,Male,0,0,1,0,0,0,0,0,Part Time,"$20,000 - $49,999",Some college,02721,0,0,Never married,Atheist/Agnostic,Never,0,NA,NA,NA,NA,NA,NA,NA,Medicaid,1 to 3 years,1,0,1,1,0,1,0,0,1,1,1,1,1,1,0,9-20 hours,0,1,0,1,0,0,0,0,1,0,1,0,0,0,0,0,1,0,0,NA,NA,NA,NA,NA,0,1,0,0,0,1,1,0,0,0,FALSE,0,FALSE,1,0,0,1,1,0,0,Offer more support for senior citizens like day programs.,Grandpartent,Male,89,Long-term physical condition,NA,Lives in their own home,NA,4,3,1,2,3,1,3,1,2,4,2,4,2,3,4,1,3,4,4,4,2,1,3,4,4,2,2,1,0,0,0,0,1,0,0,0,0,0,1,0,0,0,0,0,0,0,0,0,0,NA,6,0,0,0,1,0,0,0,0,0,0,0,0,0,0,1,0,0,0,NA,3,1,1,Im a troop leader for the local boy scouts,4,2,2,1,2,3,2,1,1,1,1,1,7,6,2,1,5,6,1,7,7,1,1,7,5,5,1,7,7,1,6,2,2,2,3,1,2,1,1,2,2,1,2,2,4,4,1,2,1,NA,NA,NA,1,1,NA,1,1,2,4,3,4,ORANGE,0,0,0,0,0,0,1,1,0,0,1,0,0,0,0,1,1,1,1,0,0,1,1,0,0,0,1,1,1,5,6,6,6,6,5,3,3,7,4,1,3,5,2,3,3,4,1,7,2,5,5,1,1,1,2,2,1,2,1,1,1,1,0,4.333333333333333,11,Probable AUD,1.75,2,2,1.3333333333333333,1.6666666666666667,8,6,2,4,7,7,2,4,7,4,7,5,8,3,1.3333333333333333,3.3333333333333335,6,2,12,13,30,11,29,22,4.666666666666666,4.583333333333333,7,1,5.75,0,0,1,1,1,3
1.838235294117647,-0.9660283020171244,0.7572010700353917,8,2025-07-25T17:34:22Z,2025-07-25T17:43:34Z,100,551,1,2025-07-25T17:43:34Z,R_3PEFqrzWlfuRYkN,anonymous,1,1,1,1,1,1,38,Male,0,0,1,0,0,0,0,0,Full Time,"$50,000 - $99,999",Associate's degree,53210,1,0,Never married,Christian,Every month,0,NA,NA,NA,NA,NA,NA,NA,United healthcare,More than 12 years,1,1,1,1,1,1,0,1,1,1,1,1,1,1,0,40+ hours,0,0,0,0,0,1,0,0,0,0,0,0,0,0,0,1,0,0,0,NA,NA,NA,NA,NA,0,1,0,0,1,0,0,0,1,0,FALSE,0,FALSE,1,1,0,0,0,1,0,They can be more patient with me not being able to be involved in more active,Parent,Female,70,Emotional or mental health issue,NA,Lives with me,NA,2,2,3,2,3,2,3,3,2,2,2,2,2,2,2,2,1,1,2,3,3,2,2,3,3,1,2,2,0,1,0,0,1,0,0,0,1,0,0,0,0,0,0,1,0,1,0,0,0,NA,7,0,1,0,1,1,0,1,1,1,1,0,0,0,1,1,1,0,0,NA,8,2,1,Church and fitness,7,3,2,2,1,3,3,2,1,1,5,5,4,5,4,4,4,5,4,3,3,4,4,4,4,4,4,4,4,5,4,3,1,2,1,1,4,4,3,3,2,3,3,3,3,3,3,3,4,1,NA,1,NA,1,NA,0,0,2,4,2,4,ORANGE,0,0,0,0,0,0,1,0,0,0,0,0,0,1,1,1,1,0,0,0,0,0,1,0,0,0,0,1,1,3,3,2,4,4,2,2,1,5,3,5,5,3,3,3,2,6,2,3,2,1,3,3,7,2,3,2,1,2,2,1,2,1,0,4,10,Probable AUD,2.5,2,2,3.3333333333333335,2.6666666666666665,4,5,6,4,5,4,4,5,3,3,5,3,6,4,3.3333333333333335,3,6,2,4,25,23,15,18,11,3.5555555555555554,3.9166666666666665,3.5,4.25,4,0,0,2,1,1,3
1.3736263736263736,-0.9686929120724765,0.7465926819699203,3,2025-07-25T17:32:58Z,2025-07-25T17:44:18Z,100,680,1,2025-07-31T21:38:27Z,R_5Kyx5ebnEC6FKZX,anonymous,1,1,1,1,1,1,28,Male,0,0,0,0,0,0,1,0,Full Time,"< $10,000",Associate's degree,60643,0,0,Never married,Muslim,Weekly,0,NA,NA,NA,NA,NA,NA,NA,Medicade,3 to 7 years,0,0,0,0,1,0,0,0,0,0,1,0,0,0,0,9-20 hours,0,0,1,0,0,0,0,0,0,0,1,0,0,0,0,0,1,1,1,3,2,2,3,2,0,0,0,0,0,0,1,0,0,0,FALSE,0,FALSE,0,0,0,0,1,0,0,The I’m a big boy I am not the great,Parent,Male,55,Emotional or mental health issue,NA,Independent living or retirement community,NA,3,3,3,2,2,3,2,3,2,4,3,3,3,4,3,4,3,4,3,3,3,4,4,3,3,2,4,3,0,1,0,0,0,0,0,0,0,0,0,0,0,0,0,0,0,0,0,0,0,NA,5,0,0,0,1,1,0,0,0,0,0,0,0,0,0,0,0,0,0,NA,7,2,0,NA,7,2,1,2,1,1,2,2,1,2,6,7,6,7,6,5,6,6,6,7,6,6,6,5,6,5,6,5,6,5,6,4,4,4,5,4,4,4,3,5,4,4,5,4,3,4,4,5,5,NA,NA,NA,NA,1,NA,1,1,4,4,4,4,ORANGE,1,1,1,1,1,1,2,3,2,3,2,3,3,2,3,1,2,3,3,1,2,1,1,2,1,2,2,3,1,6,6,5,6,5,5,4,6,3,5,5,6,7,6,5,4,5,5,6,6,6,5,6,7,3,3,2,1,1,3,3,2,1,0,4.444444444444445,12,Probable AUD,4.166666666666667,4,4.333333333333333,4,4.333333333333333,6,5,6,5,5,8,7,5,6,5,7,7,6,8,4.666666666666667,3.6666666666666665,30,34,24,41,38,18,25,26,1.8888888888888893,5.75,6,5.75,5.5,5,1,2,0,1,2
1.4204545454545454,-0.9568430300838269,0.6295349133024947,5,2025-07-25T17:32:38Z,2025-07-25T17:44:49Z,100,731,1,2025-07-25T17:44:49Z,R_3OWcpff9XmeW9yX,anonymous,1,1,1,0,0,1,30,Female,0,0,1,0,0,0,0,0,Part Time,"$20,000 - $49,999",High school diploma or equivalent,77083,0,0,Never married,Other,Once or twice a year,0,NA,NA,NA,NA,NA,NA,NA,Blue Cross Blue Shield,1 to 3 years,1,1,0,1,1,1,0,0,1,1,0,1,1,1,0,9-20 hours,0,0,1,0,1,0,0,1,0,0,0,0,0,0,0,0,0,0,0,NA,NA,NA,NA,NA,0,1,0,1,0,0,0,0,1,0,FALSE,0,FALSE,0,1,0,0,1,1,0,They can offer a helping hand when they see a need for it,Grandpartent,Female,73,Behavioral issues,NA,Lives in someone else's home,NA,2,4,3,3,2,3,4,2,3,2,3,3,2,4,2,2,3,3,2,3,4,4,2,3,4,2,4,1,0,0,0,0,0,0,0,0,1,1,0,0,0,0,0,1,0,0,1,0,0,NA,6,0,0,0,1,1,1,0,1,0,1,0,0,0,1,1,0,0,0,NA,6,1,1,Archery,5,3,4,3,2,3,3,3,2,2,2,2,5,6,1,1,5,3,1,4,3,2,2,4,2,2,1,2,4,3,2,3,3,2,3,2,2,2,3,2,2,2,2,3,2,2,2,3,2,NA,NA,NA,NA,NA,NA,0,0,2,2,1,2,ORANGE,0,1,0,1,1,0,1,2,1,1,2,1,1,2,1,1,1,1,1,2,1,1,0,1,2,0,1,1,1,7,6,4,6,6,5,5,4,7,4,3,2,5,3,6,5,7,4,7,2,6,5,3,4,2,2,2,2,4,2,2,1,0,1,3.2222222222222223,5,Probable AUD,2.3333333333333335,2.6666666666666665,2.3333333333333335,2.3333333333333335,2,4,8,5,6,4,4,5,7,6,4,8,4,6,8,2.3333333333333335,2.3333333333333335,18,16,14,24,38,17,31,23,5.111111111111111,2.5833333333333335,3.75,2,2,3,0,1,1,1,3
2.5,-0.9542421915787841,0.5780485642984905,13,2025-07-25T17:31:43Z,2025-07-25T17:45:02Z,100,798,1,2025-07-31T21:38:27Z,R_7Ij7ZSz9RUizdYr,anonymous,1,1,1,1,1,1,25,Female,0,0,0,0,0,0,1,0,Full Time,"> $150,000",Bachelor's degree,27612,1,0,Married or living with a partner,Other,Once or twice a year,0,NA,NA,NA,NA,NA,NA,NA,United Healthcare,1 to 3 years,1,1,1,1,1,1,0,1,1,1,1,1,1,1,0,21-40 hours,1,0,0,1,0,0,0,0,0,0,0,0,0,0,1,0,0,0,0,NA,NA,NA,NA,NA,0,1,1,0,0,0,1,1,0,1,FALSE,0,FALSE,1,0,0,0,1,1,0,Network of phone number agency's and near by pharmacys that provided for the elderly. Resources that help care givers and restaurants.,Other family member,Male,26,Developmental or intellectual disorder,NA,Lives in their own home,NA,3,3,4,4,1,1,3,2,4,1,3,4,4,4,4,4,2,4,4,4,4,2,1,3,3,4,3,4,1,1,1,0,1,1,1,0,1,1,1,0,1,1,1,1,0,0,1,0,0,NA,2,1,1,1,1,1,1,1,1,1,1,0,1,1,1,1,1,0,0,NA,2,1,0,NA,9,1,1,1,1,5,5,4,3,1,1,1,7,7,7,1,7,7,1,1,1,1,1,1,1,1,2,1,2,2,1,2,2,3,1,1,1,1,2,2,4,4,4,1,4,4,5,2,2,NA,NA,NA,NA,NA,NA,0,0,3,2,1,2,ORANGE,1,1,1,1,1,1,3,3,3,3,3,3,3,3,3,3,3,3,3,2,3,3,1,3,3,3,3,1,1,7,1,7,7,7,7,7,7,7,7,7,4,7,7,7,7,7,7,7,7,7,7,7,7,4,2,3,3,4,4,4,4,0,1,3.5555555555555554,5,Probable AUD,2.25,2.3333333333333335,1,1.6666666666666667,4,7,6,6,7,5,2,5,8,6,8,7,8,7,5,3,3,40,42,38,46,49,28,35,29,3.666666666666667,1.25,1.25,1.5,1,5,1,2,1,1,3
1.7123287671232876,-0.9715605279420917,0.7696642481332353,6,2025-07-25T17:33:08Z,2025-07-25T17:45:27Z,100,738,1,2025-07-31T21:38:27Z,R_11obsntHYT34q2j,anonymous,1,1,1,1,1,1,47,Female,0,0,0,0,0,0,1,0,Full Time,"$20,000 - $49,999",Less than high school degree,49421,1,2,Married or living with a partner,Other,Never,0,NA,NA,NA,NA,NA,NA,NA,Molina,3 to 7 years,0,0,1,0,0,0,0,1,1,1,1,1,1,1,0,9-20 hours,1,1,1,1,1,0,1,1,0,0,0,0,0,1,0,0,0,0,0,NA,NA,NA,NA,NA,0,1,0,1,0,0,0,0,0,0,FALSE,0,FALSE,1,1,0,1,1,1,0,They listen bto me,Parent,Female,98,Memory problems,NA,Lives in their own home,NA,3,3,3,1,3,2,3,2,1,3,1,3,1,3,3,1,3,2,2,3,1,1,3,2,2,1,2,1,0,1,0,0,1,0,0,0,1,0,0,0,0,0,0,0,0,0,0,0,0,NA,5,0,0,1,1,1,1,0,0,0,1,0,0,0,1,1,0,0,0,NA,5,2,0,NA,5,3,5,4,3,4,3,3,3,4,1,1,7,7,1,1,4,1,1,4,4,3,4,4,3,3,4,4,4,4,4,3,3,3,2,2,3,1,1,1,1,1,2,3,3,3,3,3,3,1,1,1,1,1,1,0,0,5,2,1,2,ORANGE,0,0,0,1,0,0,2,2,0,1,1,1,1,1,2,0,1,1,1,0,1,1,0,1,0,0,0,1,1,6,4,5,5,5,5,4,4,4,4,3,6,5,2,4,1,4,4,5,1,4,4,2,1,3,3,2,3,3,3,3,2,0,1,2.4444444444444446,5,Probable AUD,1.9166666666666667,3,2.3333333333333335,1,1.3333333333333333,5,6,5,2,6,6,3,2,6,2,5,3,5,3,3,3,14,14,6,20,26,22,25,21,5.333333333333334,3.75,4,3.75,3.5,1,0,2,1,1,3
1.6666666666666667,-0.9114740790211415,0.5972160437698875,6,2025-07-25T17:31:22Z,2025-07-25T17:45:29Z,100,847,1,2025-07-25T17:45:29Z,R_530WImkACIFQYjn,anonymous,1,1,1,1,0,1,36,Male,0,0,1,0,0,0,0,0,Part Time,"$10,000 - $19,999",High school diploma or equivalent,14621,0,1,Never married,Christian,Every month,0,NA,NA,NA,NA,NA,NA,NA,Medicaid,3 to 7 years,0,0,1,0,0,0,0,0,0,0,0,0,1,0,0,9-20 hours,0,1,1,0,0,0,0,1,1,0,0,0,0,0,0,0,1,0,0,NA,NA,NA,NA,NA,0,0,0,1,0,0,0,0,0,0,FALSE,0,FALSE,0,0,0,1,0,0,0,Good understand the situation of health,Spouse,Male,34,Memory problems,NA,Lives with me,NA,3,3,2,3,2,2,2,2,3,2,3,3,3,1,3,3,2,3,3,2,3,2,3,3,2,3,2,2,0,0,1,0,1,1,0,0,0,0,0,0,0,0,0,0,0,0,0,0,0,NA,6,0,0,0,1,1,0,0,0,0,1,0,0,0,0,1,0,0,0,NA,5,2,1,Communication,6,3,2,3,1,2,3,3,2,2,4,4,4,4,4,3,4,3,5,6,4,5,5,5,5,4,4,5,4,5,6,4,3,3,4,4,3,2,4,4,5,3,4,4,5,5,4,3,3,NA,NA,1,1,NA,NA,1,1,4,4,3,3,ORANGE,1,1,1,1,1,0,2,2,2,1,2,2,2,2,3,1,1,1,1,3,2,2,2,3,2,3,2,4,1,4,3,3,3,3,5,5,4,4,4,5,5,5,4,5,5,5,2,5,6,3,4,4,5,4,3,2,1,3,3,3,2,1,0,3.6666666666666665,10,Probable AUD,3.5833333333333335,3.3333333333333335,3.6666666666666665,3.3333333333333335,4,6,5,4,6,5,5,5,6,5,6,3,5,5,4,3.3333333333333335,4.666666666666667,28,30,24,31,32,21,19,19,4.111111111111111,4.833333333333333,4.75,4.75,5,4,1,1,1,1,3
1.5432098765432098,-0.9468244278843048,0.7982598039875611,6,2025-07-25T17:31:53Z,2025-07-25T17:45:47Z,100,834,1,2025-07-25T17:45:48Z,R_7n7bKGM4EuQ1322,anonymous,1,1,1,0,0,1,33,Male,0,0,0,0,0,0,1,0,Full Time,"$50,000 - $99,999",High school diploma or equivalent,44095,2,0,Never married,Christian,Never,0,NA,NA,NA,NA,NA,NA,NA,Aetna,1 to 3 years,0,0,1,0,1,1,0,1,0,1,1,1,1,1,0,21-40 hours,0,0,0,0,0,1,0,0,0,0,1,0,0,0,0,0,0,1,0,NA,NA,NA,NA,NA,1,0,0,0,0,0,0,1,0,0,FALSE,0,FALSE,1,0,0,0,1,0,0,I think there could be some kind of aid to unpaid caregivers that could be provided,Grandpartent,Female,83,Memory problems,NA,Lives in their own home,NA,2,3,2,4,2,3,3,1,2,2,4,3,2,3,2,1,2,1,3,3,2,2,2,2,3,1,2,1,0,0,0,0,0,0,0,0,1,0,0,0,0,0,0,0,0,0,0,0,0,NA,4,0,0,0,1,0,0,0,0,0,1,0,0,0,1,1,1,0,0,NA,6,1,0,NA,5,3,4,4,3,4,2,2,2,3,1,1,5,4,2,1,5,1,4,4,4,4,4,4,5,4,5,4,4,6,5,4,4,4,3,2,1,2,2,2,3,3,3,3,4,3,2,4,3,NA,NA,NA,NA,1,1,0,0,3,1,1,1,ORANGE,0,0,0,0,0,0,1,0,0,0,1,1,0,0,0,1,1,1,1,0,0,1,0,0,0,0,1,1,1,4,5,5,3,4,3,5,5,3,5,4,5,6,5,5,4,5,4,5,5,4,5,4,4,1,2,1,2,2,1,2,1,1,0,3,3,Not detected,2.75,4,2,2,3,5,6,3,8,4,4,4,4,5,3,6,2,5,4,3,3.3333333333333335,8,0,10,32,33,12,17,25,5.333333333333334,4.416666666666667,4,4.75,4.5,0,0,1,1,1,3
2.358490566037736,-0.9884621639176938,0.9611769910243179,11,2025-07-25T17:32:34Z,2025-07-25T17:46:01Z,100,806,1,2025-07-31T21:38:27Z,R_6uVOwxDN3Sh8z0K,anonymous,1,1,1,0,0,1,70,Female,0,0,0,0,0,0,1,0,Disabled or retired and not looking,"> $150,000",Bachelor's degree,44827,0,4,Married or living with a partner,Christian,Once or twice a year,0,NA,NA,NA,NA,NA,NA,NA,Medical Mutual,3 to 7 years,0,0,0,0,0,0,1,1,0,0,1,0,0,0,0,1-8 hours,0,0,0,0,0,1,0,0,0,0,0,0,0,0,0,1,1,0,0,NA,NA,NA,NA,NA,0,1,1,0,0,0,0,0,1,0,FALSE,0,FALSE,0,0,1,1,0,0,0,Understand the stress,Parent,Female,90,Emotional or mental health issue,NA,Nursing care or long-term care facility,NA,3,2,1,1,2,3,1,1,2,2,1,2,2,2,2,2,1,2,3,3,3,2,2,4,2,1,1,2,0,1,0,0,1,0,0,0,0,0,0,0,0,1,0,0,0,0,0,0,0,NA,3,0,0,0,1,1,0,0,0,0,0,0,0,0,1,0,0,0,0,NA,5,2,1,Book club,2,3,3,3,3,3,3,3,3,3,1,1,5,5,1,1,5,1,2,7,7,6,6,6,6,6,6,6,6,5,6,4,4,4,4,4,4,2,1,1,2,2,1,1,1,1,1,1,3,NA,NA,NA,NA,NA,NA,0,0,2,1,1,1,ORANGE,0,0,0,0,0,0,1,0,0,0,0,1,0,0,0,0,0,0,0,0,0,0,0,1,0,0,0,1,1,7,7,5,6,6,6,2,2,7,3,4,3,6,2,3,6,6,1,6,1,7,7,2,1,2,2,1,1,1,1,1,1,0,1,3,3,Probable AUD,2.75,4,4,1.3333333333333333,1.6666666666666667,6,3,2,2,4,4,5,5,3,3,4,4,7,3,1.6666666666666667,1,6,0,0,13,42,10,32,19,5.555555555555555,6.083333333333333,6.5,5.75,6,0,0,1,1,1,3
1.5822784810126582,-0.9775117073749097,0.6903633063421297,5,2025-07-25T17:31:29Z,2025-07-25T17:46:01Z,100,871,1,2025-07-25T17:46:01Z,R_5OHI4sQDNbvRYrh,anonymous,1,1,1,1,1,1,22,Female,0,0,1,0,0,0,0,0,Full Time,"$100,000 - $149,999",Associate's degree,27526,0,0,Never married,Atheist/Agnostic,Never,0,NA,NA,NA,NA,NA,NA,NA,None,Less than one year,0,1,1,0,0,0,0,0,0,1,0,1,1,0,0,1-8 hours,0,0,1,1,0,0,0,0,0,0,1,0,0,1,0,0,0,0,0,NA,NA,NA,NA,NA,0,1,1,0,0,0,0,1,0,0,FALSE,0,FALSE,0,1,1,0,1,0,0,Create a better community and support for this issue,Grandpartent,Male,70,Emotional or mental health issue,NA,Lives in their own home,NA,2,2,3,1,3,2,3,2,2,4,1,3,3,3,3,2,3,2,3,2,2,1,3,4,2,3,1,2,0,1,0,0,1,1,0,0,0,1,1,0,1,1,1,1,0,0,1,0,0,NA,4,0,0,0,0,1,0,0,0,0,1,0,0,0,0,1,0,0,0,NA,7,1,0,NA,4,3,3,2,4,5,4,3,2,2,3,3,5,5,1,2,6,4,3,3,4,5,4,3,4,5,4,4,4,5,5,3,3,3,2,2,3,2,2,2,3,3,2,3,4,4,4,4,4,NA,NA,NA,NA,NA,NA,0,0,3,2,2,2,ORANGE,0,0,0,0,0,0,1,1,1,0,1,2,0,1,1,1,2,2,1,1,1,2,2,0,0,0,0,1,1,4,5,5,4,4,4,5,5,4,5,4,3,5,4,3,5,3,5,5,3,4,4,5,5,3,3,2,3,3,1,1,1,0,1,2.888888888888889,6,Probable AUD,2.5,3,2.3333333333333335,2,2.6666666666666665,5,5,5,2,6,7,4,4,6,6,5,4,6,2,4,3.6666666666666665,18,6,16,28,30,17,20,25,4.444444444444445,4.166666666666667,3.5,4.5,4.5,0,0,2,1,1,3
1.3888888888888888,-0.9672091917317199,0.87641832234942,6,2025-07-25T17:31:27Z,2025-07-25T17:46:14Z,100,887,1,2025-07-25T17:46:15Z,R_69j9BJ3caS1rdGV,anonymous,1,1,1,1,1,1,18,Female,0,0,0,0,0,0,1,0,Currently in school,"$20,000 - $49,999",Doctoral degree,95828,0,0,Never married,Christian,Every month,0,NA,NA,NA,NA,NA,NA,NA,USAA,1 to 3 years,0,0,1,0,0,0,0,0,0,0,1,0,0,0,0,21-40 hours,0,1,0,0,0,0,0,0,0,1,0,0,0,0,0,0,1,1,0,NA,NA,NA,NA,NA,1,0,0,0,1,0,0,0,0,0,FALSE,0,FALSE,0,1,0,0,0,0,0,Provide me with help and advice,Child,Female,12,Short-term physical condition,NA,Lives in someone else's home,NA,2,1,2,2,3,2,2,1,2,2,1,2,2,1,1,1,1,3,1,2,2,3,2,1,3,2,2,2,0,0,0,0,0,0,0,0,0,0,0,0,0,0,0,0,0,0,1,0,0,NA,3,0,0,0,1,1,1,1,1,0,1,0,0,1,1,1,0,0,0,NA,5,2,1,Nice groups,5,2,1,3,1,2,3,2,1,1,6,4,7,7,5,3,6,5,5,5,6,7,7,6,6,7,6,6,7,6,6,2,1,2,1,2,1,1,2,1,1,1,1,1,1,2,1,2,1,NA,NA,NA,NA,NA,NA,1,1,3,2,1,1,ORANGE,1,0,1,1,1,1,1,0,0,0,1,0,1,1,0,0,0,1,0,1,0,1,0,1,0,0,0,2,1,3,6,5,3,4,5,4,5,6,5,5,2,3,6,4,6,4,2,1,3,2,4,3,2,2,3,3,2,3,3,3,3,0,1,4.222222222222222,4,Probable AUD,1.3333333333333333,1.6666666666666667,1.3333333333333333,1.3333333333333333,1,3,3,3,3,4,4,3,4,3,4,4,5,3,5,1.3333333333333333,1.3333333333333333,10,2,4,22,25,22,21,25,2.666666666666667,6.25,6,6.5,6.25,4,1,2,1,1,3
1.3888888888888888,-0.7858481219260338,0.48681751153097336,5,2025-07-25T17:33:19Z,2025-07-25T17:46:37Z,100,797,1,2025-07-25T17:46:37Z,R_55XHEwz7mzs1eRH,anonymous,1,0,0,1,1,1,40,Male,0,0,1,0,0,0,0,0,Full Time,"$50,000 - $99,999",Associate's degree,32907,1,0,Divorced/Separated,Other,Once or twice a year,0,NA,NA,NA,NA,NA,NA,NA,United Healthcare,8 to 12 years,1,1,0,0,0,0,0,0,0,0,0,1,1,0,0,1-8 hours,0,0,0,0,0,1,0,0,0,0,0,0,0,0,1,0,0,0,0,NA,NA,NA,NA,NA,0,0,0,0,0,0,0,0,0,0,FALSE,1,FALSE,0,0,0,0,0,0,1,No comment,Child,Male,17,Emotional or mental health issue,NA,Lives with me,NA,3,2,3,3,1,3,2,2,2,3,2,4,3,1,2,3,4,4,2,4,3,3,2,4,2,2,1,4,0,0,0,0,0,0,0,0,1,0,0,0,0,0,0,0,0,0,0,0,0,NA,2,0,0,0,1,0,1,0,0,0,1,0,0,0,0,1,0,0,0,NA,2,1,0,NA,1,3,2,2,2,2,2,3,4,3,4,5,4,5,4,3,6,4,1,5,4,4,3,5,4,4,3,5,4,4,5,4,2,3,2,2,5,3,3,3,4,4,3,4,2,5,4,2,3,NA,NA,NA,NA,NA,NA,0,0,2,1,1,1,ORANGE,0,0,0,0,0,0,3,1,2,1,1,2,2,3,1,3,2,2,3,3,2,2,3,3,2,2,1,1,1,5,5,6,5,4,4,4,4,4,6,4,4,4,5,4,3,4,5,3,4,5,5,5,4,3,1,3,2,2,2,2,1,1,0,3.4444444444444446,3,Not detected,3.1666666666666665,3,3,3,3.6666666666666665,5,4,5,5,3,5,6,5,8,5,3,8,8,4,3,3.6666666666666665,36,22,30,31,28,16,22,25,4,4.166666666666667,4.5,3.5,4.5,0,0,1,1,1,3
1.8656716417910448,-0.9472219722883017,0.6141031669468603,10,2025-07-25T17:33:50Z,2025-07-25T17:47:06Z,100,795,1,2025-07-31T21:38:27Z,R_5coaV46TlQk8LhG,anonymous,1,1,1,1,1,1,48,Male,0,0,0,0,0,0,1,0,Full Time,"$50,000 - $99,999",Some college,47403,1,0,Never married,Christian,Every month,0,NA,NA,NA,NA,NA,NA,NA,Aetna,3 to 7 years,1,1,1,1,0,1,0,1,1,1,0,1,1,1,0,9-20 hours,1,1,1,1,1,0,1,0,1,1,0,0,0,0,0,0,0,1,0,NA,NA,NA,NA,NA,1,1,1,0,0,1,0,1,1,0,FALSE,0,FALSE,1,1,0,0,1,0,0,Have someone who can help clean up the house.,Child,Male,4,Emotional or mental health issue,NA,Lives with me,NA,2,2,2,3,2,2,2,3,4,2,3,3,3,2,2,1,2,2,2,2,3,4,3,2,3,2,3,2,0,1,1,0,1,1,0,0,0,0,1,1,0,0,0,0,0,0,0,0,0,NA,4,0,0,1,1,1,1,1,0,1,0,0,0,0,0,1,1,0,0,NA,7,1,0,NA,6,4,5,4,4,4,4,3,3,4,3,3,5,6,5,4,4,5,4,3,3,5,5,6,6,5,5,5,5,4,5,3,4,3,3,3,3,3,3,3,3,3,3,4,3,3,3,2,3,NA,NA,1,1,NA,NA,0,0,2,4,2,3,ORANGE,1,1,1,1,1,1,2,2,2,3,3,2,2,2,2,2,0,2,1,2,1,2,2,2,3,3,2,3,1,2,5,3,5,4,3,4,4,3,3,5,4,6,5,5,4,4,4,4,4,4,3,4,5,3,3,3,3,3,4,3,2,1,0,2.111111111111111,9,Probable AUD,3.0833333333333335,3.3333333333333335,3,3,3,4,4,5,6,4,5,3,7,5,5,5,4,4,7,2.6666666666666665,3.3333333333333335,24,32,28,31,30,24,17,19,3.666666666666667,4.75,4.25,4.75,5.25,5,1,2,1,1,3
1.524390243902439,-0.9803629808361772,0.8295160569280816,6,2025-07-25T17:31:19Z,2025-07-25T17:48:04Z,100,1005,1,2025-07-25T17:48:05Z,R_61ixnMZfWE4Iknv,anonymous,1,1,1,0,0,1,54,Female,0,0,0,0,0,0,1,0,Full Time,"$50,000 - $99,999",Associate's degree,06076,0,1,Married or living with a partner,Christian,Once or twice a year,0,NA,NA,NA,NA,NA,NA,NA,Medicare,1 to 3 years,1,1,1,1,1,1,0,1,1,1,0,1,1,0,0,9-20 hours,0,1,1,1,0,0,1,0,0,0,0,0,0,0,0,0,0,1,0,NA,NA,NA,NA,NA,1,1,0,1,1,1,0,0,1,0,FALSE,0,FALSE,0,1,0,0,0,0,0,More emotional support,Parent,Female,78,Long-term physical condition,NA,Lives in their own home,NA,2,3,1,1,2,1,2,1,1,2,1,3,2,2,2,1,3,2,2,2,1,2,2,3,2,2,3,3,0,1,1,0,0,0,0,0,0,0,0,0,0,1,0,0,0,0,0,0,0,NA,7,0,0,0,1,0,0,0,0,0,1,0,0,0,0,1,0,0,0,NA,5,1,0,NA,6,3,3,4,4,3,4,3,3,3,2,1,6,7,6,5,6,5,6,4,5,6,5,6,5,4,6,6,5,5,5,5,4,3,2,2,1,1,2,2,1,2,2,3,2,3,2,3,2,NA,NA,1,1,NA,NA,0,0,2,1,1,1,ORANGE,0,0,0,0,0,0,1,0,0,0,1,0,0,1,0,0,0,0,1,0,0,0,0,1,0,0,0,1,1,4,5,5,5,5,5,5,4,3,5,5,2,6,2,2,5,6,2,7,1,6,6,2,1,1,2,1,1,2,1,1,1,0,1,2.6666666666666665,3,Probable AUD,2.25,4,1.6666666666666667,1.6666666666666667,1.6666666666666667,4,5,2,2,4,4,2,2,6,4,4,5,5,5,2.3333333333333335,2.6666666666666665,6,0,4,12,41,10,22,24,3.1111111111111107,5.166666666666667,5,5.5,5,0,0,1,1,1,3
1.3297872340425532,-0.9375844428346775,0.7084260573471838,4,2025-07-25T17:33:27Z,2025-07-25T17:48:39Z,100,911,1,2025-07-25T17:48:40Z,R_52UUNQvhT0QpAD6,anonymous,1,1,1,0,0,1,25,Male,0,0,0,0,0,0,1,0,Part Time,"$50,000 - $99,999",Associate's degree,55419,1,0,Married or living with a partner,Christian,Once or twice a year,0,NA,NA,NA,NA,NA,NA,NA,State farm,1 to 3 years,1,0,1,0,0,0,0,1,1,1,0,0,1,0,0,21-40 hours,1,0,0,0,0,0,0,1,0,0,0,0,0,1,0,0,1,1,0,NA,NA,NA,NA,NA,0,1,0,0,0,1,0,0,1,0,FALSE,0,FALSE,1,0,0,0,0,0,0,Helps me to get some sleep,Sibling,Male,24,Short-term physical condition,NA,Lives in their own home,NA,3,4,4,3,2,3,4,3,3,3,4,3,4,4,2,4,4,3,3,3,3,4,3,4,2,3,4,3,0,1,1,0,1,1,0,0,1,0,0,0,1,0,1,0,0,1,1,0,0,NA,9,0,1,0,1,1,1,0,1,1,1,0,0,1,1,1,1,0,0,NA,9,1,1,Sports group,9,1,2,2,1,2,2,2,1,2,5,7,5,5,5,7,6,6,7,5,6,5,7,6,5,5,6,6,5,7,6,4,2,3,5,3,4,5,1,3,1,2,2,4,4,5,4,5,4,NA,NA,NA,1,1,NA,0,0,1,5,2,4,ORANGE,0,0,0,1,0,0,2,3,3,1,2,3,2,3,0,2,3,3,2,1,2,1,0,1,2,2,3,1,1,6,7,5,5,6,6,4,6,3,7,5,5,6,5,5,5,5,1,2,1,6,1,1,1,3,4,4,3,3,2,3,4,1,0,4.333333333333333,11,Probable AUD,2.9166666666666665,3,4,3,1.6666666666666667,6,8,7,7,4,6,7,6,7,7,6,6,7,8,4.333333333333333,4.333333333333333,32,24,26,19,30,26,26,29,2.1111111111111107,5.75,5.5,6.25,5.5,1,0,1,1,1,3
1.644736842105263,-0.9793635670684386,0.8589688187864853,5,2025-07-25T17:32:09Z,2025-07-25T17:48:58Z,100,1009,1,2025-07-25T17:48:59Z,R_1iUBcW9xHZ3q0E8,anonymous,1,1,1,1,1,1,58,Female,0,0,0,0,0,0,1,0,Part Time,"$50,000 - $99,999",High school diploma or equivalent,29687,1,0,Married or living with a partner,Christian,Every month,0,NA,NA,NA,NA,NA,NA,NA,United Healthcare,More than 12 years,1,1,1,1,1,1,0,1,1,1,1,1,1,1,0,21-40 hours,1,1,1,1,0,0,0,1,1,0,1,0,0,0,0,0,0,0,0,NA,NA,NA,NA,NA,0,1,1,0,1,0,1,1,0,0,FALSE,0,FALSE,1,1,0,0,1,0,0,"Have services that could give us a break physically,  financially and mentally",Parent,Female,87,Long-term physical condition,NA,Lives with me,NA,1,4,3,2,3,2,3,2,3,2,2,3,2,3,2,2,2,3,2,3,2,2,3,4,4,2,2,1,0,0,1,0,1,1,0,0,1,0,1,1,0,1,0,0,0,1,1,0,0,NA,5,0,0,0,1,1,1,1,1,0,1,0,0,0,0,1,1,0,0,NA,3,1,0,NA,4,3,4,5,2,2,2,2,1,2,1,1,6,6,1,2,6,2,2,5,5,5,3,5,5,5,5,6,5,5,5,4,3,3,3,2,2,2,2,3,4,3,2,4,4,4,4,4,3,1,NA,NA,NA,NA,1,0,0,3,3,2,2,ORANGE,1,1,1,1,0,0,2,1,1,0,1,1,0,1,1,1,1,1,2,1,1,0,0,1,1,1,0,1,1,5,5,5,5,6,6,5,5,5,5,5,4,5,3,4,3,4,3,3,2,5,4,3,3,2,2,1,1,2,1,1,1,0,1,3.4444444444444446,7,Probable AUD,2.75,3.3333333333333335,2.3333333333333335,2.3333333333333335,3,3,7,5,4,5,5,4,5,5,4,7,4,7,4,3.6666666666666665,4,16,10,10,22,29,11,27,25,5,4.916666666666667,5,4.5,5.25,3,1,2,1,1,3
1.6233766233766234,-0.9147804814734649,0.6742121100438951,9,2025-07-25T17:34:29Z,2025-07-25T17:49:19Z,100,890,1,2025-07-25T17:49:20Z,R_1g6hX90eqiNjNTj,anonymous,1,1,1,0,0,1,26,Female,0,0,0,0,0,0,1,0,Full Time,"> $150,000",Associate's degree,60607,0,0,Married or living with a partner,Christian,Once or twice a year,0,NA,NA,NA,NA,NA,NA,NA,Aetna,3 to 7 years,1,1,1,1,1,1,0,1,1,1,1,1,1,1,0,9-20 hours,0,1,0,0,1,0,1,0,0,0,0,0,0,0,0,0,0,1,0,NA,NA,NA,NA,NA,1,1,1,1,1,1,1,1,1,0,FALSE,0,FALSE,1,1,0,0,1,0,0,Provide resources and more tangible support,Parent,Female,80,Long-term physical condition,NA,Lives in their own home,NA,3,3,2,2,4,1,3,2,3,4,2,4,2,4,4,1,4,1,4,4,2,4,4,3,4,1,4,1,0,0,0,0,0,1,0,0,0,1,1,0,1,0,1,0,0,0,1,0,0,NA,6,0,0,0,1,1,1,0,1,1,1,0,0,0,1,1,1,0,0,NA,6,2,1,Reddit forums for caregiving,4,3,3,2,2,4,2,2,2,2,1,1,7,7,1,1,7,1,7,3,5,4,4,4,4,5,5,5,4,5,4,4,4,4,4,2,3,2,2,2,2,2,2,3,4,3,3,4,3,NA,NA,NA,1,1,NA,0,0,3,4,2,4,ORANGE,0,0,0,0,0,0,1,0,1,0,1,1,0,1,1,1,1,1,1,1,1,1,0,1,1,0,0,1,1,6,4,5,4,5,4,4,5,6,5,4,4,5,3,5,2,4,2,6,1,4,4,1,2,2,2,2,2,2,1,2,2,0,1,3.5555555555555554,10,Probable AUD,2.75,4,3,2,2,7,6,4,4,8,8,2,5,8,3,8,2,7,8,3.3333333333333335,3.3333333333333335,14,6,10,18,29,15,25,23,4.333333333333334,4.333333333333333,4,4.5,4.5,0,0,1,1,1,3
1.7361111111111112,-0.9642088411076756,0.8399431151614841,11,2025-07-25T17:35:19Z,2025-07-25T17:49:54Z,100,874,1,2025-07-25T17:49:54Z,R_71gtwjeN61BjVmW,anonymous,1,1,1,1,1,1,38,Female,0,1,0,0,0,0,0,0,Full Time,"$20,000 - $49,999",Associate's degree,73117,3,0,Divorced/Separated,Christian,Weekly,0,NA,NA,NA,NA,NA,NA,NA,Blue Cross and Blue Shield,3 to 7 years,1,1,1,1,1,1,0,1,1,1,1,1,1,1,0,21-40 hours,0,1,0,1,1,0,1,0,1,0,1,0,0,0,0,0,1,0,0,NA,NA,NA,NA,NA,0,1,0,1,0,0,0,0,1,0,FALSE,0,FALSE,1,0,0,0,0,1,0,I think sometimes checking on somebody goes a long way I also think that you know offering maybe to help clean or cook sometimes would be would be very helpful.,Grandpartent,Female,85,Memory problems,NA,Lives with me,NA,3,3,2,1,3,1,3,2,3,2,1,3,1,3,3,1,3,1,2,3,1,3,3,4,4,1,4,1,0,1,1,0,0,1,0,0,1,0,0,0,0,1,1,0,0,0,1,0,0,NA,3,0,0,0,1,1,0,0,0,1,1,0,0,0,1,1,1,0,0,NA,8,1,0,NA,3,3,2,2,2,1,2,1,1,1,6,2,6,6,3,2,6,3,2,5,5,5,4,5,5,5,5,6,5,5,5,2,2,3,3,2,3,2,1,2,2,2,2,4,4,3,4,3,4,NA,NA,NA,NA,NA,1,1,1,3,2,1,2,ORANGE,0,0,0,0,0,0,1,1,1,1,1,1,1,1,2,1,1,1,1,1,1,1,1,1,1,1,0,1,1,5,5,4,5,6,5,5,5,5,5,4,5,6,3,3,6,6,2,5,3,6,6,3,3,2,3,3,3,3,2,3,1,0,1,4.333333333333333,5,Probable AUD,2.1666666666666665,2.3333333333333335,2.6666666666666665,1.6666666666666667,2,5,6,4,2,6,5,2,4,6,2,7,2,7,7,3.6666666666666665,3.6666666666666665,14,16,12,22,39,20,26,24,4,5,5,4.75,5.25,0,0,2,1,1,3
1.838235294117647,-0.9499861882546592,0.6945366871673341,9,2025-07-25T17:34:18Z,2025-07-25T17:49:58Z,100,939,1,2025-07-25T17:49:58Z,R_5AiepIihcZIS16F,anonymous,1,1,1,1,1,1,55,Male,0,0,0,0,0,0,1,0,Unemployed and looking,"$50,000 - $99,999",Less than high school degree,10003,3,0,Married or living with a partner,Christian,Weekly,1,NA,1,NA,NA,NA,NA,2,Bank of America,8 to 12 years,1,0,1,1,1,1,0,0,0,0,0,0,1,0,0,1-8 hours,0,0,1,0,0,0,0,0,0,0,0,0,1,0,0,0,0,0,0,NA,NA,NA,NA,NA,0,1,0,0,0,1,0,1,0,0,FALSE,0,FALSE,1,0,0,0,0,0,0,It's good and safety,Spouse,Female,4,Long-term physical condition,NA,Lives with me,NA,3,3,2,1,3,3,3,3,3,3,2,3,3,4,3,3,4,4,3,3,2,2,2,2,3,1,4,1,0,1,0,0,1,0,0,1,0,0,0,0,0,0,0,0,0,0,0,0,0,NA,3,0,0,0,1,1,1,0,1,0,1,1,0,1,0,0,0,0,0,NA,6,2,0,NA,5,2,2,2,2,2,1,2,2,1,1,1,1,1,1,1,7,7,7,5,6,5,6,6,6,5,4,6,5,6,6,2,3,3,3,3,3,1,4,2,2,2,2,4,3,3,4,4,4,NA,NA,NA,NA,NA,NA,0,0,1,3,5,3,ORANGE,0,0,0,0,0,1,0,1,1,0,0,0,0,1,0,0,0,1,0,1,1,1,2,2,0,1,1,1,1,4,7,6,5,6,5,6,6,1,6,6,1,2,4,1,2,1,3,2,2,6,5,1,1,3,2,2,3,3,3,3,1,1,0,4.222222222222222,11,Probable AUD,2.5,2.6666666666666665,3,2.3333333333333335,2,6,6,5,3,6,5,6,5,7,4,7,5,5,6,4,3.3333333333333335,10,6,10,13,24,20,21,31,5,5.5,5.5,5.25,5.75,1,0,2,1,1,3
1.6025641025641026,-0.9706479383453349,0.8027045791953169,17,2025-07-25T17:31:49Z,2025-07-25T17:50:06Z,100,1096,1,2025-07-25T17:50:06Z,R_1oZo8sdShPtUsAj,anonymous,1,1,0,1,2,1,53,Female,0,0,0,0,0,0,1,0,Unemployed and looking,"$20,000 - $49,999",High school diploma or equivalent,48507,2,0,Divorced/Separated,Other,Never,0,NA,NA,NA,NA,NA,NA,NA,Blue cross,More than 12 years,1,1,1,0,0,0,0,1,1,0,0,1,0,0,0,1-8 hours,0,0,0,0,0,1,0,0,0,0,0,0,0,0,1,0,0,1,0,NA,NA,NA,NA,NA,0,0,0,0,0,0,0,0,0,0,FALSE,1,FALSE,0,0,0,0,0,0,1,Nothing,Child,Female,16,Developmental or intellectual disorder,NA,Lives with me,NA,1,2,1,1,1,1,4,1,1,1,1,1,1,1,1,1,1,1,1,1,1,1,1,1,1,1,2,1,0,0,0,0,0,0,0,0,0,0,0,0,0,0,0,0,0,0,0,1,0,NA,1,0,0,0,0,1,0,0,1,0,0,0,0,0,0,1,0,0,0,NA,6,1,0,NA,6,3,3,1,2,2,2,1,2,1,4,5,6,7,3,4,6,5,7,4,3,4,3,4,2,2,4,4,1,4,3,2,1,2,1,2,1,1,1,2,1,1,2,4,5,4,5,4,3,NA,NA,NA,NA,NA,NA,0,0,2,1,1,1,ORANGE,0,0,1,0,1,0,0,2,0,1,0,0,0,1,1,0,0,0,0,0,0,0,0,0,0,0,0,1,1,4,5,3,6,6,7,5,4,7,4,5,1,7,1,5,5,5,1,6,1,7,5,1,2,2,4,2,1,2,1,2,2,0,1,4.111111111111111,3,Probable AUD,1.4166666666666667,1.6666666666666667,1.3333333333333333,1.3333333333333333,1.3333333333333333,2,6,2,2,2,2,2,2,2,2,2,2,2,3,4,4.333333333333333,2,8,0,12,40,16,30,21,2.7777777777777777,3.1666666666666665,3,3.75,2.75,2,0,2,1,1,3
1.2755102040816326,-0.7941696668087349,0.5873842802045245,3,2025-07-25T17:32:16Z,2025-07-25T17:50:10Z,100,1074,1,2025-07-25T17:50:10Z,R_30kEYaW3nD4oP7P,anonymous,1,1,3,1,3,1,20,Male,0,0,1,0,0,0,0,0,Full Time,"$50,000 - $99,999",High school diploma or equivalent,60504,0,0,Never married,Buddhist,Every month,0,NA,NA,NA,NA,NA,NA,NA,usabb,8 to 12 years,1,1,1,1,1,1,0,1,1,1,1,1,1,1,0,40+ hours,0,0,1,0,0,0,0,0,0,0,1,0,0,0,0,0,1,0,1,3,3,3,1,2,1,1,1,1,1,0,1,0,1,0,FALSE,0,FALSE,1,1,0,1,0,1,0,give me discounts at places,Grandpartent,Male,90,Long-term physical condition,NA,Lives in their own home,NA,2,2,4,3,2,3,2,2,4,3,2,3,2,4,3,2,2,2,1,4,3,1,1,3,3,2,3,3,0,0,0,0,0,0,0,0,0,1,0,0,0,0,0,0,0,0,0,0,0,NA,8,0,1,0,0,0,0,0,0,0,0,0,0,0,0,0,0,0,0,NA,6,1,0,NA,7,4,4,3,4,4,3,4,3,4,5,4,3,7,5,4,3,6,5,5,3,5,4,3,6,5,6,4,6,6,4,4,3,3,4,3,2,5,3,4,3,5,3,4,3,5,4,2,4,NA,NA,NA,1,NA,NA,1,1,3,3,3,3,ORANGE,1,1,1,1,1,1,3,3,2,3,1,2,2,1,3,2,2,2,3,1,1,1,3,2,0,3,1,3,1,5,5,5,6,4,3,3,4,4,5,4,3,5,4,3,5,4,3,4,4,3,6,5,5,3,2,3,1,2,2,2,3,1,0,2.3333333333333335,9,Probable AUD,3.5,3.3333333333333335,3,4,3.6666666666666665,3,4,6,5,5,4,5,7,5,4,7,5,7,4,3.3333333333333335,4,26,30,26,27,31,18,22,22,3.333333333333333,4.75,4.25,5.25,4.75,5,1,6,1,1,3
1.6233766233766234,-0.9747120057649311,0.8551611468757726,7,2025-07-25T17:41:10Z,2025-07-25T17:51:48Z,100,637,1,2025-07-25T17:51:48Z,R_7goPrnHYOOjiKul,anonymous,1,1,1,1,1,1,33,Male,0,0,1,0,0,0,0,0,Full Time,"$50,000 - $99,999",High school diploma or equivalent,67212,1,0,Never married,Christian,Once or twice a year,0,NA,NA,NA,NA,NA,NA,NA,red cross,3 to 7 years,1,1,1,1,1,1,0,1,1,1,1,1,1,1,0,40+ hours,0,0,0,1,1,0,0,0,0,0,0,0,0,0,1,0,1,1,0,NA,NA,NA,NA,NA,1,1,1,1,1,1,1,0,0,0,FALSE,0,FALSE,0,1,1,0,0,0,0,it can all come as one,Sibling,Male,55,Long-term physical condition,NA,Lives with me,NA,4,4,3,3,3,4,4,2,2,3,1,3,2,3,3,3,2,3,4,4,2,2,2,3,2,4,3,3,0,1,0,0,1,1,0,0,1,0,0,0,0,0,0,0,0,0,0,0,0,NA,7,0,1,1,1,1,1,0,0,0,1,0,0,0,1,1,1,0,0,NA,9,1,0,NA,9,1,1,2,2,1,1,3,3,3,7,6,4,5,5,4,4,6,7,6,7,7,6,4,5,6,6,7,7,5,5,4,4,3,3,5,5,4,5,4,3,3,3,4,5,5,4,3,5,1,1,NA,NA,NA,NA,0,0,1,5,3,4,ORANGE,0,1,0,0,0,0,0,1,1,2,0,1,1,0,0,2,1,2,0,1,1,1,0,0,0,0,2,1,1,5,6,7,4,5,6,7,6,2,7,1,1,1,1,1,1,1,1,1,2,2,1,1,1,3,3,2,2,2,1,3,3,1,0,4.111111111111111,12,Probable AUD,3.8333333333333335,3.6666666666666665,4.333333333333333,4.333333333333333,3,8,8,5,4,6,5,7,4,5,6,5,6,7,5,4,4.666666666666667,10,10,12,8,8,19,22,33,2.666666666666667,5.916666666666667,6,6,5.75,1,0,2,1,1,3
1.3157894736842106,-0.8550242128113105,0.2891857902974766,4,2025-07-25T17:44:04Z,2025-07-25T17:51:53Z,100,468,1,2025-07-25T17:51:53Z,R_5fiysvvNqzwoK0w,anonymous,1,1,1,0,0,1,23,Female,0,0,1,0,0,0,0,0,Full Time,"$50,000 - $99,999",Associate's degree,67552,0,0,Never married,Christian,Weekly,0,NA,NA,NA,NA,NA,NA,NA,Medicaid,Less than one year,0,0,1,0,1,0,0,0,0,0,1,1,0,0,0,1-8 hours,0,0,0,0,0,1,1,0,0,0,0,0,0,0,0,0,1,1,0,NA,NA,NA,NA,NA,0,0,0,0,0,0,1,0,0,0,FALSE,0,FALSE,0,0,0,0,1,0,0,Give them mkre cediibiloty,Parent,Male,60,Long-term physical condition,NA,Lives in their own home,NA,3,2,3,2,2,3,2,4,3,4,2,2,3,4,3,3,2,1,1,3,3,3,2,3,2,1,4,3,0,0,0,0,0,0,0,0,0,0,0,0,0,0,0,1,0,0,0,0,0,NA,3,0,0,0,0,0,0,0,0,0,0,0,0,0,0,0,0,1,0,NA,1,1,0,NA,6,2,3,4,5,2,5,4,2,5,4,5,3,5,2,2,6,1,3,2,4,6,3,3,4,3,7,7,1,5,4,4,2,3,3,3,5,5,4,4,1,2,2,2,3,5,1,2,2,NA,NA,NA,NA,NA,NA,0,0,1,1,1,1,ORANGE,0,0,0,0,0,0,3,0,0,1,2,0,2,2,3,3,1,2,3,2,3,0,3,3,3,0,1,1,1,6,5,3,2,3,6,5,4,1,1,3,4,4,5,5,4,2,1,7,6,2,3,5,3,1,1,1,1,4,4,2,3,0,1,2.4444444444444446,3,Probable AUD,3.1666666666666665,3,3.6666666666666665,4.333333333333333,1.6666666666666667,4,4,7,4,5,6,6,6,4,4,6,4,6,7,1.6666666666666667,3.3333333333333335,26,24,24,29,25,17,18,18,4.555555555555555,4.083333333333333,2.5,5.25,4.5,0,0,1,1,1,3
2.1551724137931036,-0.8264382053853643,0.8122212099039993,12,2025-07-25T17:32:10Z,2025-07-25T17:52:03Z,100,1192,1,2025-07-31T21:38:27Z,R_3BWWA9hNToj0XUC,anonymous,1,1,3,1,1,1,50,Female,0,0,0,0,0,0,1,0,Full Time,"$50,000 - $99,999",High school diploma or equivalent,84111,0,1,Never married,Atheist/Agnostic,Never,0,NA,NA,NA,NA,NA,NA,NA,Blue Cross/Blue Shield,More than 12 years,1,1,1,1,1,1,0,1,1,1,0,1,1,1,0,21-40 hours,0,1,0,0,0,0,1,0,0,0,0,0,0,0,0,0,1,1,1,3,2,2,3,3,0,1,1,0,0,0,0,0,1,0,FALSE,0,FALSE,0,1,0,1,0,1,0,"I'm not really sure what, if anything, they can do",Friend,Female,75,Memory problems,NA,Lives in their own home,NA,3,2,3,3,2,2,2,2,2,3,3,2,2,2,3,2,2,4,4,4,4,1,4,2,3,3,2,3,0,1,0,0,0,1,0,0,0,0,1,0,0,0,0,0,0,0,0,0,0,NA,9,1,0,1,1,1,1,0,1,1,1,0,0,1,1,1,0,0,0,NA,9,2,1,Red Cross,9,3,3,2,1,2,2,2,3,2,1,1,7,7,1,1,7,1,1,7,7,7,7,7,7,7,7,7,7,7,7,4,4,4,4,2,2,2,2,2,2,2,2,4,4,4,4,4,4,NA,1,NA,NA,NA,1,1,1,5,5,5,5,ORANGE,1,1,1,1,1,1,3,2,3,0,3,1,1,3,1,3,3,3,3,3,3,3,3,1,1,3,3,4,1,1,7,7,1,1,1,7,7,1,7,4,7,7,4,7,2,7,7,4,4,4,1,4,7,4,4,4,4,4,1,4,1,0,1,3.7777777777777777,15,Probable AUD,2.6666666666666665,4,2.6666666666666665,2,2,7,4,5,6,5,7,4,6,4,5,5,7,6,3,4,4,34,22,42,40,29,26,5,35,5,7,7,7,7,5,1,4,1,1,3
2.0161290322580645,-0.9606337900409759,0.7941449773137286,15,2025-07-25T17:36:46Z,2025-07-25T17:52:04Z,100,918,1,2025-07-31T21:38:27Z,R_53TYnJJmhgR8Hhy,anonymous,1,1,1,0,0,1,36,Female,0,0,0,0,0,0,1,0,Full Time,"$100,000 - $149,999",Associate's degree,10037,3,0,Married or living with a partner,Christian,Once or twice a year,0,NA,NA,NA,NA,NA,NA,NA,AAA,3 to 7 years,0,1,0,0,0,0,0,0,0,0,1,0,0,0,0,9-20 hours,0,0,1,1,0,0,0,1,1,0,0,0,0,0,0,0,0,0,0,NA,NA,NA,NA,NA,0,0,0,1,1,1,0,0,0,0,FALSE,0,FALSE,0,0,0,1,0,0,0,Free,Parent,Female,65,Memory problems,NA,Lives with me,NA,3,3,3,2,2,2,3,2,3,2,2,2,2,3,3,2,2,3,3,3,3,2,3,3,3,3,3,2,0,0,0,0,0,1,0,0,0,1,0,0,1,0,0,0,0,0,0,0,0,NA,2,0,0,0,0,1,1,1,1,0,1,0,1,0,1,1,1,1,0,NA,2,1,0,NA,2,2,2,2,2,3,2,2,2,2,6,7,5,6,6,6,6,6,6,5,6,5,4,5,5,6,4,6,5,6,5,2,3,2,2,2,3,2,2,2,2,2,2,4,3,4,3,4,3,NA,NA,1,NA,NA,NA,1,0,2,3,2,2,ORANGE,0,0,0,0,0,0,2,3,2,2,2,2,2,2,2,2,2,2,2,2,2,2,2,3,2,2,2,3,1,5,5,5,6,5,5,5,5,3,5,5,6,4,5,4,5,5,6,5,4,5,5,5,5,3,3,3,3,4,3,3,2,0,1,3.888888888888889,7,Probable AUD,2.1666666666666665,2.3333333333333335,2.3333333333333335,2,2,6,6,5,4,5,5,4,6,4,5,6,5,6,5,3.3333333333333335,3.6666666666666665,30,30,28,35,34,24,24,25,2,5.166666666666667,5.25,4.75,5.5,0,0,1,1,1,3
1.7857142857142858,-0.972871607303904,0.9430147682065744,15,2025-07-25T17:34:54Z,2025-07-25T17:52:11Z,100,1036,1,2025-07-25T17:52:11Z,R_6wHmPucmV4ivJtT,anonymous,1,1,2,1,0,1,68,Male,0,0,0,0,0,0,1,0,"Not working, not looking","$50,000 - $99,999",Some college,95340,0,2,Married or living with a partner,Christian,Never,1,NA,NA,NA,1,NA,NA,4,Medicare,3 to 7 years,0,0,0,0,0,0,1,1,0,1,1,1,0,1,0,1-8 hours,0,0,0,0,0,1,0,0,0,0,0,0,0,0,0,1,1,0,0,NA,NA,NA,NA,NA,0,0,0,0,0,0,0,0,0,0,FALSE,1,FALSE,1,0,0,0,0,0,0,Deliver meals,Other family member,Female,92,Memory problems,NA,Lives in their own home,NA,2,2,2,1,2,2,3,1,1,2,1,3,1,2,3,1,1,2,4,4,2,1,2,3,2,1,1,2,0,1,0,0,1,0,0,0,1,1,0,0,0,0,0,0,0,0,0,0,0,NA,2,0,0,0,1,0,0,0,0,0,0,0,0,0,0,0,0,0,0,NA,2,1,0,NA,4,3,3,3,4,3,3,3,3,3,7,4,4,4,5,4,2,5,4,7,7,6,5,7,5,5,7,6,7,6,6,2,2,2,3,2,2,1,2,1,1,1,2,1,1,1,2,2,2,NA,NA,NA,NA,NA,NA,0,0,1,1,1,1,ORANGE,0,0,0,0,0,0,0,0,0,0,0,0,0,0,0,0,0,0,0,0,0,1,0,0,0,0,0,1,1,6,6,3,6,6,6,7,5,7,5,6,2,7,1,1,1,7,1,5,1,7,6,1,1,2,2,1,1,4,1,2,1,1,0,2.888888888888889,3,Not detected,1.75,2,2.3333333333333335,1.3333333333333333,1.3333333333333333,6,5,3,2,5,4,3,3,4,2,4,4,7,2,2,1,0,0,2,8,39,14,31,26,3.666666666666667,6.166666666666667,7,6,5.5,0,0,2,1,1,3
1.953125,-0.9763040447033514,0.8900610694868809,11,2025-07-25T17:32:49Z,2025-07-25T17:52:12Z,100,1163,1,2025-07-30T15:24:11Z,R_5mIqVRpdORWdMtP,anonymous,1,1,1,0,0,1,34,Female,0,0,1,0,0,0,0,0,Full Time,"$10,000 - $19,999",Some college,73501,2,0,Never married,Other,Never,0,NA,NA,NA,NA,NA,NA,NA,Ambetter,Less than one year,1,0,1,1,1,1,0,0,0,1,0,1,1,1,0,21-40 hours,0,0,0,0,0,1,0,0,0,0,0,0,0,0,0,1,0,1,0,NA,NA,NA,NA,NA,1,0,0,1,0,0,0,0,0,0,FALSE,0,FALSE,0,0,1,0,1,1,0,Make donations for things needed for their care,Other family member,Female,74,Memory problems,NA,Lives in their own home,NA,1,4,1,1,2,1,3,1,1,2,1,1,1,3,1,1,1,1,3,4,1,4,1,4,1,1,4,1,0,1,0,0,0,1,0,0,1,1,0,0,0,1,0,0,0,0,0,0,0,NA,7,0,1,0,1,1,0,0,0,0,1,0,0,0,1,1,0,0,0,NA,9,2,1,Foodies,9,3,5,3,3,2,5,3,2,1,5,4,4,4,4,7,2,3,1,6,6,4,4,6,6,4,4,6,6,6,6,1,1,2,1,1,1,1,1,1,1,1,2,1,1,3,1,1,1,NA,NA,NA,NA,NA,NA,1,0,2,2,1,1,ORANGE,1,1,1,1,0,0,0,0,0,0,0,0,0,0,0,0,0,1,0,0,0,0,0,0,0,0,0,1,1,7,3,7,6,7,7,4,7,7,6,5,1,6,2,1,6,6,1,7,1,7,7,1,2,1,1,1,1,4,1,1,1,0,1,3,4,Probable AUD,1.1666666666666667,1.3333333333333333,1,1,1.3333333333333333,4,7,2,2,3,3,2,2,2,2,4,2,8,8,1,1.6666666666666667,2,0,0,9,44,11,34,27,4.222222222222222,5.333333333333333,6,4.5,5.5,3,1,1,1,1,3
1.0964912280701755,-0.8749637098440415,0.6386884440587571,3,2025-07-25T17:41:39Z,2025-07-25T17:52:17Z,100,637,1,2025-07-25T17:52:17Z,R_3pJFYYItYiEXjZF,anonymous,1,1,1,1,1,1,33,Female,0,0,0,0,0,0,1,0,Full Time,"$50,000 - $99,999",Bachelor's degree,10005,1,0,Married or living with a partner,Christian,Every month,0,NA,NA,NA,NA,NA,NA,NA,No thing,3 to 7 years,0,1,1,0,1,0,0,0,0,1,1,0,1,0,0,9-20 hours,1,1,0,0,0,0,0,1,0,1,0,0,1,0,0,0,1,0,1,2,3,2,1,3,0,1,1,0,0,1,1,1,0,0,FALSE,0,FALSE,1,0,1,0,1,0,0,Good people,Child,Male,37,Memory problems,NA,Lives in their own home,NA,3,4,3,4,3,3,4,3,4,3,1,2,2,3,3,4,3,2,2,1,3,4,2,3,2,2,3,3,0,1,1,0,1,1,0,0,0,1,1,0,0,1,0,1,1,0,0,0,0,NA,8,0,0,1,1,1,1,0,1,0,1,0,1,1,0,1,1,0,0,NA,6,2,1,Twittee,7,2,3,4,5,3,5,3,2,4,6,4,3,6,5,4,5,5,5,6,4,5,6,6,7,6,4,6,5,7,5,4,3,5,2,4,3,3,4,2,3,5,3,4,5,3,4,3,4,1,NA,1,NA,1,NA,1,0,4,3,3,4,ORANGE,1,0,1,0,0,1,1,3,2,2,3,2,1,2,1,2,3,2,2,1,3,1,3,1,0,1,2,3,1,4,1,5,3,6,7,5,4,2,6,6,4,3,6,7,5,5,6,7,5,4,6,7,4,1,3,4,3,1,2,3,2,0,1,2.5555555555555554,10,Probable AUD,3.4166666666666665,4,3,3,3.6666666666666665,5,8,6,5,6,5,7,7,5,4,5,5,4,7,3.6666666666666665,4,24,22,30,39,36,19,22,21,3.2222222222222223,5.583333333333333,5.25,5.5,6,2,0,2,1,1,3
1.2019230769230769,-0.94334135481866,0.6502958481709845,2,2025-07-25T17:41:03Z,2025-07-25T17:52:33Z,100,689,1,2025-07-25T17:52:33Z,R_7q7GzZSxkj28TVC,anonymous,1,1,1,0,0,1,38,Female,0,0,1,0,0,0,0,0,Unemployed and looking,"< $10,000",Less than high school degree,39845,1,1,Never married,Christian,Every month,0,NA,NA,NA,NA,NA,NA,NA,Medicaid,1 to 3 years,0,0,1,1,1,0,0,0,0,1,0,1,1,0,0,1-8 hours,0,1,1,1,0,0,0,0,1,1,0,0,1,1,0,0,1,1,1,1,1,2,1,3,0,1,1,0,0,0,1,1,0,0,FALSE,0,FALSE,0,1,1,1,0,0,0,N/A,Parent,Male,67,Emotional or mental health issue,NA,Lives with me,NA,1,2,1,2,2,1,2,2,1,2,4,1,2,2,4,1,3,3,2,1,3,2,2,1,3,2,1,2,0,0,1,0,0,1,0,1,0,0,0,0,0,1,0,1,1,0,0,0,0,NA,2,0,0,0,1,1,0,1,0,0,0,0,1,0,1,1,0,0,0,NA,7,2,1,N/A,7,1,3,1,3,3,1,4,2,2,5,5,6,4,5,6,2,4,6,4,4,7,6,5,6,7,4,5,3,4,6,4,5,5,4,5,4,5,4,5,4,5,4,5,4,5,4,5,4,NA,NA,NA,NA,NA,NA,1,1,3,2,3,2,ORANGE,1,0,0,1,1,1,0,2,2,3,2,1,2,2,3,1,2,1,2,3,3,2,2,1,3,3,1,2,1,4,5,6,7,6,7,4,6,3,7,6,6,7,6,7,7,3,6,7,5,7,4,4,5,1,2,2,3,3,1,4,3,0,1,3.7777777777777777,7,Probable AUD,4.5,4.666666666666667,4.333333333333333,4.666666666666667,4.333333333333333,3,4,3,6,6,4,2,4,4,4,5,5,2,3,4.333333333333333,4.666666666666667,20,38,24,39,41,19,27,28,3.2222222222222223,5.083333333333333,4,5.25,6,3,1,1,1,1,3
1.6233766233766234,-0.9124414715516067,0.5913466839546128,4,2025-07-25T17:39:22Z,2025-07-25T17:52:33Z,100,790,1,2025-07-31T21:38:27Z,R_6KI4Fkc4kasvp6N,anonymous,1,0,0,1,3,1,30,Female,0,0,0,1,0,0,0,0,Disabled or retired and not looking,"< $10,000",Less than high school degree,77503,4,0,Married or living with a partner,Christian,Weekly,0,NA,NA,NA,NA,NA,NA,NA,Medicais,1 to 3 years,0,1,0,0,0,0,0,1,0,0,0,0,0,1,0,9-20 hours,1,1,0,0,0,0,1,0,0,1,0,0,0,0,0,0,0,0,1,2,2,2,1,2,1,0,1,0,0,0,1,1,0,0,FALSE,0,FALSE,1,1,0,0,0,0,0,Aportar.,Spouse,Female,25,Long-term physical condition,NA,Lives in their own home,NA,1,2,4,2,2,2,2,3,2,2,2,2,1,3,2,1,1,2,2,1,2,2,1,4,3,2,2,2,0,0,1,1,0,1,1,0,1,0,0,0,0,0,0,0,0,0,0,0,0,NA,4,1,0,1,0,1,0,0,1,1,1,0,0,1,1,1,1,0,0,NA,6,2,1,Nhjgjgjnhhvj,5,1,2,2,3,2,3,3,3,3,4,3,4,4,4,3,4,4,3,2,5,3,4,4,4,3,4,4,3,4,4,2,3,1,2,3,3,2,2,2,3,2,2,3,3,3,3,2,4,NA,NA,NA,NA,NA,NA,1,1,3,2,2,1,ORANGE,1,1,1,1,0,0,1,1,1,2,1,2,3,2,1,2,2,1,1,2,2,1,1,2,1,2,2,3,1,3,3,4,3,3,4,4,5,4,4,5,4,4,3,5,4,4,4,6,4,4,5,5,5,3,2,2,3,3,3,3,2,0,1,3.5555555555555554,5,Probable AUD,2.25,2,2.6666666666666665,2,2.3333333333333335,3,4,7,4,4,3,3,4,3,3,6,4,5,4,3,3,24,24,18,30,32,21,17,20,4.333333333333334,3.6666666666666665,3.5,3.75,3.75,3,1,3,1,1,3
1.1904761904761905,-0.8168063959737458,0.5118118757966529,3,2025-07-25T17:34:18Z,2025-07-25T17:52:35Z,100,1096,1,2025-07-25T17:52:35Z,R_5nHtlxgQnCzLLhS,anonymous,1,1,1,1,2,1,32,Male,0,0,1,0,0,0,0,0,Full Time,"$50,000 - $99,999",Associate's degree,38104,3,0,Married or living with a partner,Other,Every month,0,NA,NA,NA,NA,NA,NA,NA,Blue cross blue shield,3 to 7 years,1,0,0,1,1,1,0,0,0,1,1,1,1,0,0,21-40 hours,0,0,0,0,0,1,0,0,0,0,1,0,0,0,0,0,0,0,0,NA,NA,NA,NA,NA,0,1,0,0,0,1,0,0,1,0,FALSE,0,FALSE,0,0,0,0,1,0,0,Give us some grace,Spouse,Female,33,Long-term physical condition,NA,Lives with me,NA,4,3,1,4,3,2,2,1,2,1,3,2,1,3,1,2,2,1,4,3,4,2,3,4,2,1,3,1,0,1,1,0,1,1,1,0,0,1,1,0,0,1,1,1,0,0,0,0,0,NA,5,0,0,1,1,1,1,0,1,1,1,0,1,0,0,1,1,0,0,NA,5,2,0,NA,6,3,3,4,3,5,3,3,2,3,1,1,7,7,1,1,5,4,1,1,1,4,2,4,3,4,4,2,4,5,4,5,5,5,4,3,4,5,2,4,2,4,3,1,4,4,4,3,4,1,NA,NA,1,1,NA,1,1,3,4,1,3,ORANGE,1,1,1,1,1,1,1,3,1,0,3,1,0,2,2,1,2,0,2,1,2,2,2,3,1,1,2,2,1,2,6,5,3,5,4,6,4,3,5,1,7,4,2,7,6,4,5,7,3,4,2,3,4,4,3,1,3,4,1,3,1,1,0,2.7777777777777777,8,Probable AUD,3.8333333333333335,5,3.6666666666666665,3.6666666666666665,3,8,5,2,7,4,4,4,6,4,2,5,2,7,5,3.6666666666666665,3,20,18,26,31,28,20,17,26,4.888888888888889,3.1666666666666665,2.5,3.75,3.25,5,1,3,1,1,3
1.1682242990654206,-0.9531247726240809,0.5273052347153007,3,2025-07-25T17:35:30Z,2025-07-25T17:52:38Z,100,1027,1,2025-07-25T17:52:38Z,R_5FPV09LginNr1fj,anonymous,1,1,1,1,1,1,30,Male,0,0,1,0,0,0,0,0,Part Time,"$50,000 - $99,999",Some college,79403,1,0,Married or living with a partner,Other,Once or twice a year,0,NA,NA,NA,NA,NA,NA,NA,Buleshield,1 to 3 years,1,0,1,1,0,0,0,0,1,1,0,1,1,0,0,1-8 hours,0,0,1,0,1,0,0,1,1,0,0,0,0,0,0,0,0,1,0,NA,NA,NA,NA,NA,0,1,0,0,1,0,0,0,0,0,FALSE,0,FALSE,1,0,1,0,0,0,0,They can come together and put effort and time in to make things better,Child,Male,14,Long-term physical condition,NA,Lives with me,NA,3,2,1,1,3,1,4,1,2,4,1,2,1,3,1,2,4,2,3,1,2,2,3,1,3,1,2,3,0,0,0,0,0,1,0,0,1,0,0,0,0,0,0,1,0,0,0,0,0,NA,6,0,1,0,1,0,0,0,0,0,1,0,0,1,1,1,0,0,0,NA,9,2,0,NA,4,1,3,2,4,2,5,4,2,4,5,2,7,6,2,5,7,7,4,6,5,4,6,2,3,6,6,2,4,5,6,1,1,1,2,3,1,2,3,1,1,3,2,2,2,1,4,2,3,NA,NA,NA,NA,1,NA,0,0,1,2,2,2,ORANGE,0,0,0,0,0,0,0,0,0,1,2,0,1,2,3,1,0,1,2,2,3,1,0,2,2,0,2,1,1,3,2,4,5,2,4,5,2,2,6,4,6,2,5,7,2,4,6,2,4,6,4,7,5,3,4,2,1,3,2,3,3,1,0,3,6,Probable AUD,1.75,1,2,2,2,6,6,2,2,4,7,3,4,6,2,6,5,2,4,3,1.6666666666666667,14,20,16,40,24,21,16,19,3,4.583333333333333,4.25,5.25,4.25,0,0,2,1,1,3
1.0964912280701755,-0.952758830266446,0.791949671412157,3,2025-07-25T17:42:56Z,2025-07-25T17:52:53Z,100,597,1,2025-07-25T17:52:54Z,R_7KOSuZWQCCmWLae,anonymous,1,1,1,1,1,1,48,Male,0,0,0,0,0,0,1,0,Full Time,"$100,000 - $149,999",Less than high school degree,64126,1,1,Never married,Christian,Weekly,0,NA,NA,NA,NA,NA,NA,NA,Blue Cross Blue shield,3 to 7 years,1,1,1,0,0,0,0,1,1,1,0,0,0,0,0,21-40 hours,0,1,1,0,0,0,1,1,0,0,0,0,0,0,0,0,1,1,0,NA,NA,NA,NA,NA,1,1,1,0,0,0,0,0,0,0,FALSE,0,FALSE,1,1,1,0,0,0,0,More information,Parent,Female,79,Long-term physical condition,NA,Lives with me,NA,4,3,2,1,4,3,2,4,3,2,4,3,2,4,3,2,4,3,2,4,3,2,4,3,2,4,3,2,0,1,0,0,1,1,0,0,0,0,0,0,0,0,0,0,0,0,0,0,0,NA,9,0,0,0,1,1,0,0,0,0,1,0,0,0,0,1,1,0,0,NA,7,2,1,Chat groups,9,1,2,1,2,1,2,1,2,1,7,6,5,4,7,6,5,4,7,7,6,5,7,6,5,7,6,5,7,6,5,5,4,3,2,5,1,1,1,2,1,1,2,2,2,5,4,5,4,1,1,NA,NA,NA,NA,0,0,2,1,1,2,ORANGE,1,0,0,1,1,1,3,2,1,3,2,1,3,2,1,3,2,0,3,2,1,3,2,1,3,2,1,2,1,7,6,4,7,6,5,7,6,7,7,7,2,6,2,1,1,5,2,7,1,6,5,1,1,4,3,2,4,3,2,4,3,1,0,4.555555555555555,4,Probable AUD,2.3333333333333335,4,2.6666666666666665,1.3333333333333333,1.3333333333333333,6,5,6,5,7,6,5,6,7,6,6,5,7,5,4.333333333333333,3,22,30,30,10,37,25,32,30,2.333333333333333,6,6.5,6,5.5,3,0,2,1,1,3
1.288659793814433,-0.9749327601426178,0.5768416515452017,3,2025-07-25T17:42:44Z,2025-07-25T17:53:34Z,100,650,1,2025-07-25T17:53:34Z,R_3rD0H3WUGRw7JA7,anonymous,1,1,2,1,1,1,44,Male,0,0,1,1,0,0,0,0,Full Time,"$50,000 - $99,999",Some college,17104,1,1,Married or living with a partner,Christian,Every month,0,NA,NA,NA,NA,NA,NA,NA,Blue cross blue shield,3 to 7 years,1,0,1,1,1,1,0,1,1,1,0,1,1,1,0,9-20 hours,0,0,1,1,0,0,1,0,0,1,0,0,0,0,0,0,0,0,1,1,1,2,1,1,1,0,0,1,0,0,0,0,1,0,FALSE,0,FALSE,1,0,1,0,0,0,0,Nothing really too much,Parent,Female,69,Long-term physical condition,NA,Lives in their own home,NA,2,3,2,2,3,3,4,2,3,2,1,3,2,4,3,1,3,1,3,1,4,1,2,2,2,4,1,3,1,0,1,0,1,1,0,0,0,1,0,0,0,1,0,0,0,0,0,0,0,NA,9,0,0,0,1,0,0,0,0,0,1,0,0,0,0,1,0,0,0,NA,7,1,0,NA,9,2,4,2,3,4,2,3,2,4,6,5,3,6,7,5,4,7,5,1,3,6,6,2,6,7,6,5,6,6,6,2,4,3,3,5,5,2,4,5,4,4,2,2,3,4,2,4,4,1,NA,NA,NA,NA,NA,0,0,3,5,4,4,ORANGE,1,1,1,1,1,1,3,2,1,2,2,3,1,3,2,2,3,2,2,1,1,1,2,2,2,3,3,1,1,3,6,5,7,2,6,7,4,7,5,5,2,6,6,6,5,4,6,6,7,6,5,7,5,4,3,2,4,4,2,2,4,1,0,3.111111111111111,13,Probable AUD,3.5833333333333335,3,4.333333333333333,3.6666666666666665,3.3333333333333335,5,7,4,3,6,4,4,7,6,6,6,4,3,2,3.3333333333333335,3,34,26,26,39,37,25,25,27,2.666666666666667,5,3,6,6,5,1,3,1,1,3
1.7123287671232876,-0.9294115134252978,0.6843579459588617,6,2025-07-25T17:43:17Z,2025-07-25T17:53:50Z,100,632,1,2025-07-31T21:38:27Z,R_7F5oSGKr6ZmkG6x,anonymous,1,1,2,1,1,1,24,Male,0,0,1,0,0,0,0,0,Full Time,"$20,000 - $49,999",High school diploma or equivalent,60120,1,0,Married or living with a partner,Christian,Every month,0,NA,NA,NA,NA,NA,NA,NA,Bluecross,3 to 7 years,0,0,0,1,0,0,0,0,0,0,1,1,0,0,0,1-8 hours,0,1,0,0,0,0,0,0,0,0,0,1,0,0,0,0,1,1,1,2,2,3,3,2,0,0,0,0,1,0,1,0,0,0,FALSE,0,FALSE,0,1,1,0,1,0,0,College,Spouse,Male,18,Emotional or mental health issue,NA,Lives in their own home,NA,3,4,3,3,3,3,4,3,2,4,3,4,4,4,2,3,3,4,2,3,3,2,3,3,3,3,2,3,0,1,1,0,0,0,0,0,0,0,0,0,1,1,0,0,0,0,0,0,0,NA,5,1,0,1,1,0,1,1,0,0,0,0,0,0,0,1,1,0,0,NA,3,2,1,Cable,4,2,2,2,3,2,3,4,2,2,4,3,3,4,3,4,5,3,6,5,5,5,5,5,5,6,6,6,5,6,6,3,3,4,4,3,3,4,4,4,4,5,5,4,3,5,4,4,5,1,NA,1,NA,NA,NA,1,1,2,3,2,2,ORANGE,1,1,1,0,1,1,2,1,3,1,3,2,2,2,2,2,3,3,2,3,2,3,2,2,2,2,2,2,1,5,5,5,5,5,4,5,4,5,5,5,5,5,3,5,5,6,6,6,2,6,5,6,5,3,3,3,4,4,4,3,2,1,0,3.5555555555555554,7,Probable AUD,3.8333333333333335,3.3333333333333335,3.3333333333333335,4,4.666666666666667,5,8,6,6,5,7,6,5,7,7,7,7,6,4,4.333333333333333,4,34,24,34,32,38,26,24,24,4.111111111111111,5.416666666666667,5,5.5,5.75,4,1,3,1,1,3
1.524390243902439,-0.9686404410046661,0.8856839511572775,15,2025-07-25T17:31:36Z,2025-07-25T17:54:09Z,100,1352,1,2025-07-31T21:38:27Z,R_6fPLF79OcIfbyTV,anonymous,1,1,2,0,0,1,29,Male,0,0,1,0,0,0,0,0,Full Time,"$50,000 - $99,999",Some college,06902,1,0,Never married,Christian,Weekly,0,NA,NA,NA,NA,NA,NA,NA,Usaa,1 to 3 years,1,0,1,1,0,1,0,0,1,1,0,1,0,1,0,9-20 hours,0,0,0,0,0,1,0,0,0,0,0,0,0,0,1,0,0,1,0,NA,NA,NA,NA,NA,0,0,0,0,1,0,0,0,0,0,FALSE,0,FALSE,0,0,0,0,1,0,0,They can can help me find other jobs,Grandpartent,Female,60,Long-term physical condition,NA,Lives in their own home,NA,4,3,1,4,3,1,4,1,1,4,3,4,1,4,3,1,4,1,2,3,1,4,3,4,4,1,1,1,0,1,1,0,1,1,0,0,1,1,1,0,1,1,0,0,0,0,0,0,0,NA,3,0,0,0,1,1,0,0,0,0,1,0,0,0,1,1,1,0,0,NA,7,1,0,NA,9,2,1,1,3,4,1,2,1,1,2,1,6,7,2,1,7,2,2,6,4,7,5,5,4,4,6,7,6,6,7,1,2,1,1,4,3,1,1,1,1,1,1,5,4,2,2,1,2,1,NA,NA,NA,NA,NA,1,1,3,4,2,4,ORANGE,0,0,1,0,0,0,0,1,0,0,0,1,0,0,0,0,0,0,0,0,0,0,0,0,0,0,0,1,1,6,7,5,7,6,7,7,6,6,6,6,2,6,5,3,2,7,3,6,1,7,6,2,2,1,1,1,1,1,1,1,1,1,0,4.222222222222222,10,Probable AUD,1.5,1.3333333333333333,2.6666666666666665,1,1,6,7,2,7,6,7,2,2,8,2,8,2,7,5,1.6666666666666667,3.6666666666666665,2,2,0,18,40,8,32,31,4.666666666666666,5.583333333333333,5.25,6,5.5,1,0,2,1,1,3
1.1061946902654867,-0.7791123115678545,0.40882184027781315,3,2025-07-25T17:44:56Z,2025-07-25T17:54:25Z,100,568,1,2025-07-25T17:54:25Z,R_740mMX5yZLuD2oG,anonymous,1,1,1,1,1,1,38,Male,0,0,0,0,0,0,1,0,Part Time,"$50,000 - $99,999",Less than high school degree,94561,1,1,Married or living with a partner,Christian,Every month,0,NA,NA,NA,NA,NA,NA,NA,Halfex,1 to 3 years,1,0,1,1,0,0,0,1,0,1,0,1,0,0,0,1-8 hours,0,1,0,0,0,0,1,0,0,0,0,0,1,0,0,0,1,0,1,1,3,2,2,2,0,1,0,0,0,1,1,0,0,0,FALSE,0,FALSE,0,1,1,1,0,0,0,"Help, respect and commitment to environmental conservation",Parent,Male,1,Long-term physical condition,NA,Lives in their own home,NA,2,1,3,3,1,4,1,2,3,1,2,3,4,1,2,3,4,1,2,3,4,1,2,3,4,1,2,3,1,0,1,0,0,1,1,0,0,1,0,0,0,0,0,0,0,0,0,0,0,NA,2,1,1,0,1,0,0,0,0,0,0,0,0,0,0,0,0,0,0,NA,2,1,0,NA,2,2,1,3,4,1,4,5,2,1,3,2,1,2,1,4,3,1,3,2,1,3,3,5,3,2,1,5,3,3,2,4,5,3,3,5,5,3,3,4,2,4,4,2,2,4,2,4,2,1,NA,NA,NA,NA,NA,0,0,4,2,2,3,ORANGE,0,0,1,1,0,1,0,1,1,2,3,0,1,2,3,0,1,2,2,3,2,1,2,0,2,1,2,3,1,6,4,6,3,5,3,6,4,5,4,4,2,5,4,4,4,3,4,4,5,3,4,4,5,1,2,3,1,4,2,3,2,1,0,3.4444444444444446,7,Probable AUD,3.75,4,4.333333333333333,3.3333333333333335,3.3333333333333335,4,2,5,5,3,3,7,7,7,5,5,4,6,3,2.6666666666666665,2.6666666666666665,16,24,22,28,27,18,22,24,5.777777777777778,2.75,2.75,2.5,3,3,0,2,1,1,3
1.893939393939394,-0.9800252282940431,0.9143074461609682,8,2025-07-25T17:33:21Z,2025-07-25T17:54:33Z,100,1272,1,2025-07-25T17:54:33Z,R_1dn6JDL7Gh4BrtD,anonymous,1,1,1,1,3,1,30,Female,0,0,0,0,0,0,1,0,"Not working, not looking","$20,000 - $49,999",Less than high school degree,98580,1,0,Never married,Atheist/Agnostic,Never,0,NA,NA,NA,NA,NA,NA,NA,Medicare,3 to 7 years,1,1,1,1,0,0,0,0,0,1,0,1,1,1,0,1-8 hours,0,0,0,1,1,0,0,1,0,0,0,0,0,0,0,0,0,0,0,NA,NA,NA,NA,NA,1,1,0,1,0,0,0,0,1,0,FALSE,0,FALSE,0,1,0,0,1,0,0,"Nothing at the moment, more money is always good though",Other family member,Female,87,Memory problems,NA,Lives in someone else's home,NA,2,3,1,1,3,1,2,1,1,3,1,2,1,3,1,1,2,1,3,3,1,1,3,3,1,1,1,1,0,0,0,0,0,0,0,0,0,0,0,0,0,0,1,0,0,0,0,0,0,NA,3,0,0,0,1,1,0,0,0,0,1,0,0,0,0,1,0,0,0,NA,9,1,0,NA,5,3,3,3,3,2,1,1,1,1,1,1,7,7,1,1,7,1,1,5,5,7,7,5,7,7,7,7,5,7,7,5,5,5,1,1,1,1,1,1,1,1,2,3,3,3,1,3,3,NA,NA,NA,NA,NA,NA,0,0,3,5,2,4,ORANGE,1,1,1,0,0,0,0,0,0,0,0,1,0,0,2,0,1,1,0,2,0,0,0,1,0,0,0,1,1,5,6,5,4,6,7,6,6,6,4,5,2,5,3,2,1,7,1,7,1,7,7,1,1,4,4,1,4,4,1,1,1,0,1,4,11,Probable AUD,2.0833333333333335,5,1,1,1.3333333333333333,5,5,2,2,4,6,2,2,4,2,4,2,6,2,2.3333333333333335,3,12,4,0,11,39,20,28,27,5,6.333333333333333,5,7,7,2,0,4,1,1,3
2.0491803278688523,-0.9803097961814433,0.9453195892958663,19,2025-07-25T17:32:02Z,2025-07-25T17:54:42Z,100,1359,1,2025-07-31T21:38:27Z,R_7ibdBC0P8Zq2nXK,anonymous,1,1,1,0,0,1,39,Male,0,0,1,0,0,0,0,0,Full Time,"$10,000 - $19,999",Less than high school degree,38127,0,1,Never married,Other,Every month,1,NA,NA,NA,NA,1,N/a,0,United healthcare,Less than one year,0,0,0,0,0,0,1,0,0,0,1,1,0,0,0,1-8 hours,0,0,0,1,1,0,0,0,0,0,0,0,0,0,1,0,0,1,0,NA,NA,NA,NA,NA,0,0,0,0,0,0,0,0,0,0,FALSE,1,FALSE,0,1,0,0,0,0,0,Help just like me,Sibling,Male,42,Behavioral issues,NA,Lives in someone else's home,NA,3,3,1,3,2,1,3,2,1,1,3,3,1,3,2,1,3,4,4,3,1,4,2,1,3,3,4,2,0,1,0,0,0,1,0,0,1,1,0,0,1,0,0,0,0,0,1,0,0,NA,3,0,0,0,1,1,1,0,1,1,1,0,0,0,0,1,1,0,0,NA,9,1,0,NA,7,3,3,3,3,3,3,3,2,2,2,1,5,7,2,1,6,3,1,5,6,6,6,6,4,5,5,6,7,5,5,1,1,1,1,2,1,1,1,1,1,1,1,1,1,1,1,1,1,NA,NA,NA,NA,NA,NA,0,0,3,5,2,5,ORANGE,0,0,0,0,0,0,0,1,0,0,0,0,0,0,0,0,0,0,0,0,0,0,0,0,0,0,0,1,1,7,7,7,7,7,7,7,7,7,4,4,2,6,2,4,1,4,1,6,1,6,3,1,1,1,3,1,2,2,1,2,1,1,0,3.2222222222222223,12,Probable AUD,1.0833333333333333,1,1.3333333333333333,1,1,7,6,3,6,4,3,2,2,6,4,6,6,4,8,1,1,0,2,0,12,30,13,35,32,4.888888888888889,5.5,6,5.5,5,0,0,1,1,1,3
1.524390243902439,-0.9597048929561673,0.7851625641933766,6,2025-07-25T17:42:43Z,2025-07-25T17:54:47Z,100,724,1,2025-07-25T17:54:47Z,R_1l8kqCFaiszyuoF,anonymous,1,1,1,0,0,1,30,Male,1,0,0,0,0,0,0,0,Full Time,"> $150,000",Bachelor's degree,97035,0,0,Married or living with a partner,Christian,Never,0,NA,NA,NA,NA,NA,NA,NA,United Health Care,Less than one year,0,0,0,0,0,0,1,0,0,1,0,0,1,1,0,1-8 hours,0,0,0,0,0,1,1,0,0,0,0,0,0,0,0,0,0,1,0,NA,NA,NA,NA,NA,0,1,0,0,0,0,0,0,0,0,FALSE,0,FALSE,1,1,0,0,0,0,0,Just be receptive to situation,Other family member,Female,70,Long-term physical condition,NA,Lives in their own home,NA,4,2,1,1,2,1,2,2,3,4,1,2,3,2,4,2,2,2,2,3,2,1,4,2,3,3,2,2,0,1,0,0,0,1,0,0,0,0,0,0,0,0,0,0,0,0,0,0,0,NA,2,0,0,0,0,1,1,0,0,1,1,0,0,0,0,1,1,0,0,NA,5,1,0,NA,9,4,4,5,3,4,4,1,1,1,1,1,7,5,4,1,5,7,3,7,7,5,6,7,7,7,7,7,7,6,5,2,4,2,5,4,2,3,4,4,2,3,2,4,4,2,2,4,4,1,NA,1,NA,1,NA,0,0,4,4,1,2,ORANGE,1,0,0,1,1,0,1,0,0,0,1,2,0,1,1,1,2,1,1,1,1,0,0,1,0,0,0,1,1,3,5,5,3,3,3,5,5,5,5,5,2,7,3,6,2,6,1,7,1,7,5,2,2,4,2,2,4,4,2,2,1,1,0,3,7,Probable AUD,3.0833333333333335,2.6666666666666665,3.6666666666666665,3.6666666666666665,2.3333333333333335,6,4,3,2,6,8,3,5,4,6,5,4,5,3,3.3333333333333335,3.3333333333333335,18,4,6,17,39,21,17,25,4.222222222222222,6.5,7,6,6.5,2,0,1,1,1,3
1.4204545454545454,-0.9706624957457205,0.879855592460382,6,2025-07-25T17:38:41Z,2025-07-25T17:54:49Z,100,968,1,2025-07-25T17:54:50Z,R_5H9U0oodr1CMMIF,anonymous,1,1,1,0,0,1,25,Male,0,0,0,0,0,0,1,0,Full Time,"$20,000 - $49,999",Less than high school degree,31313,0,0,Never married,Other,Once or twice a year,0,NA,NA,NA,NA,NA,NA,NA,United Health Group,1 to 3 years,0,0,0,1,1,0,0,0,1,1,1,1,1,1,0,9-20 hours,1,1,1,1,0,0,1,0,0,0,0,0,0,0,0,0,0,0,0,NA,NA,NA,NA,NA,0,0,0,0,0,1,0,0,0,0,FALSE,0,FALSE,1,1,0,0,1,0,0,"I dont think it is others in my community's job or responsibility to help me with my own family, if they wanted to that would be kind but they shouldnt feel forced into helping someone else so nothing I suppose.",Grandpartent,Male,84,Memory problems,NA,Lives with me,NA,2,4,1,1,2,1,4,1,1,2,1,4,2,4,2,1,4,3,2,4,1,3,2,4,3,1,3,2,0,0,0,0,0,0,0,0,0,0,0,0,0,0,0,0,0,0,0,1,0,NA,5,0,0,0,0,0,0,0,0,0,1,0,0,0,0,1,1,0,0,NA,7,2,0,NA,7,3,5,2,3,4,3,2,2,1,2,1,6,7,1,1,7,1,1,6,7,6,6,7,5,5,7,5,7,7,5,2,2,2,1,1,1,1,1,1,2,2,2,4,4,3,4,5,5,1,1,NA,NA,NA,NA,1,1,3,3,2,2,ORANGE,0,0,0,0,0,0,0,0,1,0,1,0,0,1,0,1,1,0,1,0,1,1,0,0,0,1,1,1,1,5,5,7,5,5,4,7,7,5,7,4,2,7,2,6,3,6,3,7,1,5,4,1,4,1,1,1,1,2,1,1,1,1,0,3.2222222222222223,7,Probable AUD,1.5,2,1,1,2,4,8,2,2,4,4,2,2,8,3,7,5,8,6,4.666666666666667,3.6666666666666665,4,4,12,19,36,9,24,33,5,6.083333333333333,6.75,6.5,5,0,0,1,1,1,3
1.25,-0.9121344970557671,0.6507782978345911,5,2025-07-25T17:32:48Z,2025-07-25T17:54:52Z,100,1324,1,2025-07-25T17:54:52Z,R_32Ad31wI4w7H65w,anonymous,1,1,1,1,1,1,29,Male,0,0,0,0,0,0,1,0,Full Time,"$50,000 - $99,999",Associate's degree,55025,1,0,Divorced/Separated,Christian,Once or twice a year,0,NA,NA,NA,NA,NA,NA,NA,Bluecross blue shield,3 to 7 years,1,0,1,1,1,0,0,0,1,0,1,1,0,1,0,9-20 hours,1,0,0,0,0,0,0,0,0,0,0,1,0,0,0,0,0,0,0,NA,NA,NA,NA,NA,1,0,0,0,0,0,0,0,0,0,FALSE,0,FALSE,1,0,0,0,0,0,0,They do enough already,Parent,Female,64,Memory problems,NA,Lives with me,NA,3,2,3,2,4,3,2,3,3,3,2,3,2,3,4,3,1,3,3,2,4,4,2,4,3,2,3,3,0,0,0,0,0,0,0,0,0,0,0,0,0,0,0,0,0,0,0,1,0,NA,2,0,0,0,0,0,0,0,0,0,0,0,0,0,0,0,1,0,0,NA,6,1,0,NA,7,2,1,2,3,2,1,3,3,2,5,6,5,5,4,6,5,7,4,5,6,5,6,4,6,5,5,4,3,4,7,4,2,4,3,2,2,2,4,4,2,3,3,4,3,4,3,3,4,NA,NA,NA,NA,NA,NA,0,0,3,3,4,4,ORANGE,0,0,0,0,0,0,2,2,2,3,2,3,3,2,2,0,2,1,2,2,2,2,2,3,1,3,2,3,1,5,4,5,5,5,6,5,4,3,6,5,4,4,5,4,5,4,5,7,5,5,3,6,4,3,2,3,4,3,2,3,3,1,0,3.888888888888889,11,Probable AUD,2.9166666666666665,3.3333333333333335,2.3333333333333335,3.3333333333333335,2.6666666666666665,6,4,6,4,8,5,6,7,4,4,6,6,6,7,3.3333333333333335,3.6666666666666665,30,32,24,33,33,23,24,24,2.7777777777777777,5,4.5,5,5.5,0,0,2,1,1,3
1.6666666666666667,-0.9712949062851846,0.6617202570023639,9,2025-07-25T17:32:45Z,2025-07-25T17:54:57Z,100,1331,1,2025-07-25T17:54:57Z,R_3JCQUsHIPaTCHg8,anonymous,1,1,1,1,1,1,39,Female,0,0,1,0,0,0,0,0,Full Time,"$20,000 - $49,999",Associate's degree,30030,1,1,Never married,Christian,Weekly,0,NA,NA,NA,NA,NA,NA,NA,Blue Cross Blue Shield,More than 12 years,1,0,1,1,1,1,0,1,0,1,1,1,0,1,0,1-8 hours,0,1,0,1,0,0,1,1,1,0,0,1,0,1,0,0,0,0,0,NA,NA,NA,NA,NA,1,1,0,0,0,0,0,1,0,0,FALSE,0,FALSE,1,0,0,0,0,1,0,Be more compassionate,Child,Female,24,Long-term physical condition,NA,Lives in their own home,NA,4,4,1,1,3,1,4,1,4,3,1,3,3,4,3,1,3,1,2,4,1,4,4,3,4,1,4,1,0,0,0,0,0,1,0,0,0,1,0,0,0,0,0,0,0,0,0,0,0,NA,3,0,0,0,1,0,0,0,0,0,0,0,0,0,0,0,0,0,0,NA,3,2,0,NA,1,3,5,3,3,2,2,1,1,1,2,7,6,7,3,1,6,1,1,4,4,3,2,4,4,4,3,4,4,3,3,5,5,5,4,3,3,1,2,1,1,1,1,5,4,4,5,4,4,NA,NA,1,NA,NA,NA,0,0,2,1,1,1,ORANGE,0,0,0,0,0,0,0,0,1,0,0,1,0,0,0,1,1,1,0,0,0,0,0,0,0,0,0,1,1,5,6,7,6,6,6,7,6,7,7,1,7,4,1,1,1,6,1,5,1,5,6,7,1,1,1,1,3,4,1,1,1,0,1,3.6666666666666665,3,Probable AUD,2.6666666666666665,5,3.3333333333333335,1.3333333333333333,1,6,8,2,2,6,7,2,5,6,4,8,2,7,8,4.333333333333333,4.333333333333333,6,0,4,19,28,13,30,33,4.222222222222222,3.5,4,2.75,3.75,0,0,2,1,1,3
1.6025641025641026,-0.9549949509733501,0.909735966129201,5,2025-07-25T17:43:09Z,2025-07-25T17:55:06Z,100,716,1,2025-07-25T17:55:06Z,R_6O9FfLPU2ulMJKF,anonymous,1,1,1,1,1,1,36,Male,0,0,0,1,0,0,1,0,Full Time,"$50,000 - $99,999",Less than high school degree,19146,2,0,Married or living with a partner,Christian,Weekly,0,NA,NA,NA,NA,NA,NA,NA,Blue cross blue shield,1 to 3 years,1,0,1,1,1,1,0,0,1,1,1,1,1,1,0,21-40 hours,1,1,0,0,1,0,1,0,1,0,0,0,0,0,0,0,0,0,0,NA,NA,NA,NA,NA,0,0,0,0,0,0,0,0,0,0,FALSE,1,FALSE,0,1,0,0,1,0,0,Be patient and understanding,Parent,Male,75,Long-term physical condition,NA,Lives with me,NA,3,4,1,1,4,1,4,1,1,4,1,4,1,3,4,1,3,3,3,3,1,3,4,2,3,1,4,2,0,1,0,0,1,1,0,0,1,1,0,0,0,1,0,0,0,0,0,0,0,NA,7,0,0,0,1,1,0,0,1,1,1,0,0,1,1,1,1,0,0,NA,6,1,0,NA,8,2,3,1,2,2,2,2,1,1,1,1,7,7,2,2,7,2,2,7,7,7,6,7,6,6,6,7,7,6,7,4,3,3,3,3,4,1,1,2,2,2,2,3,3,3,1,2,2,1,NA,NA,NA,1,NA,0,0,2,3,3,3,ORANGE,0,0,0,0,0,0,2,1,1,0,0,1,0,0,0,1,0,2,0,0,1,1,0,0,0,0,0,1,1,5,3,6,3,5,6,5,5,7,4,5,2,7,2,4,3,6,3,5,2,7,5,2,2,3,4,2,1,3,1,1,1,1,0,4.222222222222222,9,Probable AUD,2.5,3.3333333333333335,3.3333333333333335,1.3333333333333333,2,6,8,2,2,8,8,2,2,7,2,6,5,5,7,1.6666666666666667,3,10,4,6,17,38,16,26,23,4.555555555555555,6.583333333333333,7,6.25,6.5,0,0,2,1,1,3
1.6891891891891893,-0.973956565105791,0.8559558148600005,7,2025-07-25T17:32:49Z,2025-07-25T17:55:29Z,100,1359,1,2025-07-25T17:55:30Z,R_7m5IVCoeEcRQRmV,anonymous,1,1,3,0,0,1,40,Female,0,0,1,0,0,0,0,0,Full Time,"$50,000 - $99,999",Less than high school degree,08103,0,0,Married or living with a partner,Christian,Once or twice a year,0,NA,NA,NA,NA,NA,NA,NA,Atnea,3 to 7 years,1,1,0,1,1,1,0,1,1,1,0,1,1,1,0,1-8 hours,0,1,0,1,0,0,1,0,0,0,1,0,0,0,0,0,1,1,1,2,1,1,1,1,0,1,0,0,0,0,0,0,1,0,FALSE,0,FALSE,1,0,0,0,0,0,0,Help more with resources.,Parent,Male,60,Long-term physical condition,NA,Lives with me,NA,3,3,4,3,4,2,4,1,3,3,3,3,2,4,3,2,3,3,3,3,3,3,3,4,4,1,3,3,0,0,1,0,0,0,0,0,1,0,0,0,0,0,0,0,0,0,0,0,0,NA,5,0,0,0,1,1,1,0,1,1,1,0,0,1,0,1,1,0,0,NA,3,2,1,Camden church,9,1,1,3,3,3,3,2,2,1,1,1,7,7,1,1,7,1,1,7,7,3,4,7,7,6,7,6,5,5,5,2,1,2,2,3,3,1,3,3,2,2,3,3,3,3,2,1,3,1,NA,NA,NA,NA,NA,1,1,5,5,5,5,ORANGE,1,0,1,0,0,0,1,0,1,0,1,2,1,1,1,1,2,1,0,1,1,1,1,0,1,1,1,1,1,6,7,4,4,4,5,4,4,3,4,7,1,7,1,1,6,6,3,7,1,6,7,2,2,2,2,1,2,2,1,1,1,0,1,3.888888888888889,15,Probable AUD,2.25,1.6666666666666667,2.6666666666666665,2.3333333333333335,2.3333333333333335,6,7,5,6,7,6,4,6,6,3,8,6,7,6,2,3,16,10,12,11,46,12,22,23,5,5.75,6.5,4.75,6,1,0,3,1,1,3
2.0833333333333335,-0.9736233321200036,0.7625626728402128,12,2025-07-25T17:31:13Z,2025-07-25T17:55:39Z,100,1465,1,2025-07-31T21:38:27Z,R_1WBHum4ZAlUa2yG,anonymous,1,1,1,1,1,1,24,Female,0,0,1,0,0,0,0,0,Full Time,"$10,000 - $19,999",Less than high school degree,08618,1,0,Never married,Christian,Every month,0,NA,NA,NA,NA,NA,NA,NA,Medicaid,8 to 12 years,1,1,1,1,1,1,0,1,1,1,1,1,1,1,0,1-8 hours,1,0,1,1,1,0,1,1,1,0,0,1,0,1,0,0,1,0,0,NA,NA,NA,NA,NA,1,1,0,1,1,1,0,1,1,0,FALSE,0,FALSE,1,0,0,1,1,0,0,They can help for hours that I'm not there,Child,Male,3,Behavioral issues,NA,Lives with me,NA,4,4,4,1,4,4,4,4,1,3,1,4,1,4,4,1,4,1,4,4,1,4,2,4,4,1,4,1,0,1,0,0,0,0,0,0,0,0,0,0,0,0,0,0,0,0,1,0,0,NA,2,0,0,0,1,1,0,0,0,0,0,0,0,0,0,0,0,0,0,NA,2,1,0,NA,4,1,1,1,1,1,5,1,1,1,4,1,7,7,1,1,7,1,1,7,7,7,7,7,7,4,4,4,7,7,4,3,3,2,2,5,4,1,1,1,1,1,1,1,1,1,1,1,1,1,1,NA,NA,1,1,1,0,3,3,1,2,ORANGE,1,1,1,1,1,1,0,3,0,1,0,0,1,3,1,1,3,3,3,1,3,2,3,1,3,1,2,1,1,7,7,7,7,7,7,7,7,7,7,7,1,7,1,1,7,7,1,7,1,7,7,1,1,1,2,1,1,4,1,1,1,0,1,4.555555555555555,6,Probable AUD,2.0833333333333335,2.6666666666666665,3.6666666666666665,1,1,8,8,8,2,8,5,5,2,8,2,8,2,8,8,1,1,22,26,22,7,49,12,35,35,4.666666666666666,6,7,6.25,4.75,5,1,2,1,1,3
1.3736263736263736,-0.8649930340075955,0.6379281175211072,4,2025-07-25T17:32:04Z,2025-07-25T17:55:54Z,100,1430,1,2025-07-25T17:55:55Z,R_5bPr34prb86GfQw,anonymous,1,1,1,1,1,1,26,Female,0,0,1,0,0,0,0,0,Full Time,"$50,000 - $99,999",High school diploma or equivalent,79118,1,0,Married or living with a partner,Christian,Never,0,NA,NA,NA,NA,NA,NA,NA,Tricare,3 to 7 years,1,1,0,1,0,1,0,0,1,1,1,1,1,1,0,9-20 hours,1,1,0,1,0,0,1,0,1,0,0,0,0,0,0,0,0,1,0,NA,NA,NA,NA,NA,1,1,1,0,0,0,0,0,1,0,FALSE,0,FALSE,1,1,0,0,1,0,0,Reach out to see how they can help as well. I feel like word has come to an “everyone for themselves” mindset.,Child,Male,5,Developmental or intellectual disorder,NA,Lives with me,NA,2,4,4,2,1,1,4,1,2,2,2,2,3,4,2,1,4,4,2,4,2,1,2,4,4,2,2,4,0,0,0,0,0,1,0,0,1,1,0,0,0,0,0,0,0,0,0,0,0,NA,5,0,0,1,1,1,0,1,1,1,1,0,0,0,0,1,0,0,0,NA,9,1,0,NA,6,3,5,2,4,5,4,3,2,1,1,1,7,7,1,1,7,1,1,5,5,2,5,5,6,6,2,6,6,3,5,3,2,4,2,1,1,2,2,2,4,4,4,2,4,2,2,4,2,NA,NA,NA,NA,1,NA,1,0,3,4,1,2,ORANGE,1,1,1,1,1,1,3,0,1,1,2,2,0,3,0,0,2,3,1,2,1,1,0,2,1,0,0,1,1,2,5,4,3,5,5,6,5,5,5,2,5,5,7,5,5,4,4,5,1,3,5,1,4,2,2,1,3,1,1,3,1,0,1,2.7777777777777777,7,Probable AUD,2.5833333333333335,3,1.3333333333333333,2,4,4,8,5,4,3,4,2,4,6,5,8,8,8,3,2.6666666666666665,2.6666666666666665,34,6,10,27,29,14,20,25,5,4.666666666666667,5.25,3,5.75,5,1,2,1,1,3
1.5432098765432098,-0.9223313198670747,0.38816474654486344,6,2025-07-25T17:43:20Z,2025-07-25T17:56:12Z,100,771,1,2025-07-25T17:56:13Z,R_5Rg2X3jAx0FERW5,anonymous,1,1,2,0,0,1,40,Female,0,0,0,0,0,0,1,0,Part Time,"$20,000 - $49,999",Associate's degree,19403,0,0,Never married,Christian,Every month,0,NA,NA,NA,NA,NA,NA,NA,Keystone,3 to 7 years,1,0,0,1,1,1,0,1,1,1,0,1,1,1,0,40+ hours,0,1,0,0,1,0,0,1,0,0,0,0,0,0,0,0,0,1,0,NA,NA,NA,NA,NA,1,1,1,1,0,0,1,1,1,0,FALSE,0,FALSE,1,0,0,0,1,1,0,"Hey, for services if you have Medicaid",Parent,Female,75,Long-term physical condition,NA,Lives with me,NA,2,4,2,3,2,2,2,2,4,1,1,3,4,2,1,3,2,1,1,2,3,1,1,2,1,1,2,1,0,0,1,0,0,1,0,0,1,0,0,0,0,0,0,1,0,0,0,0,0,NA,6,0,0,0,1,1,0,0,0,0,0,0,0,0,0,1,0,0,0,NA,9,2,0,NA,5,2,5,3,4,5,1,2,1,1,7,1,6,6,2,6,6,1,1,4,6,4,4,5,1,2,3,2,5,3,3,4,3,4,5,3,3,4,4,3,5,5,4,3,4,4,4,3,3,1,NA,NA,NA,NA,NA,0,1,5,2,1,2,ORANGE,1,1,1,1,1,1,3,1,3,2,3,2,3,3,3,2,3,3,3,2,3,3,3,3,1,3,3,1,1,3,2,2,4,4,4,4,4,4,3,5,6,5,6,5,3,5,6,5,5,5,7,5,6,4,3,3,3,3,4,4,3,0,1,3.3333333333333335,5,Probable AUD,3.9166666666666665,3.6666666666666665,3.6666666666666665,3.6666666666666665,4.666666666666667,3,6,4,4,3,2,5,7,5,5,3,2,4,3,3.3333333333333335,3.6666666666666665,38,32,40,39,35,27,19,15,4,3.5,5,3.5,2,5,1,2,1,1,3
1.4705882352941178,-0.9533440585676429,0.7424004969143253,8,2025-07-25T17:31:40Z,2025-07-25T17:56:25Z,100,1484,1,2025-07-31T21:38:27Z,R_1fMXAwkDujBgFTH,anonymous,1,1,1,0,0,1,25,Male,0,0,1,0,0,0,0,0,Full Time,"$50,000 - $99,999",High school diploma or equivalent,60637,1,0,Never married,Christian,Weekly,0,NA,NA,NA,NA,NA,NA,NA,Blue Cross Blue Shield,3 to 7 years,1,0,1,1,1,0,0,0,1,1,0,1,1,0,0,21-40 hours,1,0,0,0,0,0,1,1,0,0,0,0,0,0,0,0,0,1,0,NA,NA,NA,NA,NA,0,1,0,0,1,1,1,0,0,0,FALSE,0,FALSE,0,1,1,0,1,0,0,For one they can help out more I may look like a one person but physically taking care of a full blown adult can be very hard to do alone,Grandpartent,Female,80,Long-term physical condition,NA,Lives in their own home,NA,3,4,1,1,2,1,4,1,1,2,1,2,1,4,3,1,4,1,4,4,1,3,4,4,4,1,4,1,1,0,1,0,1,1,0,0,1,0,0,0,0,1,0,0,0,0,0,0,0,NA,7,0,0,0,1,1,0,0,1,0,1,0,0,0,0,1,1,0,0,NA,9,2,0,NA,7,2,1,1,2,2,1,1,1,1,1,1,2,5,2,3,7,3,1,6,7,7,5,5,6,5,5,6,6,5,6,2,2,2,3,2,2,3,3,2,2,4,2,2,3,4,5,1,1,1,1,NA,NA,NA,NA,0,0,2,2,1,2,ORANGE,0,0,0,0,0,0,2,3,1,2,2,0,0,2,2,2,0,1,1,1,2,0,3,0,0,1,0,1,1,7,5,3,5,4,6,4,5,7,5,5,7,5,6,4,7,2,2,6,1,6,5,1,1,1,1,1,1,1,1,1,1,1,0,4.666666666666667,5,Probable AUD,2.4166666666666665,2,2.3333333333333335,2.6666666666666665,2.6666666666666665,7,8,2,2,5,6,2,2,6,2,8,2,8,7,2.3333333333333335,3,12,20,18,22,36,8,29,22,5.222222222222222,5.75,6,5.5,5.75,0,0,1,1,1,3
1.6666666666666667,-0.9472747701262929,0.750385406553178,12,2025-07-25T17:34:59Z,2025-07-25T17:56:38Z,100,1298,1,2025-07-25T17:56:38Z,R_7spugynXolPzMKC,anonymous,1,1,1,0,0,1,52,Female,0,0,0,0,0,0,1,0,Full Time,"$20,000 - $49,999",Less than high school degree,30052,0,3,Divorced/Separated,Christian,Once or twice a year,0,NA,NA,NA,NA,NA,NA,NA,Ambetter,3 to 7 years,0,1,1,1,1,1,0,1,1,1,1,1,1,1,0,21-40 hours,0,0,1,0,1,0,0,0,0,0,0,0,0,0,1,0,0,0,1,3,1,1,3,3,0,1,1,0,1,1,0,1,1,0,FALSE,0,FALSE,0,1,0,0,0,0,0,Help me take care of the outdoor chores and some light cleaning indoors.,Friend,Male,67,Long-term physical condition,NA,Lives with me,NA,2,2,2,2,2,2,2,2,2,2,2,2,3,4,2,2,2,2,3,3,3,2,2,2,3,2,2,2,0,1,0,0,1,1,0,0,1,1,1,0,0,1,0,1,0,0,0,0,0,NA,5,0,0,0,1,1,0,0,1,0,1,0,0,0,1,1,0,0,0,NA,9,1,0,NA,6,4,4,5,3,3,2,2,2,2,1,1,7,7,1,1,7,1,1,5,6,6,5,6,4,6,6,5,6,2,5,4,4,4,3,2,3,2,2,2,2,2,2,3,4,3,2,2,2,1,NA,NA,NA,NA,NA,1,1,4,5,2,4,ORANGE,1,1,1,1,1,1,1,1,2,2,3,1,1,1,1,2,1,2,3,1,2,3,2,1,2,1,1,1,1,4,7,6,3,4,3,4,6,3,6,4,5,4,4,5,3,4,4,3,4,4,3,4,5,3,2,2,3,2,1,2,2,0,1,3,11,Probable AUD,2.6666666666666665,4,2.6666666666666665,2,2,5,4,4,4,4,4,4,5,4,5,7,4,5,4,2,3.3333333333333335,16,20,32,31,25,17,17,29,5,5.166666666666667,5.75,4.75,5,5,1,1,1,1,3
1.3736263736263736,-0.9288548805585245,0.7014827742222216,4,2025-07-25T17:43:21Z,2025-07-25T17:56:39Z,100,797,1,2025-07-31T21:38:27Z,R_7DNKptOsWnL3Ck1,anonymous,1,1,2,1,3,1,29,Female,0,0,0,1,0,0,0,0,Full Time,"$50,000 - $99,999",Associate's degree,78641,2,0,Married or living with a partner,Christian,Weekly,0,NA,NA,NA,NA,NA,NA,NA,Geico,3 to 7 years,1,0,1,1,1,1,0,1,1,1,0,1,1,1,0,9-20 hours,0,1,1,0,1,0,1,1,1,0,1,0,1,0,0,0,0,1,0,NA,NA,NA,NA,NA,1,0,1,1,1,0,1,1,0,1,FALSE,0,FALSE,0,1,1,1,1,0,0,help in the unique more important control to my imagination and perfect,Grandpartent,Female,75,Long-term physical condition,NA,Lives in their own home,NA,3,3,4,4,4,2,3,4,4,4,2,3,4,3,4,3,3,4,3,2,4,4,3,4,3,4,4,3,0,1,0,1,1,1,0,1,1,1,0,1,1,1,0,1,1,1,0,0,0,NA,5,0,1,0,1,1,1,0,1,0,1,0,0,0,1,1,0,0,0,NA,4,2,1,Anc,6,3,4,5,4,5,5,5,4,5,4,7,6,7,7,7,7,4,6,7,6,7,7,7,7,5,6,7,6,7,7,4,5,3,5,4,5,3,4,5,5,5,3,3,5,4,5,3,4,1,1,1,1,NA,1,0,1,2,3,2,3,ORANGE,0,0,1,0,0,1,2,3,3,2,3,3,3,1,2,3,3,3,3,1,2,2,1,2,3,2,2,3,1,5,7,6,7,7,6,6,5,2,6,5,7,6,7,7,4,6,5,7,7,6,7,3,4,3,3,2,4,3,3,4,4,0,1,1.5555555555555554,8,Probable AUD,4.25,4,4.666666666666667,4,4.333333333333333,6,6,8,6,8,7,5,8,6,8,6,7,6,8,4,4,30,34,34,40,41,26,27,30,1.8888888888888893,6.583333333333333,6.5,6.75,6.5,2,0,5,1,1,3
1.6233766233766234,-0.9209579848494162,0.5342210808614171,6,2025-07-25T17:43:13Z,2025-07-25T17:56:39Z,100,806,1,2025-07-25T17:56:40Z,R_1GhpYdMfBCAvdgR,anonymous,1,1,1,1,1,1,25,Male,0,0,0,0,0,0,1,0,Full Time,"$20,000 - $49,999",High school diploma or equivalent,45406,0,0,Never married,Other,Once or twice a year,0,NA,NA,NA,NA,NA,NA,NA,Blue Cross Blue shield,1 to 3 years,0,1,1,1,1,1,0,1,1,1,0,1,1,1,0,40+ hours,1,0,1,0,1,0,1,1,0,0,0,0,0,0,0,0,1,1,0,NA,NA,NA,NA,NA,1,1,1,1,0,1,1,1,0,0,FALSE,0,FALSE,1,1,1,0,0,0,0,I dont know can't think of anything,Other family member,Male,79,Long-term physical condition,NA,Lives in their own home,NA,3,3,4,3,3,2,4,3,3,3,2,3,3,3,3,2,4,2,2,3,2,2,2,2,2,3,2,2,0,1,0,0,1,1,0,0,1,1,0,0,0,1,0,0,0,0,0,0,0,NA,6,0,0,0,1,1,0,0,0,1,1,0,0,0,1,1,1,0,0,NA,7,1,0,NA,6,2,2,3,3,2,3,2,3,2,3,3,3,2,3,1,2,2,1,2,1,3,4,3,3,3,3,3,4,3,3,3,3,3,2,2,2,3,2,2,2,2,2,3,2,3,3,2,4,1,NA,1,NA,1,NA,1,0,2,4,3,4,ORANGE,0,0,0,0,0,0,1,2,1,2,2,1,2,1,1,2,1,1,2,1,1,2,2,1,1,2,2,1,1,4,5,3,3,5,3,3,5,5,5,5,6,5,5,4,4,5,4,3,5,3,4,3,4,1,2,2,1,2,1,1,2,1,0,3.5555555555555554,11,Probable AUD,2.3333333333333335,3,2,2.3333333333333335,2,5,7,7,5,6,5,4,5,7,6,5,4,5,4,3,2.6666666666666665,14,22,26,31,29,12,20,21,5.777777777777778,2.9166666666666665,2.5,3.25,3,0,0,2,1,1,3
1.7361111111111112,-0.92625033812292,0.7596337195717643,10,2025-07-25T17:32:53Z,2025-07-25T17:56:40Z,100,1426,1,2025-07-31T21:38:27Z,R_5CKwgUUHfCHlgrr,anonymous,1,1,1,1,1,1,38,Female,0,0,0,0,0,0,1,0,Full Time,"$20,000 - $49,999",Some college,32526,1,0,Married or living with a partner,Christian,Weekly,1,1,NA,NA,NA,NA,NA,15,United Healthcare,3 to 7 years,1,0,0,1,0,1,0,1,1,1,1,1,0,0,0,1-8 hours,0,1,1,1,0,0,0,1,0,1,0,1,1,0,0,0,1,1,1,3,3,3,3,3,0,0,1,0,1,0,1,1,0,1,FALSE,0,FALSE,1,0,0,1,1,1,0,They are reliable and trustworthy,Spouse,Female,55,Behavioral issues,NA,Lives with me,NA,2,3,2,2,2,2,2,3,4,4,4,4,4,4,4,4,4,4,3,3,4,4,3,4,4,3,3,3,0,1,0,0,1,0,1,0,1,1,1,0,0,1,0,1,1,0,1,0,0,NA,7,0,0,0,1,1,1,0,0,0,1,0,0,0,1,1,1,0,0,NA,8,2,1,Boys and girls club,8,4,4,5,4,5,4,5,4,4,6,6,7,6,7,6,5,7,7,5,6,5,5,5,5,5,5,5,5,5,5,3,4,3,4,3,4,3,3,2,3,3,4,4,3,5,4,5,4,NA,1,1,1,1,NA,1,1,4,3,3,4,ORANGE,1,1,0,0,1,0,2,2,2,3,2,2,3,2,3,3,3,2,3,2,2,3,3,2,2,2,3,2,1,5,6,5,6,5,6,5,6,3,6,5,6,6,6,6,5,5,6,6,5,6,5,5,6,3,3,3,3,3,4,3,3,0,1,1.666666666666667,10,Probable AUD,3.25,3.3333333333333335,3.6666666666666665,2.6666666666666665,3.3333333333333335,5,5,5,6,6,7,6,8,8,7,8,7,7,7,4.333333333333333,4,30,34,38,40,38,25,25,28,1.666666666666667,5.083333333333333,5.25,5,5,2,0,2,1,1,3
1.4367816091954022,-0.7797160904389803,0.533773088200505,6,2025-07-25T17:43:47Z,2025-07-25T17:56:43Z,100,776,1,2025-07-25T17:56:43Z,R_3Vr25qHw4Zkee1G,anonymous,1,1,3,1,2,1,25,Male,0,0,0,1,0,0,0,0,Full Time,"$20,000 - $49,999",Less than high school degree,50311,2,0,Married or living with a partner,Christian,Every month,0,NA,NA,NA,NA,NA,NA,NA,Blue cross blue shield,1 to 3 years,0,0,1,0,1,0,0,0,1,1,0,1,1,0,0,1-8 hours,0,0,1,0,0,0,1,0,0,0,0,0,0,0,0,0,0,0,0,NA,NA,NA,NA,NA,0,1,0,0,0,0,0,0,0,0,FALSE,0,FALSE,0,1,0,0,0,0,0,Actually help out family members in need instead of making excuses as to why they can’t.,Grandpartent,Female,74,Long-term physical condition,NA,Lives in their own home,NA,2,4,3,2,1,2,3,3,2,2,2,2,4,3,2,2,4,2,3,4,3,2,2,4,4,4,2,1,0,0,0,0,0,0,0,0,1,1,0,0,0,0,0,0,0,0,0,0,0,NA,7,0,0,0,1,0,0,0,0,1,1,0,0,0,1,1,1,0,0,NA,9,1,0,NA,5,2,2,4,2,4,4,1,2,2,1,1,1,7,1,1,7,1,1,3,3,2,2,6,4,5,2,4,2,6,5,4,4,4,5,4,4,2,2,2,2,2,4,5,4,5,2,4,2,1,NA,NA,NA,NA,NA,1,1,4,4,2,3,ORANGE,1,1,1,1,1,1,1,2,3,0,0,2,0,1,1,2,2,2,3,1,2,1,3,0,3,2,3,3,1,2,6,6,2,2,2,2,6,3,7,1,7,6,7,7,1,4,7,5,7,2,3,2,7,3,3,2,2,3,1,3,1,1,0,3.4444444444444446,9,Probable AUD,3.25,4,4.333333333333333,2,2.6666666666666665,5,7,6,4,3,4,4,5,6,8,7,3,8,4,2.6666666666666665,4.666666666666667,18,20,30,44,22,18,11,27,5.666666666666666,3.6666666666666665,3.5,3,4.5,5,1,5,1,1,3
1.644736842105263,-0.96234727768080075,0.8259176645537725,9,2025-07-25T17:43:19Z,2025-07-25T17:58:04Z,100,885,1,2025-07-31T21:38:27Z,R_78RHueC2lA8jvhz,anonymous,1,1,1,1,1,1,24,Male,0,0,0,0,0,0,1,0,Full Time,"$50,000 - $99,999",Bachelor's degree,28227,1,0,Never married,Christian,Weekly,0,NA,NA,NA,NA,NA,NA,NA,Health,3 to 7 years,1,0,1,0,1,1,0,0,1,1,0,1,0,1,0,40+ hours,1,0,0,0,0,0,1,0,0,0,0,0,0,0,0,0,1,1,0,NA,NA,NA,NA,NA,1,1,0,0,1,1,0,0,0,0,FALSE,0,FALSE,0,0,1,1,0,0,0,Helping caregiver,Parent,Male,44,Long-term physical condition,NA,Lives with me,NA,3,4,4,1,3,1,4,1,3,3,1,4,1,4,4,3,3,1,3,1,2,3,3,2,2,1,1,2,0,0,0,0,0,1,0,0,1,0,0,0,1,0,0,0,0,0,0,0,0,NA,5,0,0,0,0,1,0,0,0,0,1,0,0,0,1,1,0,0,0,NA,8,1,1,Hometown,8,2,2,5,3,1,2,3,3,5,2,4,5,2,5,5,2,2,5,6,6,7,7,4,5,4,5,6,6,3,5,4,4,5,5,4,1,1,1,1,2,2,2,4,4,5,1,2,4,1,NA,NA,NA,NA,NA,0,0,2,4,2,2,ORANGE,0,1,0,1,0,0,0,0,0,0,0,0,2,2,2,0,0,0,0,0,0,0,0,0,1,0,1,1,1,6,6,6,7,7,6,5,5,7,5,7,2,6,2,2,1,1,1,1,1,7,2,2,2,3,1,1,1,3,1,1,2,1,0,3.111111111111111,8,Probable AUD,2.6666666666666665,4.333333333333333,3.3333333333333335,1,2,6,8,5,2,7,6,4,5,7,2,6,3,3,4,2.3333333333333335,4.333333333333333,4,10,2,12,25,13,33,27,4.444444444444445,5.333333333333333,5.5,5.5,5,2,0,2,1,1,3
1.4367816091954022,-0.9356461027958064,0.6312914687969005,5,2025-07-25T17:33:46Z,2025-07-25T17:59:10Z,100,1523,1,2025-07-25T17:59:10Z,R_3dnsC2i9hjTxFc9,anonymous,1,1,1,0,0,1,73,Male,0,0,0,0,0,0,1,0,Disabled or retired and not looking,"$50,000 - $99,999",Master's degree,85257,0,3,Married or living with a partner,Atheist/Agnostic,Once or twice a year,0,NA,NA,NA,NA,NA,NA,NA,unitedhealthcare,1 to 3 years,1,0,1,1,1,1,0,1,1,1,1,1,1,1,0,40+ hours,1,0,1,0,0,0,0,0,0,0,0,0,1,0,0,0,1,1,0,NA,NA,NA,NA,NA,0,1,1,0,0,0,1,0,1,0,FALSE,0,FALSE,1,1,0,1,0,1,0,make sure funding for medicade isn't cut back,Spouse,Female,74,Memory problems,NA,Lives with me,NA,1,4,2,1,3,2,2,2,2,3,1,2,3,3,3,2,1,3,1,4,3,1,3,3,3,4,1,2,0,1,0,0,1,1,0,0,0,0,0,0,0,1,0,0,0,0,0,0,0,NA,6,0,0,0,1,0,0,0,0,0,0,0,0,0,0,1,0,0,0,NA,5,1,0,NA,3,1,2,2,2,2,1,2,2,2,3,3,5,4,3,3,3,3,3,2,3,5,6,3,2,1,5,2,2,5,2,4,4,3,4,3,3,3,2,2,3,2,1,1,1,1,3,2,4,NA,NA,NA,NA,NA,NA,0,0,3,1,1,1,ORANGE,0,0,0,0,0,0,0,1,2,0,2,2,0,2,0,3,2,2,2,2,1,2,3,1,0,1,3,2,1,3,5,4,3,2,2,5,6,2,6,3,6,5,6,5,2,2,6,3,6,2,2,5,6,3,3,1,2,4,1,1,1,1,0,4.222222222222222,3,Not detected,2.8333333333333335,3.6666666666666665,3.3333333333333335,2.3333333333333335,2,2,6,4,2,6,6,4,5,3,7,6,5,7,2,3,1,22,6,34,40,19,16,12,26,4.666666666666666,3.1666666666666665,2.5,5.25,1.75,0,0,1,1,1,3
1.6891891891891893,-0.9864082700742843,0.939532199207771,9,2025-07-25T17:32:16Z,2025-07-25T17:59:11Z,100,1615,1,2025-07-25T17:59:12Z,R_7CCKjUyrEGa2qXf,anonymous,1,1,1,0,0,1,56,Female,0,0,1,0,0,0,0,0,Part Time,"$20,000 - $49,999",Some college,27127,0,1,Never married,Atheist/Agnostic,Never,0,NA,NA,NA,NA,NA,NA,NA,Blue Cross and Blue Shield,1 to 3 years,1,0,1,1,0,1,0,0,1,1,0,1,1,1,0,1-8 hours,0,1,0,0,1,0,0,1,0,0,0,0,0,0,0,0,1,0,1,1,1,1,1,1,0,0,1,1,0,0,1,0,0,0,FALSE,0,FALSE,1,1,0,0,0,0,0,Help find resources that can help me better provide care for my loved one.,Sibling,Male,64,Long-term physical condition,NA,Lives in their own home,NA,2,2,1,1,2,1,3,1,2,4,1,2,1,3,3,1,4,2,2,4,3,1,4,3,3,1,1,1,0,1,0,0,1,0,0,0,0,0,1,0,0,0,0,0,0,0,0,0,0,NA,3,0,0,0,1,0,1,0,0,1,1,0,0,0,0,1,1,0,0,NA,6,2,0,NA,7,3,4,1,1,2,1,1,1,1,2,1,7,7,1,2,6,3,3,5,6,5,5,6,5,6,6,6,6,5,6,2,2,2,2,1,1,1,2,2,1,1,1,3,2,3,3,3,2,NA,1,NA,NA,1,NA,0,0,1,1,1,1,ORANGE,0,0,0,0,0,0,1,1,0,0,1,0,0,0,0,0,0,1,0,0,0,0,0,0,0,0,0,1,1,6,6,7,7,6,6,6,6,6,7,5,2,7,4,2,6,7,1,6,1,5,6,1,1,3,3,2,1,4,2,2,1,0,1,4.333333333333333,3,Probable AUD,1.5,2,1.3333333333333333,1.6666666666666667,1,4,5,2,2,5,8,2,5,6,2,6,3,7,2,2.6666666666666665,2.6666666666666665,4,2,2,12,42,18,31,32,4.444444444444445,5.583333333333333,5.75,5.25,5.75,0,0,1,1,1,3
1.5432098765432098,-0.8821958811940609,0.5221510575114977,6,2025-07-25T17:36:24Z,2025-07-25T17:59:28Z,100,1383,1,2025-07-25T17:59:28Z,R_39sq3LcbxniN13L,anonymous,1,1,2,1,0,1,50,Female,0,0,0,0,0,0,1,0,Part Time,"$50,000 - $99,999",Associate's degree,25702,0,2,Married or living with a partner,Christian,Once or twice a year,0,NA,NA,NA,NA,NA,NA,NA,I don't want to  say,Less than one year,0,0,1,0,0,0,0,0,0,1,0,0,0,0,0,Less than 1 hour,0,0,0,0,0,1,1,0,0,0,0,0,0,0,0,0,0,0,0,NA,NA,NA,NA,NA,1,0,0,0,0,0,0,0,0,0,FALSE,0,FALSE,1,1,0,0,0,0,0,Encourage me,Child,Female,20,NA,I don't want to say,Lives with me,NA,3,1,2,3,3,4,3,1,1,2,2,3,3,3,4,4,3,4,3,3,3,2,4,4,4,2,3,4,0,0,0,0,0,1,0,0,0,0,0,0,0,0,0,0,0,1,0,0,0,NA,2,0,0,0,1,1,0,0,0,0,1,0,0,0,0,0,0,0,0,NA,2,1,0,NA,2,2,3,1,4,3,1,2,2,4,3,4,4,3,5,5,5,4,6,2,3,2,2,3,2,2,3,2,2,2,3,3,2,2,1,3,3,5,5,4,4,4,2,2,2,4,3,2,4,NA,1,NA,NA,NA,NA,0,0,2,3,3,1,ORANGE,0,1,1,0,1,0,2,1,0,1,2,2,2,2,0,2,2,1,1,2,1,2,2,2,2,2,2,1,1,1,1,2,1,5,1,6,6,6,6,4,4,4,3,6,3,5,3,5,3,5,3,5,2,1,2,3,1,2,3,2,2,0,1,3.5555555555555554,7,Probable AUD,3.1666666666666665,2.3333333333333335,2.3333333333333335,4.666666666666667,3.3333333333333335,6,4,3,5,7,6,8,4,6,5,7,8,7,5,3,2.6666666666666665,26,18,22,26,29,16,14,21,3.666666666666667,2.3333333333333335,2.5,2.25,2.25,3,0,2,1,1,3
1.953125,-0.9550750238511733,0.7605586260429894,17,2025-07-25T17:31:37Z,2025-07-25T18:00:05Z,100,1708,1,2025-07-25T18:00:06Z,R_1Bx34QXTVkRv3j6,anonymous,1,1,1,1,2,1,30,Male,0,0,0,0,0,0,1,0,Full Time,"> $150,000",Associate's degree,44035,2,0,Married or living with a partner,Other,Never,0,NA,NA,NA,NA,NA,NA,NA,United healthcare,3 to 7 years,1,1,1,1,1,1,0,1,1,1,0,1,1,0,0,21-40 hours,1,0,1,1,1,0,1,1,0,0,0,0,0,0,0,0,0,0,0,NA,NA,NA,NA,NA,1,1,1,1,0,0,0,0,0,0,FALSE,0,FALSE,1,0,1,0,1,0,0,I have no idea,Grandpartent,Female,65,Long-term physical condition,NA,Lives with me,NA,3,3,3,3,1,2,2,3,3,3,3,2,3,2,2,3,3,4,2,3,3,1,3,2,3,3,2,1,0,0,0,0,0,0,0,0,0,0,0,0,0,0,0,0,0,0,0,0,1,Newsbreak,6,0,0,1,1,1,1,1,1,1,1,0,1,1,1,1,1,0,0,NA,8,2,0,NA,6,2,2,3,3,3,2,3,3,2,4,4,4,3,4,4,4,5,5,5,4,5,6,6,6,5,4,3,5,5,6,3,3,3,3,4,3,3,3,3,4,4,2,3,4,4,4,3,2,NA,NA,NA,NA,NA,NA,1,0,2,5,3,5,ORANGE,1,0,1,1,1,1,2,2,2,1,2,2,2,2,2,2,2,2,2,2,2,2,2,2,2,2,2,3,1,4,5,4,4,5,4,4,5,3,4,4,5,2,4,4,4,3,4,5,4,3,3,6,7,3,3,2,2,4,3,2,3,1,0,3.4444444444444446,13,Probable AUD,3.1666666666666665,3,3.3333333333333335,3,3.3333333333333335,5,5,6,6,3,6,5,6,5,6,5,5,5,3,3,3.6666666666666665,28,26,28,34,24,22,20,22,3.8888888888888893,5,5,5,5,4,1,3,1,1,3
1.7857142857142858,-0.9125788429736252,0.573338254291874,7,2025-07-25T17:34:15Z,2025-07-25T18:00:51Z,100,1596,1,2025-07-31T21:38:27Z,R_5wyhm4KpxCXEw2B,anonymous,1,1,1,1,1,1,26,Female,0,0,0,0,0,0,1,0,Full Time,"$50,000 - $99,999",Some college,77063,1,0,Never married,Muslim,Every month,0,NA,NA,NA,NA,NA,NA,NA,Nike,1 to 3 years,0,0,0,0,0,0,1,0,0,0,0,1,0,0,0,1-8 hours,1,0,0,0,0,0,0,0,0,0,0,1,0,0,0,0,0,1,0,NA,NA,NA,NA,NA,0,0,0,1,0,0,0,0,0,0,FALSE,0,FALSE,0,0,0,1,0,0,0,Design,Sibling,Female,60,Long-term physical condition,NA,Lives in their own home,NA,2,2,2,2,3,2,2,4,3,3,3,3,3,3,2,3,3,2,2,3,3,3,2,2,2,2,2,2,0,1,0,0,0,0,0,0,0,0,0,0,0,0,0,0,0,0,0,0,0,NA,5,0,0,0,1,1,1,1,1,0,1,1,0,1,0,0,0,0,0,NA,7,1,0,NA,8,3,3,2,2,2,4,4,3,3,4,5,5,5,6,5,5,5,6,3,3,3,3,1,2,3,4,5,5,4,3,5,4,4,3,3,4,4,4,3,2,2,3,4,2,5,4,5,5,1,NA,NA,NA,NA,NA,0,0,1,4,4,3,ORANGE,0,0,0,0,0,0,2,2,2,2,1,2,2,2,1,2,0,2,3,3,2,1,2,3,2,2,2,1,1,3,3,4,4,3,3,3,2,6,3,6,6,5,5,6,5,5,6,6,6,5,6,7,5,2,3,3,3,3,3,3,3,0,1,3.111111111111111,11,Probable AUD,3.4166666666666665,4.333333333333333,3.3333333333333335,3.6666666666666665,2.3333333333333335,4,4,6,5,5,5,5,6,6,5,5,4,5,5,4.666666666666667,3.6666666666666665,28,26,26,41,38,23,19,15,2.8888888888888893,3.25,3,3.5,3.25,0,0,2,1,1,3
1.4204545454545454,-0.9562722607260031,0.8190598542141733,11,2025-07-25T17:32:53Z,2025-07-25T18:00:59Z,100,1685,1,2025-07-31T21:38:27Z,R_62iinJOyeqT5LET,anonymous,1,1,1,1,1,1,28,Male,0,0,1,1,0,0,0,0,Full Time,"$50,000 - $99,999",Associate's degree,10468,1,0,Married or living with a partner,Christian,Every month,0,NA,NA,NA,NA,NA,NA,NA,Athena,3 to 7 years,1,0,1,1,1,1,0,1,1,1,1,1,1,1,0,9-20 hours,0,0,1,0,1,0,0,0,1,1,0,0,0,0,0,0,0,0,0,NA,NA,NA,NA,NA,0,0,1,0,0,1,0,0,1,0,FALSE,0,FALSE,0,0,0,1,1,0,0,Listen more,Parent,Male,78,Long-term physical condition,NA,Lives with me,NA,4,4,1,1,2,1,1,1,2,1,1,1,2,1,1,1,1,1,1,1,1,1,1,1,1,1,1,1,0,0,0,0,1,1,0,0,1,0,0,0,1,0,0,0,0,0,0,0,0,NA,6,0,0,0,0,1,0,0,0,0,0,0,0,0,0,0,0,0,0,NA,7,1,0,NA,9,3,3,4,4,3,5,4,3,4,6,6,6,3,7,5,6,3,7,5,6,7,5,4,5,5,7,6,5,7,6,3,4,4,5,4,3,3,4,2,4,5,4,4,4,5,3,5,5,1,NA,1,NA,NA,NA,0,0,1,1,1,1,ORANGE,0,0,0,0,0,0,0,0,0,1,0,0,1,0,0,1,0,1,0,0,1,0,0,1,0,1,0,1,1,4,5,4,5,4,3,2,1,4,5,4,6,4,3,6,4,3,4,7,1,5,6,5,1,3,2,1,2,3,3,3,3,1,0,2.3333333333333335,3,Not detected,3.75,3.6666666666666665,4,3,4.333333333333333,5,5,2,2,3,2,2,3,2,3,2,2,2,2,4.333333333333333,4.333333333333333,4,8,2,26,33,20,20,17,2.5555555555555554,5.666666666666667,5,6.5,5.5,0,0,2,1,1,3
1.6666666666666667,-0.9781705871395455,0.8446926217804613,6,2025-07-25T17:43:06Z,2025-07-25T18:01:18Z,100,1091,1,2025-07-25T18:01:18Z,R_7uJ06Q9pTvhWNID,anonymous,1,1,1,0,0,1,29,Female,0,0,0,0,0,0,0,1,Part Time,"$50,000 - $99,999",Associate's degree,22033,0,0,Never married,Other,Every month,0,NA,NA,NA,NA,NA,NA,NA,Anthem blue cross blue shield,3 to 7 years,0,0,1,1,1,0,0,1,1,1,1,1,1,1,0,9-20 hours,1,1,0,1,1,0,1,1,1,0,0,0,0,0,0,0,0,1,0,NA,NA,NA,NA,NA,1,1,0,1,0,0,0,1,0,0,FALSE,0,FALSE,1,1,0,0,1,1,0,Providing easier access to resources like food and shelter. Also supporting income benefits,Parent,Female,70,Long-term physical condition,NA,Lives in their own home,NA,2,3,2,2,3,2,4,1,3,3,4,2,2,4,3,1,3,2,3,2,2,3,3,3,2,1,2,2,0,0,1,0,0,1,0,0,0,0,1,0,0,1,0,0,0,0,1,0,0,NA,4,0,0,1,1,0,0,0,1,1,1,0,1,1,1,1,1,0,0,NA,3,2,1,Ymca,6,1,2,1,2,2,2,2,2,1,1,2,5,5,2,3,7,2,3,5,5,5,5,4,5,5,3,5,4,4,5,2,2,2,2,2,2,1,1,1,4,4,2,4,4,4,5,4,4,1,1,1,1,NA,NA,0,0,3,3,2,3,ORANGE,1,1,1,1,1,0,1,2,2,1,2,0,1,1,1,1,1,1,0,0,0,2,1,0,0,0,1,1,1,4,6,6,6,6,5,6,6,7,6,5,2,7,2,2,5,6,1,6,2,6,5,2,2,3,3,2,2,4,1,2,1,0,1,4.333333333333333,8,Probable AUD,2.0833333333333335,2,2,1,3.3333333333333335,5,7,3,6,6,6,3,5,5,3,6,4,5,5,4.333333333333333,4,8,10,18,13,40,18,28,30,4.666666666666666,4.583333333333333,4.5,4.25,5,4,1,1,1,1,3
2.192982456140351,-0.9853209182290378,0.7418307899668812,12,2025-07-25T17:41:41Z,2025-07-25T18:01:35Z,100,1193,1,2025-07-31T21:38:27Z,R_7fxhtPJQ8ZxSUxq,anonymous,1,1,1,1,1,1,38,Male,0,0,0,1,0,0,0,0,Part Time,"$20,000 - $49,999",Associate's degree,10029,1,0,Never married,Christian,Every month,0,NA,NA,NA,NA,NA,NA,NA,Fidelis,8 to 12 years,1,1,1,1,1,1,0,1,1,1,1,1,1,1,0,40+ hours,0,0,0,0,0,1,1,0,0,0,0,0,0,0,0,0,0,0,0,NA,NA,NA,NA,NA,0,1,0,0,0,0,0,0,0,0,FALSE,0,FALSE,1,0,0,0,0,0,0,Nothing really. Its a job you have to deal with and enjoy. Mentally you have to be strong,Parent,Female,69,Long-term physical condition,NA,Lives in their own home,NA,3,4,1,1,1,1,4,1,3,1,1,3,1,3,3,3,3,3,3,3,3,4,2,4,4,1,4,1,0,1,0,0,0,1,0,0,0,0,0,0,0,1,0,0,0,0,0,0,0,NA,6,0,1,1,1,0,1,0,0,1,1,0,0,1,0,1,1,0,0,NA,8,1,0,NA,7,2,2,2,2,2,2,1,2,1,6,5,6,6,1,1,6,2,3,3,3,1,1,1,2,2,3,2,2,2,2,2,2,2,2,2,2,2,2,1,2,1,1,4,4,4,2,3,3,1,1,NA,NA,NA,NA,0,0,3,3,3,2,ORANGE,0,0,0,0,1,0,1,1,0,0,0,0,0,0,0,0,1,1,0,0,0,0,0,0,0,0,0,1,1,5,5,6,5,6,5,5,5,6,5,5,2,6,2,2,5,6,1,6,2,6,5,2,1,4,3,3,3,1,1,1,1,1,0,4.222222222222222,8,Probable AUD,1.75,2,2,1.6666666666666667,1.3333333333333333,6,8,2,2,4,3,4,6,6,2,7,4,7,8,2.6666666666666665,4,6,2,0,12,39,17,27,26,4,2,2.25,1.75,2,1,0,2,1,1,3
1.893939393939394,-0.9839749491418558,0.7918012635764522,6,2025-07-25T17:40:01Z,2025-07-25T18:03:48Z,100,1427,1,2025-07-25T18:03:48Z,R_1IlHzV4ZJ0QctLr,anonymous,1,1,1,0,0,1,67,Female,0,0,0,1,0,0,0,0,Disabled or retired and not looking,"$50,000 - $99,999",Less than high school degree,90745,0,1,Divorced/Separated,Christian,Weekly,0,NA,NA,NA,NA,NA,NA,NA,Medicare,1 to 3 years,0,0,0,0,1,0,0,0,1,1,0,0,1,1,0,9-20 hours,0,0,0,0,0,1,0,0,0,0,0,0,0,0,0,1,1,0,0,NA,NA,NA,NA,NA,1,0,0,0,0,0,0,0,0,0,FALSE,0,FALSE,0,1,0,0,0,1,0,Nothing,Parent,Female,90,Memory problems,NA,Lives in their own home,NA,1,1,1,1,1,1,2,1,1,2,1,2,1,2,1,1,2,2,1,2,2,2,2,3,2,1,2,1,0,1,0,0,1,0,0,0,0,1,0,0,0,1,0,0,0,0,0,0,0,NA,2,0,0,0,1,0,0,1,1,0,0,0,0,0,0,1,0,0,0,NA,2,1,0,NA,8,3,3,3,3,2,2,2,2,2,1,1,7,7,1,1,6,1,1,5,5,6,6,4,5,5,6,6,4,6,6,2,1,1,1,2,1,2,2,2,2,2,2,1,1,1,1,1,3,NA,NA,NA,NA,NA,NA,0,0,2,1,1,1,ORANGE,0,0,0,0,0,0,0,1,0,0,1,0,0,0,0,1,0,0,1,0,0,1,1,0,0,0,0,1,1,6,6,6,5,3,3,5,5,4,5,1,5,5,1,1,4,3,5,4,4,1,3,1,1,2,2,2,1,2,1,2,1,0,1,3.5555555555555554,3,Probable AUD,1.6666666666666667,1.3333333333333333,1.3333333333333333,2,2,2,3,2,2,2,4,2,3,4,2,4,3,5,4,1.6666666666666667,1,0,2,10,18,21,13,21,27,5.111111111111111,5.333333333333333,4.5,6,5.5,0,0,1,1,1,3
1.5625,-0.9767275116243757,0.9331321224297955,6,2025-07-25T17:43:11Z,2025-07-25T18:04:35Z,100,1283,1,2025-07-25T18:04:35Z,R_1PzZuDNaSSmojpL,anonymous,1,1,1,1,1,1,42,Male,0,0,0,0,0,0,1,0,Disabled or retired and not looking,"$50,000 - $99,999",Less than high school degree,61832,2,0,Married or living with a partner,Christian,Weekly,0,NA,NA,NA,NA,NA,NA,NA,Blue Cross blue shield,1 to 3 years,1,0,1,1,0,1,0,0,1,1,0,0,1,1,0,9-20 hours,0,0,0,0,0,1,0,0,0,0,0,0,0,0,1,0,0,0,0,NA,NA,NA,NA,NA,0,1,0,0,0,1,0,1,0,0,FALSE,0,FALSE,1,1,0,0,0,0,0,Check in from time to time and offer help,Child,Male,17,Short-term physical condition,NA,Lives with me,NA,2,4,1,1,3,1,3,1,3,3,1,4,2,3,3,1,4,3,4,4,1,4,4,4,3,1,3,1,0,1,0,0,1,1,0,0,1,0,1,0,0,1,0,0,0,0,0,0,0,NA,8,0,0,1,1,1,0,0,0,0,1,0,0,0,1,1,1,0,0,NA,8,2,1,Facebook Twitter Snapchat,9,2,1,1,2,1,2,1,1,2,1,1,7,7,2,1,7,2,1,6,7,6,7,6,7,6,7,6,7,6,7,2,2,2,2,2,3,3,2,2,2,3,2,2,2,2,5,2,2,NA,NA,NA,NA,NA,NA,0,0,2,3,3,2,ORANGE,1,1,1,1,0,1,1,2,2,0,0,0,0,0,0,1,0,0,0,0,0,1,0,1,0,0,0,1,1,6,6,6,7,6,7,6,6,6,6,6,2,6,2,2,5,6,2,5,1,5,5,2,3,3,4,4,3,4,2,3,2,1,0,4.555555555555555,8,Probable AUD,2.25,2,2.3333333333333335,2.3333333333333335,2.3333333333333335,6,7,2,2,6,7,2,4,8,3,6,4,8,7,3,2,4,4,8,14,38,25,32,30,4.777777777777778,6.5,6.5,6.5,6.5,4,1,2,1,1,3
1.5625,-0.8915865479378218,0.40967748387354286,4,2025-07-25T17:44:51Z,2025-07-25T18:04:37Z,100,1185,1,2025-07-25T18:04:37Z,R_1VSbdz62gYlDFOV,anonymous,1,1,1,1,2,1,23,Female,0,0,0,1,0,0,0,0,Unemployed and looking,"$20,000 - $49,999",Less than high school degree,78130,1,0,Married or living with a partner,Other,Every month,0,NA,NA,NA,NA,NA,NA,NA,Superior,1 to 3 years,0,1,1,1,1,0,0,0,1,1,1,0,1,1,0,9-20 hours,1,1,0,0,1,0,1,0,1,0,0,1,0,0,0,0,0,0,0,NA,NA,NA,NA,NA,1,1,0,0,1,0,1,0,1,0,FALSE,0,FALSE,1,0,1,1,0,1,0,Help with transportation,Grandpartent,Female,78,Emotional or mental health issue,NA,Lives in someone else's home,NA,2,4,4,2,3,3,3,4,4,2,3,4,4,4,2,4,4,4,2,4,2,1,2,3,4,4,2,4,0,0,0,0,0,0,0,0,1,1,0,0,0,0,0,0,0,0,0,0,0,NA,9,0,0,0,1,0,0,0,0,0,1,0,0,0,0,0,0,0,0,NA,8,2,1,First time mothers,3,3,4,4,2,1,1,1,1,4,4,7,3,7,4,3,5,5,7,4,1,3,3,7,4,3,3,3,7,3,3,4,5,3,2,2,2,3,3,4,2,2,3,4,4,3,4,4,3,NA,NA,NA,NA,NA,NA,1,0,5,2,3,3,ORANGE,1,1,1,1,1,0,3,1,1,0,3,3,2,2,3,3,3,2,3,3,3,3,2,2,3,3,2,2,1,7,4,4,5,4,4,4,3,5,4,1,7,5,7,7,1,5,7,7,5,3,2,3,7,4,4,3,4,4,1,3,3,0,1,3.6666666666666665,8,Probable AUD,2.9166666666666665,4,2,3.3333333333333335,2.3333333333333335,4,7,8,5,5,4,7,6,8,8,8,8,7,3,3.6666666666666665,3.6666666666666665,36,30,34,43,24,26,25,19,3,3.6666666666666665,4.75,3,3.25,4,1,3,1,1,3
1.6025641025641026,-0.9567170466873042,0.7546194131707906,6,2025-07-25T17:33:15Z,2025-07-25T18:04:35Z,100,1879,1,2025-07-25T18:04:42Z,R_5Ejf9EHNizDp3uE,anonymous,1,1,2,1,3,1,38,Male,0,0,0,0,0,0,1,0,Full Time,"$100,000 - $149,999",Bachelor's degree,99208,3,0,Married or living with a partner,Christian,Weekly,0,NA,NA,NA,NA,NA,NA,NA,EDGH,3 to 7 years,1,0,1,0,0,1,0,0,0,0,0,0,0,0,1,1-8 hours,1,0,1,0,0,0,0,1,0,1,0,0,1,0,0,0,1,1,0,NA,NA,NA,NA,NA,1,0,0,1,0,0,0,0,1,0,FALSE,0,FALSE,0,1,0,0,1,0,0,Very comfortable and very helpful,Child,Male,35,NA,HR manager,Lives in someone else's home,NA,4,3,4,3,4,2,3,3,3,4,3,2,3,4,4,3,3,3,4,4,4,4,4,3,4,3,3,4,0,0,0,0,1,1,0,0,1,0,0,1,0,1,0,1,0,0,1,0,0,NA,3,1,0,0,1,1,1,0,0,1,1,0,1,0,0,1,1,0,0,NA,2,2,1,EFG,3,5,4,4,5,4,5,4,5,1,7,5,7,6,7,7,5,5,6,6,7,6,5,6,6,6,5,6,7,7,6,4,4,5,4,4,4,5,4,5,5,5,4,5,5,4,5,5,4,1,NA,1,NA,NA,NA,1,1,5,5,2,5,ORANGE,1,1,1,1,1,1,3,2,3,3,3,3,2,3,3,3,3,3,3,2,3,2,3,3,3,3,3,4,1,6,5,6,7,5,6,7,7,2,7,7,6,7,7,7,7,5,7,6,7,7,7,6,7,4,3,3,3,3,3,4,3,1,0,1.8888888888888893,12,Probable AUD,4.416666666666667,4.333333333333333,4,4.666666666666667,4.666666666666667,8,6,7,6,8,8,5,7,5,6,8,7,7,7,4.666666666666667,4.666666666666667,40,38,40,47,46,26,26,32,1.8888888888888893,6.083333333333333,6.5,5.75,6,5,1,5,0,1,2
1.6025641025641026,-0.9162930846099648,0.578422827626547,6,2025-07-25T17:42:50Z,2025-07-25T18:05:01Z,100,1330,1,2025-07-31T21:38:27Z,R_31HOD2HyiCZFzWq,anonymous,1,1,1,0,0,1,53,Female,0,0,0,0,0,0,1,0,Unemployed and looking,"$20,000 - $49,999",High school diploma or equivalent,66067,1,4,Married or living with a partner,Other,Never,0,NA,NA,NA,NA,NA,NA,NA,Oscar,Less than one year,0,0,0,0,0,0,1,0,0,0,0,1,1,0,0,9-20 hours,0,0,0,0,0,1,0,0,0,0,0,0,0,0,0,1,0,1,0,NA,NA,NA,NA,NA,0,0,0,0,0,0,0,0,0,0,FALSE,1,FALSE,0,1,0,0,0,0,0,"I'm no longer a care giver. I had to help mom after her surgery. Her best friend, a retired nurse was here every day to help.",Parent,Female,78,Short-term physical condition,NA,Lives in their own home,NA,1,2,1,3,3,1,1,1,2,3,3,2,2,2,2,2,2,1,3,4,2,1,1,3,2,3,1,1,0,0,0,0,1,0,0,0,1,1,0,0,0,0,0,0,0,0,0,0,1,New Times Phoenix,2,0,0,0,0,0,0,0,0,1,0,0,0,0,0,1,0,0,0,NA,4,1,0,NA,2,3,5,3,3,3,5,4,3,3,7,1,4,4,5,5,1,1,4,7,7,5,6,7,1,1,3,4,7,4,4,2,2,2,3,3,1,2,1,2,2,2,2,3,3,3,1,1,1,NA,NA,NA,NA,NA,NA,1,0,4,5,5,5,ORANGE,1,1,1,1,1,1,1,1,1,3,2,1,2,1,2,2,1,1,2,1,2,3,3,2,0,1,2,1,1,1,7,7,1,3,2,7,7,2,6,1,7,4,6,5,4,4,5,4,5,5,4,3,3,4,2,2,2,4,1,2,1,0,1,2.4444444444444446,15,Probable AUD,2,2,2.3333333333333335,1.6666666666666667,2,4,3,2,6,5,4,3,4,4,5,4,2,7,2,1,3,16,22,30,34,26,18,9,34,4.444444444444445,4.666666666666667,7,4.5,2.5,5,1,1,1,1,3
1.2254901960784315,-0.9703677911559296,0.6274224453257993,8,2025-07-25T17:43:21Z,2025-07-25T18:05:27Z,100,1325,1,2025-07-31T21:38:27Z,R_5EHwpdSBAv7K1Vk,anonymous,1,1,2,1,1,1,50,Female,0,0,0,1,0,0,0,0,Unemployed and looking,"$20,000 - $49,999",Associate's degree,70815,17,43,Divorced/Separated,Christian,Weekly,0,NA,NA,NA,NA,NA,NA,NA,Blue Cross Blue Shield,1 to 3 years,0,0,1,0,1,0,0,0,1,0,1,0,1,0,0,1-8 hours,1,0,0,0,1,0,1,0,1,0,0,0,0,1,0,0,0,0,0,NA,NA,NA,NA,NA,1,1,0,0,0,0,0,1,0,0,FALSE,0,FALSE,1,1,1,0,0,0,0,"Running errands or helping with transportation.

",Friend,Female,43,Emotional or mental health issue,NA,Lives in their own home,NA,2,4,3,4,3,4,3,4,3,4,3,4,4,3,4,3,4,3,4,3,3,3,4,4,3,2,3,4,1,0,1,0,0,1,0,0,1,0,0,0,0,0,0,0,0,0,0,0,0,NA,4,0,0,0,1,1,1,0,0,0,1,0,0,0,1,1,0,0,0,NA,2,1,0,NA,9,2,4,5,1,2,4,5,3,1,7,5,3,5,2,4,7,6,4,7,5,6,7,6,7,5,7,6,7,6,5,4,3,2,2,4,3,2,4,3,5,2,2,4,3,2,5,4,2,NA,NA,NA,NA,NA,NA,0,0,1,2,1,2,ORANGE,1,1,1,1,1,1,3,2,3,3,2,1,3,3,2,2,3,3,1,3,2,3,2,1,3,2,2,1,1,7,6,5,4,3,2,3,2,5,6,6,4,7,6,6,3,7,6,7,4,7,5,7,7,4,4,4,4,4,4,4,4,0,1,3,5,Probable AUD,3,3,3,3,3,6,7,7,7,7,8,7,6,8,6,6,7,7,6,3.6666666666666665,3,34,34,30,40,42,32,21,22,3.2222222222222223,6.166666666666667,6.25,6.5,5.75,5,1,3,1,1,3
1.6233766233766234,-0.924168472743506,0.8795768608683001,14,2025-07-25T17:43:20Z,2025-07-25T18:05:49Z,100,1348,1,2025-07-25T18:05:49Z,R_5S0PiQd9OhJez3F,anonymous,1,1,1,0,0,1,46,Female,0,0,0,0,0,0,1,0,Full Time,"$20,000 - $49,999",Less than high school degree,04774,0,2,Married or living with a partner,Christian,Once or twice a year,0,NA,NA,NA,NA,NA,NA,NA,Maincare,3 to 7 years,1,1,1,1,1,1,0,1,0,1,0,1,1,1,0,21-40 hours,0,0,0,0,0,1,0,0,0,0,0,0,0,0,1,0,0,0,0,NA,NA,NA,NA,NA,0,0,0,0,1,0,1,0,0,0,FALSE,0,FALSE,1,1,0,0,0,0,0,Help the person you are caring for get more help to pay for people like me,Spouse,Male,48,Emotional or mental health issue,NA,Lives with me,NA,2,2,3,1,2,1,3,1,2,2,1,3,2,3,2,1,2,1,2,3,1,2,2,2,3,1,2,1,0,0,0,0,0,1,0,0,0,0,0,0,0,0,0,0,0,0,0,0,0,NA,6,0,0,0,1,1,0,0,0,0,1,0,0,0,0,1,0,0,0,NA,4,1,0,NA,9,3,3,2,2,2,1,1,2,3,1,1,7,7,1,1,7,1,1,6,7,5,5,6,5,5,6,6,6,5,5,2,2,2,1,1,1,2,1,2,2,2,1,4,2,3,5,2,3,1,NA,NA,NA,NA,NA,1,0,3,2,2,2,ORANGE,1,1,1,1,1,1,1,0,1,1,1,1,0,1,1,1,1,1,1,1,1,1,1,1,1,1,1,1,1,3,3,5,3,4,3,5,3,4,5,4,6,6,6,5,2,3,4,3,4,5,4,3,4,2,2,2,2,2,1,2,1,0,1,3.888888888888889,6,Probable AUD,1.5833333333333333,2,1,1.6666666666666667,1.6666666666666667,4,5,4,2,4,4,2,3,5,3,6,2,5,4,3.3333333333333335,3,14,10,14,32,27,14,17,21,5,5.583333333333333,6.25,5.25,5.25,5,1,1,1,1,3
2.232142857142857,-0.9715870866505929,0.8146123490804313,10,2025-07-25T17:43:40Z,2025-07-25T18:06:47Z,100,1386,1,2025-07-31T21:38:27Z,R_5IvmN07hcolONhy,anonymous,1,1,1,0,0,1,41,Male,0,0,0,0,0,0,1,0,Full Time,"$50,000 - $99,999",Associate's degree,40241,0,0,Never married,Christian,Weekly,0,NA,NA,NA,NA,NA,NA,NA,Humana,1 to 3 years,1,0,1,1,1,0,0,0,1,1,0,1,1,1,0,9-20 hours,0,0,0,0,1,0,1,0,0,0,0,0,0,0,0,0,0,1,0,NA,NA,NA,NA,NA,0,1,0,0,1,1,0,0,0,0,FALSE,0,FALSE,1,1,1,0,0,0,0,They could have donated money or made a go fund me page for my mother.,Parent,Male,70,Long-term physical condition,NA,Lives in their own home,NA,2,2,1,4,4,3,4,4,4,4,4,3,4,2,4,3,3,1,2,4,3,4,4,2,4,4,4,1,0,0,0,0,0,0,0,0,0,0,1,0,0,0,0,0,0,0,0,0,0,NA,2,0,0,0,1,0,0,0,0,0,0,0,0,0,0,1,0,0,0,NA,3,1,0,NA,9,3,3,3,3,2,2,3,3,3,1,1,7,7,1,1,7,1,1,6,5,6,6,6,6,6,6,6,6,6,6,4,4,4,4,4,4,4,4,4,3,3,3,4,4,4,5,4,4,1,NA,1,NA,NA,NA,1,1,5,3,5,2,ORANGE,1,0,0,1,1,1,3,2,2,2,2,2,3,2,3,3,3,3,2,2,3,3,3,3,3,3,3,1,1,4,5,5,5,5,4,4,4,4,5,7,4,5,5,5,5,7,6,5,3,4,4,3,3,2,2,1,2,2,1,1,1,1,0,3.2222222222222223,10,Probable AUD,3.75,4,4,4,3,4,6,5,8,8,8,6,7,6,8,6,2,6,8,4.333333333333333,4,36,38,36,29,37,12,22,23,5,5.916666666666667,5.75,6,6,3,0,1,1,1,3
2.450980392156863,-0.9636763727701133,0.7179815474369217,12,2025-07-25T17:42:04Z,2025-07-25T18:07:20Z,100,1515,1,2025-07-31T21:38:27Z,R_6dhw9EnAYoEWYg6,anonymous,1,1,1,0,0,1,53,Female,0,0,0,1,0,0,0,0,"Not working, not looking","$50,000 - $99,999",High school diploma or equivalent,92587,0,1,Married or living with a partner,Other,Never,0,NA,NA,NA,NA,NA,NA,NA,Iehp,Less than one year,0,0,0,0,0,0,1,1,1,1,1,0,1,1,0,1-8 hours,1,1,0,0,0,0,0,1,0,0,0,0,0,0,0,0,0,0,0,NA,NA,NA,NA,NA,0,0,1,0,0,0,1,0,0,0,FALSE,0,FALSE,0,0,0,0,0,0,1,Just be patient and maby Moore info at doct office,Parent,Female,71,Long-term physical condition,NA,Lives with me,NA,1,1,4,1,1,1,1,2,2,1,1,2,2,2,4,2,2,2,1,4,1,1,2,2,2,1,1,1,0,1,0,0,1,0,0,0,0,0,0,0,0,1,0,0,0,1,0,0,0,NA,4,0,0,0,1,1,0,0,1,1,1,0,0,0,0,1,0,0,0,NA,7,1,0,NA,3,2,4,2,2,1,1,1,1,1,1,1,7,6,1,1,7,1,1,2,2,2,2,2,2,2,2,2,2,2,2,3,3,3,3,2,2,1,2,2,2,2,2,2,4,4,5,4,4,NA,NA,NA,NA,NA,NA,0,0,2,1,1,1,ORANGE,0,0,1,1,1,1,2,2,1,0,1,0,0,1,0,1,1,1,1,1,0,1,1,1,1,1,1,1,1,5,5,5,4,4,4,4,4,4,5,5,5,5,3,5,5,5,5,4,5,4,4,4,4,2,3,1,1,3,1,1,1,0,1,4.333333333333333,3,Probable AUD,2.25,3,2.3333333333333335,1.6666666666666667,2,2,2,6,2,5,3,3,3,4,3,4,3,6,2,4.333333333333333,3.3333333333333335,14,8,14,31,32,13,21,23,5.111111111111111,2,2,2,2,4,0,1,1,1,3
1.3020833333333333,-0.789180663184257,0.36924429278090803,4,2025-07-25T17:39:45Z,2025-07-25T18:07:48Z,100,1682,1,2025-07-25T18:07:48Z,R_6aqyfXOCeRTXa81,anonymous,1,1,1,0,0,1,22,Male,0,0,0,0,0,0,1,0,Full Time,"$50,000 - $99,999",Some college,10019,0,1,Married or living with a partner,Atheist/Agnostic,Never,0,NA,NA,NA,NA,NA,NA,NA,BlueCross BlueShield,1 to 3 years,0,1,1,1,0,0,0,1,1,1,1,0,0,0,0,9-20 hours,0,1,1,0,0,0,1,0,1,0,0,0,0,0,0,0,0,0,0,NA,NA,NA,NA,NA,0,1,1,0,0,0,0,1,0,0,FALSE,0,FALSE,1,0,0,0,0,1,0,I think my workplace can be more understanding and provide a bit more leeway on paid leave.,Other family member,Male,32,Short-term physical condition,NA,Lives in their own home,NA,2,2,1,1,2,1,3,2,2,2,1,2,3,2,3,2,2,1,2,4,2,1,3,3,2,1,1,1,0,1,1,0,0,0,0,1,0,0,0,0,1,0,0,0,0,0,0,0,0,NA,7,0,1,1,0,1,0,0,0,0,0,0,0,1,1,1,1,0,0,NA,9,2,0,NA,9,3,5,4,3,4,1,2,2,2,2,3,6,5,2,3,6,1,6,2,3,2,2,2,2,5,3,6,5,2,3,3,2,3,2,2,3,4,3,2,2,3,2,2,4,5,2,4,2,NA,NA,NA,1,1,NA,0,0,3,3,1,2,ORANGE,0,1,1,1,1,0,1,0,1,0,1,1,0,2,1,1,2,3,1,2,2,1,1,2,1,2,2,1,1,3,6,6,2,1,3,5,6,3,7,5,5,4,3,3,1,7,3,4,2,6,2,2,3,3,2,1,1,2,1,1,1,1,0,3.111111111111111,6,Probable AUD,2.5833333333333335,2.6666666666666665,2.3333333333333335,3,2.3333333333333335,4,5,3,2,5,5,3,4,4,4,4,2,7,2,2.6666666666666665,3.6666666666666665,26,12,16,21,29,12,12,30,4.222222222222222,3.0833333333333335,3,2.25,4,4,0,1,1,1,3
1.1574074074074074,-0.8469316226608115,0.6954808819374658,3,2025-07-25T17:37:51Z,2025-07-25T18:10:10Z,100,1939,1,2025-07-25T18:10:11Z,R_5woS6zONLQKiqfy,anonymous,1,1,2,1,2,1,29,Male,0,0,0,0,0,0,1,0,Full Time,"> $150,000",Less than high school degree,34606,2,0,Married or living with a partner,Christian,Weekly,1,NA,1,NA,NA,NA,NA,10,medicaid,1 to 3 years,1,0,1,1,1,1,0,0,1,1,1,1,1,1,0,21-40 hours,1,0,1,1,0,0,0,1,1,0,1,0,0,0,0,0,1,1,1,3,2,3,3,3,1,0,1,1,1,0,1,0,1,0,FALSE,0,FALSE,1,0,1,0,1,1,0,by being more helpful,Grandpartent,Male,75,Long-term physical condition,NA,Lives in their own home,NA,4,3,4,4,2,4,3,4,3,4,4,4,3,4,4,3,3,2,4,3,4,4,3,4,4,2,4,4,0,1,1,0,1,0,0,1,0,1,0,0,0,0,0,0,1,1,0,0,0,NA,7,1,0,1,1,1,0,1,0,1,0,1,1,1,1,1,1,0,0,NA,8,2,1,Cargivers,8,5,4,5,3,5,5,4,3,5,7,6,4,7,5,7,5,7,5,7,5,7,6,4,7,6,5,7,5,7,7,5,4,5,3,5,4,5,5,5,3,5,4,5,4,5,5,3,5,1,1,NA,1,NA,NA,1,1,4,3,2,4,ORANGE,1,1,0,1,1,0,3,2,3,3,2,1,3,2,3,2,3,1,3,2,3,2,3,3,2,3,3,4,1,7,6,7,5,7,6,5,7,4,7,7,6,5,7,7,6,5,7,6,6,5,7,7,3,4,3,4,3,4,2,4,4,1,0,1.666666666666667,9,Probable AUD,4.416666666666667,4.666666666666667,4,5,4,8,6,8,8,6,7,7,7,7,5,8,6,7,8,4.333333333333333,4.666666666666667,30,38,36,43,41,28,29,32,2.1111111111111107,6.083333333333333,5.25,6.25,6.75,3,0,4,1,1,3
1.5822784810126582,-0.6938283707587544,0.594996565094126,9,2025-07-25T17:39:14Z,2025-07-25T18:10:45Z,100,1890,1,2025-07-31T21:38:27Z,R_6QEZsMBXwW9xSl2,anonymous,1,1,1,0,0,1,54,Female,0,0,0,0,0,0,1,0,Disabled or retired and not looking,"$20,000 - $49,999",Some college,28333,0,2,Widowed,Christian,Weekly,0,NA,NA,NA,NA,NA,NA,NA,Uhc,8 to 12 years,1,0,1,1,0,0,0,0,0,1,0,1,1,0,0,1-8 hours,0,0,0,0,0,1,0,0,0,0,0,0,0,0,0,1,0,0,0,NA,NA,NA,NA,NA,0,1,0,1,0,0,0,0,1,0,FALSE,0,FALSE,1,1,0,0,1,0,0,Realize that it’s a full time job,Spouse,Male,61,Long-term physical condition,NA,Lives with me,NA,1,1,2,2,4,2,3,2,4,2,2,2,3,1,3,2,1,3,4,4,3,3,2,3,2,2,3,2,0,0,0,0,0,0,0,0,0,1,0,0,0,0,0,0,0,0,0,0,0,NA,6,0,0,0,1,1,0,0,1,0,0,0,0,0,0,1,0,0,0,NA,9,2,1,Jeep clubs,9,4,1,3,2,2,2,2,2,1,1,1,7,7,1,1,7,4,1,6,6,3,3,5,5,6,3,6,5,6,6,4,4,4,4,3,4,4,4,4,4,4,4,1,4,3,1,5,3,NA,NA,NA,NA,NA,NA,1,1,5,2,2,2,ORANGE,1,1,1,1,1,1,2,2,2,1,2,2,0,2,1,2,1,2,3,0,1,2,2,1,1,0,3,2,1,1,1,1,1,1,1,1,1,1,7,1,7,7,5,4,3,3,7,1,7,1,1,1,7,4,4,3,2,4,2,4,2,0,1,3.888888888888889,6,Probable AUD,3.9166666666666665,4,3.6666666666666665,4,4,5,4,4,4,7,4,4,7,3,5,3,5,7,6,3,2.6666666666666665,20,12,32,38,17,25,5,11,4.666666666666666,5,5.5,3.75,5.75,5,1,1,1,1,3
1.893939393939394,-0.9942606213908541,0.9482544127907504,10,2025-07-25T17:34:57Z,2025-07-25T18:10:56Z,100,2159,1,2025-07-25T18:10:56Z,R_1Q9g753jGExjmx2,anonymous,1,1,1,0,0,1,39,Male,0,0,0,0,0,0,1,0,Full Time,"$100,000 - $149,999",Associate's degree,90249,2,0,Married or living with a partner,Christian,Once or twice a year,0,NA,NA,NA,NA,NA,NA,NA,Kaiser Permanente,Less than one year,1,0,1,1,0,0,0,1,0,1,1,1,1,1,0,1-8 hours,0,0,0,0,0,1,1,0,1,0,0,0,0,0,0,0,1,1,0,NA,NA,NA,NA,NA,0,0,1,0,0,1,1,1,0,0,FALSE,0,FALSE,1,0,0,0,1,0,0,"Help, if possible, sometimes in caring for the elderly.",Parent,Male,1,Short-term physical condition,NA,Lives in their own home,NA,1,2,2,1,2,1,4,1,2,2,1,3,2,3,2,1,2,3,2,3,1,1,2,3,3,1,2,1,0,0,1,0,0,1,0,0,1,1,0,0,1,0,0,0,0,0,0,0,0,NA,3,0,0,0,1,1,1,0,1,1,1,0,1,1,1,1,1,0,0,NA,4,2,0,NA,4,3,2,2,2,1,1,3,2,2,1,1,7,7,1,1,7,4,1,6,6,6,6,7,5,5,6,5,6,6,6,1,2,2,1,1,1,1,1,1,2,2,2,2,2,2,3,3,2,1,NA,NA,NA,NA,NA,0,0,2,4,1,4,ORANGE,1,1,0,0,0,0,1,0,0,0,0,1,0,0,0,0,1,0,0,0,0,0,0,0,0,0,0,1,1,6,5,5,5,6,6,6,6,6,6,6,2,6,1,1,5,7,1,5,1,6,7,1,1,2,2,1,1,2,1,2,1,1,0,4,9,Probable AUD,1.4166666666666667,1.6666666666666667,1,1,2,3,6,3,2,4,4,2,3,5,3,6,4,6,3,2.6666666666666665,2,6,0,0,8,42,12,29,28,4.666666666666666,5.833333333333333,6.25,6,5.25,1,0,1,1,1,3
1.6891891891891893,-0.9267171911855621,0.5726009096009113,5,2025-07-25T17:59:26Z,2025-07-25T18:15:23Z,100,957,1,2025-07-31T21:38:27Z,R_3Lc0XvQiEaiR4eR,anonymous,1,1,1,0,0,1,52,Female,0,0,0,1,0,0,0,0,Full Time,"$50,000 - $99,999",High school diploma or equivalent,10465,0,0,Never married,Christian,Never,0,NA,NA,NA,NA,NA,NA,NA,Embethhealth,3 to 7 years,0,0,1,1,0,0,0,0,1,1,0,1,0,0,0,1-8 hours,0,1,1,1,1,0,1,0,0,0,0,0,0,0,0,0,0,0,0,NA,NA,NA,NA,NA,0,1,1,0,0,0,0,0,0,0,FALSE,0,FALSE,1,0,0,0,0,0,0,Have more event for senior citizens so they are not always home.,Parent,Female,86,Short-term physical condition,NA,Lives in their own home,NA,4,3,3,3,2,2,2,3,3,3,2,3,3,3,3,3,2,2,2,3,3,1,3,3,3,2,2,1,0,1,0,0,0,1,0,0,0,0,0,0,0,0,0,0,0,0,0,0,0,NA,5,0,0,0,1,1,1,0,1,0,1,0,0,0,1,1,0,0,0,NA,9,1,0,NA,7,4,5,5,4,5,4,4,4,5,5,5,6,5,5,4,5,5,5,3,4,3,3,5,5,5,1,5,5,1,5,2,1,3,3,2,3,3,2,4,4,3,3,4,3,3,1,1,1,1,NA,NA,NA,NA,NA,0,0,1,4,3,4,ORANGE,0,0,0,1,1,0,3,1,0,1,2,2,2,1,2,2,3,2,2,2,1,1,1,2,2,1,1,2,1,3,4,4,4,3,3,5,5,4,4,5,5,5,4,4,1,5,2,4,5,5,4,1,1,4,3,1,2,3,1,2,1,0,1,1.5555555555555554,11,Probable AUD,2.75,2,2.6666666666666665,3,3.3333333333333335,6,5,6,5,5,6,5,6,5,5,6,3,6,3,1,3.3333333333333335,30,20,18,22,29,17,17,22,3,3.75,4.25,2,5,2,0,1,1,1,3
1.8115942028985508,-0.9200482383126415,0.8728922533060555,12,2025-07-25T17:42:57Z,2025-07-25T18:15:54Z,100,1977,1,2025-07-31T21:38:27Z,R_5KdXlpLOdXhUsRr,anonymous,1,1,1,0,0,1,52,Female,0,0,0,0,0,0,1,0,Full Time,"$100,000 - $149,999",Some college,38344,0,4,Married or living with a partner,Christian,Once or twice a year,0,NA,NA,NA,NA,NA,NA,NA,I don't have one,Less than one year,0,0,0,0,0,0,1,1,0,0,1,0,1,1,0,1-8 hours,0,0,0,0,0,1,1,1,1,0,0,0,0,0,0,0,0,1,0,NA,NA,NA,NA,NA,0,0,1,0,1,0,0,0,0,0,FALSE,0,FALSE,1,1,0,0,0,0,0,I am not sure,Sibling,Male,69,Short-term physical condition,NA,Lives in their own home,NA,3,1,1,1,3,3,3,1,2,3,1,1,1,3,3,1,2,1,3,3,2,3,2,3,3,1,3,2,0,1,0,0,1,0,0,0,1,1,0,0,0,1,0,0,0,0,0,0,0,NA,3,0,0,0,1,0,1,0,1,1,0,0,0,0,1,1,0,0,0,NA,8,1,1,My local Animal Rescue,2,4,3,1,2,2,1,1,1,1,1,1,7,7,1,1,7,1,1,7,7,7,7,7,7,7,7,7,7,7,7,2,2,2,1,1,1,2,1,2,2,2,2,4,4,3,1,4,1,1,NA,NA,NA,NA,1,1,1,3,4,3,4,ORANGE,1,1,1,1,1,1,1,2,1,1,2,1,0,0,0,1,1,1,1,1,0,1,1,1,2,2,1,1,1,5,6,6,3,5,3,6,6,2,6,5,3,5,3,5,5,5,4,3,5,4,4,1,1,3,2,3,4,4,1,2,1,0,1,4.222222222222222,11,Probable AUD,1.6666666666666667,2,1,1.6666666666666667,2,6,4,2,2,6,5,4,4,3,2,6,3,6,6,2,3.6666666666666665,12,14,16,22,31,20,18,30,5,7,7,7,7,5,1,1,1,1,3
1.5625,-0.9014283588858456,0.7122468139250936,8,2025-07-25T17:44:01Z,2025-07-25T18:17:16Z,100,1995,1,2025-07-25T18:17:17Z,R_5QFx2Wyalv9dCVA,anonymous,1,1,1,1,1,1,37,Female,0,0,0,1,0,0,0,0,Full Time,"$100,000 - $149,999",Associate's degree,91911,1,0,Married or living with a partner,Christian,Every month,0,NA,NA,NA,NA,NA,NA,NA,Not sure,3 to 7 years,0,0,0,1,1,1,0,0,0,0,0,1,1,1,0,21-40 hours,0,0,1,0,0,0,0,0,0,1,0,1,1,0,0,0,0,1,0,NA,NA,NA,NA,NA,0,0,1,0,0,0,1,0,0,0,FALSE,0,FALSE,1,0,0,1,0,0,0,No comments,Spouse,Female,78,Long-term physical condition,NA,Lives in their own home,NA,3,2,1,3,2,1,2,3,4,3,3,3,3,3,3,3,3,1,2,3,3,2,3,3,4,3,4,3,0,0,0,0,0,1,0,0,1,0,0,0,0,1,0,0,0,0,0,0,0,NA,7,0,0,0,1,0,0,1,1,0,0,0,1,0,0,0,0,0,0,NA,6,1,1,No comments,6,3,3,1,3,2,2,2,2,2,5,5,5,4,7,5,6,6,4,6,7,5,5,5,4,7,4,4,6,7,6,4,4,4,4,5,4,3,5,4,3,4,4,5,2,4,5,5,3,NA,1,NA,NA,NA,NA,0,0,4,4,4,3,ORANGE,0,0,0,0,0,0,2,1,0,1,0,1,1,0,0,2,2,2,1,1,2,2,2,2,1,2,2,1,1,5,5,5,6,5,5,3,1,4,2,5,4,4,4,4,4,4,5,6,1,3,4,3,2,1,3,1,1,1,3,1,1,0,1,3.7777777777777777,11,Probable AUD,4,4,4.333333333333333,4,3.6666666666666665,5,4,4,6,5,6,4,7,6,6,7,4,6,6,4.333333333333333,3.6666666666666665,20,16,18,23,30,12,25,16,2.7777777777777777,5.5,6,5.25,5.25,0,0,2,1,1,3
1.5432098765432098,-0.9770336850176969,0.7981497127060118,7,2025-07-25T17:34:18Z,2025-07-25T18:17:46Z,100,2608,1,2025-07-25T18:17:46Z,R_3SrSuH2DRLBtqVj,anonymous,1,1,1,0,0,1,45,Female,0,0,0,0,1,0,1,0,Full Time,"> $150,000",Bachelor's degree,91214,2,0,Divorced/Separated,Christian,Every month,0,NA,NA,NA,NA,NA,NA,NA,Anthem,3 to 7 years,1,0,1,0,1,0,0,0,1,0,1,1,1,1,0,1-8 hours,0,1,0,1,0,0,0,0,1,0,0,1,0,0,0,0,0,0,0,NA,NA,NA,NA,NA,0,0,1,0,1,0,0,1,0,0,FALSE,0,FALSE,0,1,0,0,0,0,0,Nothing to sgsre,Sibling,Male,50,Short-term physical condition,NA,Lives in their own home,NA,3,2,3,4,2,4,2,2,4,3,1,3,2,1,3,3,2,2,1,2,3,2,3,3,2,2,3,3,0,0,0,0,0,0,0,0,0,0,0,1,0,0,0,0,0,0,0,0,0,NA,6,0,0,0,1,1,0,0,0,0,0,0,0,0,0,0,0,0,0,NA,6,1,0,NA,7,4,3,5,3,3,4,2,2,4,6,5,5,6,5,6,5,5,5,5,6,5,4,7,6,6,6,6,5,6,5,4,4,4,4,3,3,4,4,4,3,4,3,3,3,3,4,3,2,NA,NA,1,NA,NA,NA,0,0,2,4,3,2,ORANGE,1,0,0,0,0,0,3,1,3,2,1,1,1,0,1,0,2,0,0,0,1,0,2,1,2,1,1,1,1,5,3,4,4,4,4,4,4,4,5,5,6,5,5,4,5,5,4,6,4,4,5,5,5,3,4,3,3,3,3,3,2,0,1,2.6666666666666665,9,Probable AUD,3.6666666666666665,4,3.3333333333333335,4,3.3333333333333335,4,4,5,5,5,6,7,7,5,4,3,5,5,5,3,3,14,18,14,33,35,24,21,20,2.666666666666667,5.583333333333333,5.75,5.25,5.75,0,0,1,1,1,3
1.5060240963855422,-0.922811405958781,0.4889659870437589,4,2025-07-25T17:31:25Z,2025-07-25T18:19:24Z,100,2878,1,2025-07-25T18:19:24Z,R_3WuIDnGmK7OZOUR,anonymous,1,1,1,1,2,1,31,Male,0,0,0,0,0,0,1,0,Full Time,"$50,000 - $99,999",Less than high school degree,89431,3,0,Married or living with a partner,Christian,Every month,0,NA,NA,NA,NA,NA,NA,NA,Medicaid,3 to 7 years,0,1,0,1,1,0,0,0,1,0,1,1,0,0,0,9-20 hours,0,1,0,1,0,0,0,1,0,0,1,1,0,0,0,0,0,1,1,2,3,2,1,1,0,1,0,0,1,1,1,0,0,0,FALSE,0,FALSE,1,1,0,1,1,0,0,Help me on Facebook groups.,Child,Male,9,Long-term physical condition,NA,Lives with me,NA,2,2,2,1,2,3,3,4,2,2,3,1,3,3,2,3,3,1,3,2,3,3,3,3,2,4,2,4,0,0,0,0,0,0,0,0,1,1,0,0,0,0,0,0,0,0,0,0,0,NA,6,0,0,0,1,1,1,0,0,1,0,0,0,0,0,1,0,0,0,NA,8,2,1,Boys girls club,7,4,3,3,2,2,3,5,2,2,5,5,3,5,6,6,4,5,6,6,4,5,4,6,5,6,7,3,4,4,5,2,3,3,3,3,4,4,1,3,3,4,4,4,2,4,4,4,5,NA,NA,1,NA,1,NA,0,0,3,3,2,3,ORANGE,0,1,0,1,1,1,1,2,2,0,2,2,1,3,3,3,2,1,3,3,3,0,2,3,2,3,2,3,1,3,4,4,4,3,5,5,5,7,4,5,4,4,5,7,7,7,3,7,7,6,4,3,5,2,2,1,1,1,2,1,2,1,0,3.111111111111111,8,Probable AUD,3.0833333333333335,2.6666666666666665,3.3333333333333335,2.6666666666666665,3.6666666666666665,5,5,6,4,4,5,6,5,4,7,5,5,5,5,4.333333333333333,3.3333333333333335,30,28,28,34,40,12,22,22,3,4.916666666666667,5,5,4.75,4,0,3,1,1,3
1.2626262626262625,-0.9646976071595996,0.7150970332284435,8,2025-07-25T17:41:48Z,2025-07-25T18:19:47Z,100,2279,1,2025-07-25T18:19:47Z,R_6PcXGs0wlj1jea6,anonymous,1,1,2,0,0,1,43,Female,0,0,1,0,0,0,0,0,Full Time,"$100,000 - $149,999",Associate's degree,30071,4,0,Never married,Christian,Weekly,1,NA,1,NA,NA,NA,NA,7,Aetna,3 to 7 years,1,1,1,1,1,1,0,1,1,1,1,1,1,1,0,21-40 hours,0,1,1,0,0,0,1,0,1,0,0,0,0,0,0,0,1,1,1,1,3,1,3,1,0,1,1,1,1,0,1,1,0,0,FALSE,0,FALSE,1,1,1,1,1,1,0,Offer more community based activities that my loved ones can attend and even for me to as well. So we can get access to all the current resources available in my area.,Parent,Female,75,Long-term physical condition,NA,Lives in their own home,NA,2,3,1,2,4,1,3,1,2,3,1,4,1,3,2,3,4,3,3,4,1,4,3,3,3,1,4,3,0,1,1,0,1,1,1,0,1,1,1,0,1,1,1,1,0,1,1,0,0,NA,6,1,1,1,1,1,1,1,1,1,1,0,1,1,1,1,1,0,0,NA,7,2,1,"Norcross garden club, Boys n Girls club,",8,2,4,2,3,1,2,2,1,2,1,1,6,7,1,2,6,1,1,5,6,4,5,6,4,4,3,5,4,3,4,3,2,4,3,1,1,1,1,1,1,1,1,3,4,4,4,5,4,1,NA,NA,1,1,NA,0,0,3,4,1,3,ORANGE,1,1,1,1,1,1,0,1,2,0,0,0,0,1,2,2,2,1,2,1,2,2,1,0,1,0,1,1,1,5,7,5,4,5,6,5,6,7,5,6,6,3,1,4,3,7,4,5,1,6,4,2,3,1,3,1,1,2,1,1,1,0,1,3.888888888888889,8,Probable AUD,1.6666666666666667,3,1.6666666666666667,1,1,5,6,2,3,6,6,4,3,8,2,6,6,7,8,4.333333333333333,3.6666666666666665,10,12,20,21,34,11,27,28,5.111111111111111,4.416666666666667,5.25,3.75,4.25,5,1,2,1,1,3
1.3297872340425532,-0.805712315620053,0.7259894769614545,5,2025-07-25T17:59:23Z,2025-07-25T18:20:51Z,100,1287,1,2025-07-25T18:20:51Z,R_3DtqvSoo6qzPLwW,anonymous,1,1,1,0,0,1,44,Male,0,0,0,0,0,0,1,0,Unemployed and looking,"$10,000 - $19,999",Doctoral degree,19134,0,1,Never married,Atheist/Agnostic,Never,0,NA,NA,NA,NA,NA,NA,NA,United HealthCare,1 to 3 years,0,0,0,0,0,0,1,0,0,1,1,0,1,0,0,1-8 hours,0,0,1,0,0,0,0,0,0,0,0,0,0,0,0,1,0,0,0,NA,NA,NA,NA,NA,0,1,0,0,0,1,0,0,1,0,FALSE,0,FALSE,0,0,0,0,1,0,0,"I don't rely, nor trust people in my neighborhood or community.",Parent,Female,76,Long-term physical condition,NA,Lives with me,NA,3,2,1,1,2,2,2,1,2,1,1,2,3,2,2,2,2,1,4,3,3,1,2,2,3,1,1,1,0,0,0,0,0,1,0,0,0,1,0,0,1,0,0,0,0,0,1,0,0,NA,9,0,0,0,1,1,0,0,0,1,1,0,0,0,1,1,0,0,0,NA,9,1,0,NA,5,3,3,3,3,3,4,3,3,1,3,1,5,7,1,4,7,1,1,6,7,4,3,7,5,5,4,7,7,4,7,5,2,4,5,1,3,4,2,1,2,2,1,1,1,3,1,3,3,NA,NA,NA,NA,NA,NA,1,0,4,3,1,1,ORANGE,1,1,1,0,0,0,1,0,1,0,3,1,0,2,0,1,2,2,1,2,1,3,1,0,0,0,1,1,1,3,5,5,3,3,4,5,5,3,5,4,7,5,1,7,1,7,3,5,1,4,1,1,3,1,2,1,3,3,1,1,2,1,0,3.111111111111111,5,Probable AUD,2.6666666666666665,3.6666666666666665,3,2.3333333333333335,1.6666666666666667,7,4,2,2,4,3,4,5,4,4,5,2,5,2,2.3333333333333335,1.6666666666666667,20,2,22,23,27,14,16,25,4.666666666666666,5.5,6.75,3.75,6,2,0,1,1,1,3
1.2135922330097086,-0.8949990250379134,0.4815510928583852,4,2025-07-25T18:00:03Z,2025-07-25T18:25:22Z,100,1519,1,2025-07-30T15:24:11Z,R_3I72jqA5ePusXJv,anonymous,1,1,1,1,1,1,22,Female,1,0,0,0,0,0,0,0,Part Time,"$20,000 - $49,999",Less than high school degree,55417,0,0,Never married,Christian,Every month,0,NA,NA,NA,NA,NA,NA,NA,Blue cross,1 to 3 years,1,0,1,1,0,0,0,0,0,1,0,1,0,0,0,1-8 hours,0,0,0,0,0,1,0,0,1,0,0,0,0,0,0,0,1,1,0,NA,NA,NA,NA,NA,0,1,0,0,0,0,1,0,0,0,FALSE,0,FALSE,0,1,0,0,1,0,0,Providing material and moral support,Sibling,Female,75,Short-term physical condition,NA,Independent living or retirement community,NA,2,2,1,3,1,2,3,4,1,2,2,2,2,1,3,1,1,2,3,1,3,2,2,1,2,2,1,2,1,0,0,0,0,1,0,0,0,0,0,0,1,0,0,0,0,0,0,0,0,NA,6,0,0,0,1,0,0,0,0,0,1,0,0,0,0,0,1,0,0,NA,4,1,0,NA,6,1,2,3,1,3,2,1,3,3,4,5,5,4,3,5,5,7,5,2,3,1,3,2,1,2,3,5,5,2,2,2,1,2,3,4,5,1,2,1,4,5,3,1,3,2,2,3,1,NA,1,NA,NA,NA,NA,0,0,1,3,2,3,ORANGE,0,1,1,1,0,0,2,1,2,1,2,2,1,2,1,2,1,2,1,2,1,2,2,1,2,1,0,2,1,3,3,2,5,2,4,3,6,4,3,5,4,4,5,3,3,5,5,3,5,3,4,5,4,2,1,3,2,2,2,3,2,0,1,3.888888888888889,8,Probable AUD,2.75,1.6666666666666667,4,1.3333333333333333,4,5,5,5,5,4,4,3,4,3,4,3,4,2,3,2,2,24,16,22,31,27,17,18,17,3.2222222222222223,2.5833333333333335,3,2.25,2.5,3,0,2,1,1,3
2.0161290322580645,-0.9623247798437421,0.8921428961313812,10,2025-07-25T17:42:26Z,2025-07-25T18:27:20Z,100,2693,1,2025-07-25T18:27:21Z,R_8ncoUH8dndj4Llt,anonymous,1,1,3,0,0,1,81,Male,0,0,0,0,0,0,1,0,Disabled or retired and not looking,"$50,000 - $99,999",High school diploma or equivalent,54130,0,3,Married or living with a partner,Christian,Weekly,1,NA,NA,1,NA,NA,NA,3.5,network health,More than 12 years,0,0,0,0,0,0,1,1,0,0,0,0,0,0,0,1-8 hours,0,0,0,0,0,1,0,0,0,0,0,0,0,0,0,1,1,1,0,NA,NA,NA,NA,NA,0,1,0,1,0,0,0,0,0,0,FALSE,0,FALSE,0,0,1,0,0,0,0,consider voluntering,Friend,Female,102,Long-term physical condition,NA,Nursing care or long-term care facility,NA,1,1,1,1,1,1,2,1,1,2,1,1,1,1,1,1,3,1,1,4,1,1,1,4,2,1,1,1,0,1,0,0,1,0,0,0,0,1,0,0,0,1,0,0,0,0,0,0,0,NA,5,0,0,0,1,0,1,0,1,0,0,0,0,0,0,0,0,0,0,NA,7,1,1,non .profit,9,3,3,1,3,1,1,1,1,1,1,1,7,7,1,1,7,3,2,3,2,2,2,1,4,4,3,4,3,4,3,1,2,1,1,1,1,1,2,2,1,1,2,1,1,1,1,1,4,NA,NA,NA,NA,NA,NA,0,0,2,3,2,1,ORANGE,1,0,0,0,0,0,0,1,0,0,0,0,0,0,0,0,1,0,0,0,0,0,0,0,0,0,0,1,1,7,4,3,7,7,7,4,2,7,3,4,1,6,1,1,6,6,1,5,1,7,6,1,1,2,2,1,3,4,1,3,1,1,0,4.333333333333333,6,Probable AUD,1.3333333333333333,1.3333333333333333,1,1.6666666666666667,1.3333333333333333,2,3,2,2,2,3,2,2,4,2,3,2,8,2,2,1,2,2,0,7,40,17,35,16,4.666666666666666,2.9166666666666665,2.25,2.75,3.75,0,0,3,1,1,3
1.404494382022472,-0.9294216822803462,0.873526509011538,6,2025-07-25T17:59:36Z,2025-07-25T18:32:33Z,100,1976,1,2025-07-25T18:32:34Z,R_3v090zVWypcN4Lx,anonymous,1,1,1,0,0,1,44,Female,0,0,0,0,0,0,1,0,Part Time,"$20,000 - $49,999",Less than high school degree,26847,1,0,Married or living with a partner,Christian,Weekly,0,NA,NA,NA,NA,NA,NA,NA,Blue cross blue shiled,Less than one year,1,0,1,1,1,1,0,0,1,1,1,1,1,1,0,40+ hours,0,0,0,0,0,1,0,1,0,0,0,0,0,0,0,0,0,1,1,3,2,3,1,1,1,0,0,0,1,0,1,0,0,0,FALSE,0,FALSE,1,0,0,0,0,1,0,Help out some. Bring in a meal or just sit with them a couple hours,Parent,Male,87,Long-term physical condition,NA,Lives in their own home,NA,2,4,4,1,2,1,4,1,4,2,1,4,1,3,2,4,3,1,1,1,1,3,2,3,4,1,4,1,0,0,0,0,0,0,0,0,1,0,0,0,0,0,0,0,0,0,0,0,0,NA,5,0,0,0,1,0,0,0,1,0,1,0,0,0,1,1,0,0,0,NA,5,1,0,NA,7,1,3,1,2,2,2,3,4,1,6,3,6,5,4,3,5,2,4,6,7,7,7,6,5,4,6,2,6,4,4,4,4,4,4,3,5,2,2,3,2,2,1,5,4,3,5,4,1,NA,NA,NA,NA,NA,NA,0,0,1,1,1,1,ORANGE,1,1,0,0,0,0,0,1,0,0,0,0,1,1,0,0,0,1,0,0,0,0,0,1,0,1,0,1,1,7,2,2,6,7,7,4,5,6,1,4,3,7,1,1,4,4,1,4,1,7,7,1,1,2,2,4,2,4,1,2,1,0,1,3.888888888888889,3,Probable AUD,3,4,4,2.3333333333333335,1.6666666666666667,3,8,5,2,4,4,5,5,7,2,7,2,4,7,3.3333333333333335,4,6,6,0,9,37,18,33,14,3.7777777777777777,5.333333333333333,6.25,6,3.75,1,0,1,1,1,3
1.5822784810126582,-0.9737518921980902,0.9460108768306253,7,2025-07-25T17:36:28Z,2025-07-25T18:32:35Z,100,3367,1,2025-07-31T21:38:27Z,R_6mhwRSVb7WAlQSl,anonymous,1,1,2,0,0,1,58,Female,0,0,0,0,0,0,1,0,Full Time,"$100,000 - $149,999",Associate's degree,07031,2,0,Married or living with a partner,Christian,Weekly,0,NA,NA,NA,NA,NA,NA,NA,UnitedHealth Group,3 to 7 years,1,1,1,1,1,1,0,0,1,1,0,1,1,0,0,1-8 hours,0,0,1,0,1,0,1,0,1,0,0,0,0,0,0,0,0,1,0,NA,NA,NA,NA,NA,0,1,0,1,1,0,0,1,0,0,FALSE,0,FALSE,1,1,0,0,1,0,0,They can support me by providing meaningful emotional support.,Parent,Female,83,Long-term physical condition,NA,Lives in their own home,NA,1,3,1,1,2,1,3,1,1,4,1,4,1,3,4,1,3,1,1,4,4,3,3,3,3,1,4,1,0,1,1,0,0,1,0,0,1,0,0,0,1,1,0,0,0,0,1,0,0,NA,6,0,0,0,1,1,1,0,0,0,1,0,0,0,1,1,1,0,0,NA,6,2,1,Caregiving Forum on Facebook,5,2,3,1,1,2,1,1,1,2,1,1,7,7,1,2,7,1,1,7,6,6,7,7,7,6,6,6,7,6,7,2,2,2,2,2,2,2,1,2,1,1,2,1,1,1,4,3,2,NA,1,NA,NA,NA,1,0,0,2,3,1,3,ORANGE,1,0,0,0,0,0,0,1,0,0,0,1,0,1,0,0,0,1,0,1,0,1,0,0,0,0,0,1,1,7,3,2,7,7,6,2,2,7,2,4,1,7,4,1,6,7,1,7,1,7,6,1,1,2,2,2,2,4,2,2,1,0,1,4.444444444444445,7,Probable AUD,1.75,2,2,1.6666666666666667,1.3333333333333333,2,6,2,2,6,7,2,5,7,2,6,2,7,7,3,1,8,2,2,10,44,17,34,11,4.888888888888889,6.5,6.75,6.25,6.5,0,0,2,1,1,3
1.5060240963855422,-0.9563476434288726,0.9050730451853305,7,2025-07-25T17:38:02Z,2025-07-25T18:39:33Z,100,3691,1,2025-07-25T18:39:33Z,R_38HSGv1Fk25fdbs,anonymous,1,1,1,0,0,1,52,Male,1,0,0,0,0,0,0,0,Full Time,"$100,000 - $149,999",Associate's degree,94133,2,0,Married or living with a partner,Christian,Every month,0,NA,NA,NA,NA,NA,NA,NA,Kaiser Permanente,1 to 3 years,1,1,1,1,1,1,0,1,1,1,1,1,1,1,0,21-40 hours,0,1,0,0,0,0,1,0,0,0,0,0,0,0,0,0,0,0,0,NA,NA,NA,NA,NA,1,1,1,1,1,0,0,1,0,0,FALSE,0,FALSE,1,1,1,1,0,0,0,I want more people to help with reducing the irritability and anger of my loved one.,Parent,Female,76,Long-term physical condition,NA,Lives with me,NA,2,2,1,1,2,1,3,1,1,2,1,1,2,3,2,1,1,1,1,3,1,2,3,3,3,1,2,1,0,1,0,0,0,1,0,0,0,1,1,0,0,1,0,0,0,0,0,0,0,NA,3,0,0,0,1,1,1,0,1,1,1,0,0,1,1,1,1,0,0,NA,4,1,0,NA,5,2,4,4,2,4,2,1,4,2,1,1,5,4,1,1,6,2,2,6,6,7,6,5,2,3,7,2,5,6,3,3,2,3,3,1,1,1,1,2,2,2,1,2,4,2,4,2,2,1,NA,NA,1,1,1,0,0,3,4,1,1,ORANGE,0,0,0,0,0,0,0,0,0,0,1,1,0,1,0,0,1,1,0,0,0,1,0,0,0,0,0,1,1,6,5,6,7,6,6,5,6,7,6,4,1,5,1,1,4,6,1,4,1,5,6,1,1,1,1,3,2,2,1,2,1,1,0,3.2222222222222223,6,Probable AUD,1.8333333333333333,2.6666666666666665,1.6666666666666667,1.3333333333333333,1.6666666666666667,3,5,2,2,4,5,2,2,2,3,6,2,6,4,2.6666666666666665,2.6666666666666665,8,0,4,7,34,13,32,28,5.444444444444445,4.833333333333333,5.5,6.5,2.5,0,0,1,1,1,3
1.9841269841269842,-0.9818230356516746,0.849834639474929,8,2025-07-25T17:59:00Z,2025-07-25T18:40:04Z,100,2463,1,2025-07-25T18:40:04Z,R_5k0vG1nyiV21zUI,anonymous,1,1,3,0,0,1,68,Female,0,0,1,0,0,0,0,0,Disabled or retired and not looking,"$50,000 - $99,999",Less than high school degree,46226,0,2,Widowed,Other,Once or twice a year,0,NA,NA,NA,NA,NA,NA,NA,Humana,3 to 7 years,0,0,1,0,0,0,0,0,0,1,0,0,0,0,0,Less than 1 hour,0,0,1,1,0,0,0,0,0,0,0,0,0,0,0,1,1,0,0,NA,NA,NA,NA,NA,0,0,0,0,0,0,0,0,0,0,FALSE,1,FALSE,0,0,0,0,0,0,1,Be patient,Spouse,Male,74,NA,Spouse,Independent living or retirement community,NA,2,2,1,1,1,1,2,1,1,1,1,2,1,2,1,1,2,1,1,1,1,2,1,1,2,1,2,1,0,1,0,0,0,0,0,0,1,0,0,0,0,1,0,0,0,0,0,0,0,NA,7,0,0,0,1,0,0,1,0,0,0,0,0,0,0,1,0,0,0,NA,7,1,0,NA,2,2,1,2,2,3,2,2,1,1,1,4,7,7,3,1,7,1,1,5,4,4,6,4,4,4,4,4,4,5,4,2,2,2,1,2,1,2,1,2,2,2,2,3,3,3,3,2,3,NA,NA,NA,NA,NA,NA,0,0,3,1,1,1,ORANGE,1,1,1,1,1,0,0,0,0,0,1,0,0,0,0,0,0,1,1,0,0,0,0,0,0,0,0,1,1,5,4,4,4,4,4,4,4,5,4,5,1,5,4,3,4,5,1,6,1,4,4,2,1,4,4,4,3,3,4,1,1,0,1,4.222222222222222,3,Probable AUD,1.75,2,1.3333333333333333,1.6666666666666667,2,3,4,2,2,2,2,2,2,4,2,4,2,2,4,2.6666666666666665,3,2,0,4,13,33,24,22,20,4.444444444444445,4.333333333333333,4.25,4.75,4,4,1,3,1,1,3
2.0161290322580645,-0.9879516413625233,0.9228047460009565,15,2025-07-25T17:59:50Z,2025-07-25T18:43:55Z,100,2644,1,2025-07-31T21:38:27Z,R_3LhfJDbwitaBr8c,anonymous,1,1,1,1,1,1,41,Male,0,0,0,0,0,0,1,0,Full Time,"$100,000 - $149,999",Associate's degree,94553,1,0,Married or living with a partner,Christian,Never,0,NA,NA,NA,NA,NA,NA,NA,United Health Group,3 to 7 years,0,0,1,1,1,0,0,0,1,1,1,0,1,0,0,1-8 hours,1,0,0,0,0,0,0,0,0,0,1,0,0,0,0,0,1,0,0,NA,NA,NA,NA,NA,1,0,0,0,0,1,0,1,0,0,FALSE,0,FALSE,1,0,0,0,1,0,0,Encouraging people's help and providing material and moral support,Child,Male,14,Long-term physical condition,NA,Lives with me,NA,2,1,2,1,4,4,2,3,2,4,1,4,2,4,3,1,4,1,2,2,2,2,3,3,4,2,3,1,0,1,1,0,0,1,0,0,0,0,1,0,1,1,0,0,0,0,1,0,0,NA,2,0,0,0,1,1,0,0,0,1,1,0,0,0,1,1,1,0,0,NA,5,2,0,NA,9,1,1,1,2,1,2,1,1,2,6,2,6,6,2,2,7,1,1,5,7,7,6,7,7,7,7,6,7,7,7,1,1,1,1,1,1,1,1,1,1,1,1,1,1,1,2,1,1,1,NA,NA,NA,1,NA,0,0,1,3,2,1,ORANGE,0,0,1,1,0,0,0,0,0,0,0,0,0,0,0,1,1,0,0,0,0,0,0,0,0,0,0,1,1,6,7,7,7,7,7,7,7,7,7,5,1,6,3,2,7,7,1,6,2,7,7,2,2,1,2,1,1,3,1,3,1,1,0,4.666666666666667,6,Probable AUD,1,1,1,1,1,4,3,5,2,7,7,5,4,8,4,8,2,5,5,1.3333333333333333,1,2,0,2,13,45,13,34,35,4.333333333333334,6.666666666666667,6.5,6.75,6.75,2,0,2,1,1,3
1.953125,-0.9944268580464574,0.8057983635280406,10,2025-07-25T18:36:27Z,2025-07-25T18:47:57Z,100,689,1,2025-07-31T21:38:27Z,R_7W5LUMx6x6EEo5X,anonymous,1,1,1,0,0,1,67,Female,0,0,0,0,0,0,1,0,Disabled or retired and not looking,"$20,000 - $49,999",High school diploma or equivalent,92104,0,1,Married or living with a partner,Christian,Weekly,0,NA,NA,NA,NA,NA,NA,NA,Scan,More than 12 years,0,0,0,0,0,0,1,1,1,1,1,1,1,1,0,9-20 hours,0,1,0,0,0,0,0,0,0,0,0,0,1,0,0,0,0,0,0,NA,NA,NA,NA,NA,0,0,0,0,1,0,0,0,1,0,FALSE,0,FALSE,1,1,0,0,0,0,0,"Be kind
.offer to assist",Spouse,Other,61,Long-term physical condition,NA,Lives with me,NA,2,2,2,1,1,1,3,1,1,1,1,3,1,2,2,1,3,3,2,2,1,4,2,3,2,1,4,1,0,0,0,0,0,0,0,0,1,0,0,0,0,0,1,0,0,0,0,0,0,NA,3,0,0,0,1,0,0,0,1,0,0,0,0,0,1,1,0,0,0,NA,6,1,1,Church,9,3,3,3,3,3,3,3,3,3,2,1,5,5,4,3,3,3,4,5,6,5,4,6,4,4,5,6,5,5,5,2,3,2,2,2,2,1,2,1,2,2,2,4,4,4,3,3,3,NA,NA,NA,NA,NA,NA,0,0,1,1,1,1,ORANGE,1,1,1,1,1,0,0,1,0,0,0,0,0,0,1,1,0,1,0,0,0,0,0,1,0,0,0,1,1,7,7,7,7,6,6,6,6,7,4,3,6,3,5,6,2,3,6,3,5,2,3,5,5,2,2,2,2,2,1,2,1,0,1,3,3,Probable AUD,1.9166666666666667,2.3333333333333335,2,1.3333333333333333,2,4,5,3,2,3,3,2,2,6,2,4,4,5,8,3,4,4,4,2,38,19,14,33,30,4.666666666666666,5,5.5,4.75,4.75,4,1,1,1,1,3
1.9230769230769231,-0.9587853448298617,0.8796268449507461,10,2025-07-25T17:33:42Z,2025-07-25T18:48:41Z,100,4499,1,2025-07-31T21:38:27Z,R_5emFc5n3WicyYpz,anonymous,1,1,3,1,1,1,49,Male,0,0,1,0,0,0,0,0,Full Time,"$50,000 - $99,999",Some college,48228,1,0,Married or living with a partner,Christian,Once or twice a year,0,NA,NA,NA,NA,NA,NA,NA,Blue Cross Blue Shield,3 to 7 years,1,1,1,0,0,1,0,0,0,1,1,1,1,1,0,9-20 hours,0,0,0,0,0,1,0,0,0,0,0,0,0,0,0,1,0,0,0,NA,NA,NA,NA,NA,0,0,0,0,0,0,0,1,0,0,FALSE,0,FALSE,0,0,0,0,1,0,0,Money wouldn't hurt,Spouse,Female,48,Long-term physical condition,NA,Lives in their own home,NA,4,4,3,3,3,2,2,2,3,3,2,3,2,2,2,2,2,2,3,3,3,2,2,3,2,2,3,3,0,1,0,0,1,0,0,0,1,0,0,0,0,1,0,0,0,0,0,0,0,NA,7,0,0,0,1,1,1,0,0,1,1,0,0,0,0,1,1,0,0,NA,9,2,1,Neighbor Hood,6,2,1,2,2,1,2,2,2,1,7,5,5,4,6,5,5,7,7,7,5,5,5,7,6,6,5,6,6,6,7,4,4,3,4,3,4,4,5,4,3,3,4,5,4,5,4,5,4,1,1,NA,NA,1,NA,0,0,1,5,2,3,ORANGE,0,0,0,1,0,1,2,2,2,2,2,2,2,2,2,2,0,0,1,1,1,2,1,2,1,1,1,1,1,7,4,4,4,6,4,5,4,3,4,7,1,7,1,3,1,7,1,7,1,7,7,1,1,3,3,3,3,3,3,3,3,1,0,4.333333333333333,10,Probable AUD,3.75,3.6666666666666665,3.6666666666666665,4.333333333333333,3.3333333333333335,7,6,5,5,5,5,4,6,5,4,4,5,6,5,4.333333333333333,4.666666666666667,18,22,22,9,43,24,24,21,2.333333333333333,5.916666666666667,6.25,5.25,6.25,2,0,4,1,1,3
1.644736842105263,-0.9514553899704973,0.7633894506766781,6,2025-07-25T18:36:31Z,2025-07-25T18:50:40Z,100,848,1,2025-07-31T21:38:27Z,R_73yzNl989GWKBVt,anonymous,1,1,1,0,0,1,45,Male,0,0,0,0,0,0,1,0,Full Time,"$100,000 - $149,999",Bachelor's degree,97267,1,0,Married or living with a partner,Atheist/Agnostic,Once or twice a year,1,NA,NA,NA,NA,1,British Army,5,United,1 to 3 years,1,0,1,1,0,0,0,1,1,1,1,1,1,0,0,9-20 hours,1,0,0,0,0,0,1,0,0,0,1,0,0,0,0,0,0,0,0,NA,NA,NA,NA,NA,0,1,0,0,0,0,0,0,1,0,FALSE,0,FALSE,1,1,0,0,1,0,0,Unknown,Sibling,Male,39,Long-term physical condition,NA,Lives in their own home,NA,2,2,1,2,2,1,3,1,1,2,2,3,2,4,3,1,2,4,2,4,2,1,2,3,3,1,1,4,0,0,1,0,0,0,0,0,0,0,0,0,0,0,1,0,0,0,0,0,0,NA,6,0,0,0,1,1,0,0,0,0,0,0,0,0,0,0,0,0,0,NA,5,1,1,Local hobbyist group,9,3,3,3,3,5,5,3,3,3,4,1,7,5,1,1,4,1,1,5,5,6,6,5,5,5,5,5,5,6,5,2,2,2,2,2,2,1,2,2,2,2,2,4,4,5,3,4,4,1,NA,1,NA,1,1,1,0,4,5,2,3,ORANGE,1,1,1,1,1,1,1,1,1,0,1,1,0,1,0,2,1,1,1,2,0,1,1,2,1,1,2,1,1,1,4,4,4,5,2,2,2,6,2,4,5,5,3,5,4,4,5,5,4,4,3,4,4,3,2,1,1,3,1,3,1,1,0,2.5555555555555554,10,Probable AUD,1.9166666666666667,2,2,1.6666666666666667,2,4,5,2,4,5,4,2,3,5,3,7,8,7,2,3.6666666666666665,4.333333333333333,18,6,18,30,29,15,18,14,5.222222222222222,5.25,5,5.75,5,5,1,1,1,1,3
1.6233766233766234,-0.9714500550589472,0.8635101628489736,7,2025-07-25T18:39:49Z,2025-07-25T18:54:32Z,100,882,1,2025-07-25T18:54:32Z,R_1TzqFwjO0iZc4Kh,anonymous,1,1,1,1,1,1,37,Female,0,0,0,0,0,0,1,0,Part Time,"$50,000 - $99,999",Some college,77386,2,0,Married or living with a partner,Christian,Weekly,0,NA,NA,NA,NA,NA,NA,NA,BCBS,1 to 3 years,0,1,0,1,1,0,0,1,1,1,0,1,1,1,0,21-40 hours,0,0,0,0,1,0,0,0,0,0,0,0,0,0,1,0,0,0,0,NA,NA,NA,NA,NA,0,1,1,0,0,1,0,0,0,0,FALSE,0,FALSE,1,1,0,0,1,1,0,Be more understanding and compassionate as if it were their own family member.,Child,Male,12,Behavioral issues,NA,Lives with me,NA,2,2,1,1,2,1,3,1,1,4,1,4,2,2,4,1,4,1,3,2,2,4,4,4,4,2,4,1,0,1,0,1,0,0,0,0,1,1,0,0,0,0,0,1,0,1,0,0,0,NA,8,0,0,0,1,1,1,1,1,1,1,0,0,0,1,1,1,0,0,NA,6,2,1,Christian moms,4,1,3,2,2,1,1,1,1,1,1,1,7,7,1,1,7,1,1,6,6,7,7,7,5,5,5,6,6,6,6,2,2,2,1,1,1,2,2,2,2,2,1,2,4,3,2,1,1,1,NA,1,NA,NA,NA,1,1,2,3,2,2,ORANGE,1,1,1,0,1,1,1,0,1,0,2,2,0,1,2,1,1,1,1,1,1,2,1,0,1,1,0,1,1,6,6,5,5,6,5,6,6,7,6,5,5,6,6,6,5,6,4,6,3,4,3,2,2,2,4,1,3,2,1,2,1,0,1,4.555555555555555,7,Probable AUD,1.6666666666666667,2,1,2,1.6666666666666667,5,5,2,2,6,8,2,3,8,4,6,2,6,8,1.3333333333333333,3,14,10,16,28,35,16,29,29,5,6,6.25,6.25,5.5,4,1,2,1,1,3
1.9230769230769231,-0.9822177297140368,0.8972776307983346,19,2025-07-25T18:40:24Z,2025-07-25T18:58:27Z,100,1083,1,2025-07-25T18:58:28Z,R_6rGnOpQDC1nJnEu,anonymous,1,1,2,0,0,1,19,Female,0,0,0,0,0,0,1,0,"Not working, not looking","$20,000 - $49,999",Less than high school degree,74902,2,0,Never married,Other,Never,0,NA,NA,NA,NA,NA,NA,NA,Soonercare,1 to 3 years,1,0,1,1,1,1,0,0,0,1,1,0,1,1,0,1-8 hours,1,0,0,0,1,0,0,0,0,0,0,0,0,0,0,1,0,1,0,NA,NA,NA,NA,NA,0,0,0,0,0,0,0,0,0,0,FALSE,1,FALSE,0,1,1,0,0,0,0,Be kind,Child,Male,2,NA,Child,Lives with me,NA,4,1,3,2,4,3,3,2,2,3,2,2,1,2,2,1,4,4,4,3,3,3,3,4,4,2,4,4,0,1,0,0,1,1,0,0,1,1,0,0,0,0,0,0,0,0,0,0,0,NA,2,0,0,0,1,1,0,0,0,0,1,0,0,0,1,1,0,0,0,NA,9,2,1,Mom groups,3,5,4,3,3,3,3,4,3,4,4,2,5,5,3,6,5,1,1,6,6,6,6,7,7,7,7,7,6,6,6,3,2,3,3,3,3,2,3,3,3,3,2,2,3,3,1,1,2,NA,NA,NA,NA,NA,NA,0,1,2,2,2,2,ORANGE,1,1,0,1,0,0,0,1,0,0,0,0,0,0,0,0,0,0,0,0,0,0,0,0,0,0,0,1,1,5,6,6,6,4,5,5,6,4,4,6,3,5,4,2,5,4,2,5,2,4,3,4,2,4,2,1,3,4,1,1,1,0,1,2.4444444444444446,6,Probable AUD,2.75,2.6666666666666665,3,2.6666666666666665,2.6666666666666665,8,4,5,4,6,6,4,5,6,3,6,8,7,7,1.3333333333333333,2.6666666666666665,0,2,0,19,32,17,24,27,4.444444444444445,6.416666666666667,6.25,6.25,6.75,2,0,2,1,1,3
1.6666666666666667,-0.9735941567360757,0.882378777805797,7,2025-07-25T18:40:07Z,2025-07-25T19:03:22Z,100,1394,1,2025-07-31T21:38:27Z,R_1qlDDSRPj2tjt4R,anonymous,1,1,1,0,0,1,49,Female,0,0,0,0,0,0,1,0,"Not working, not looking","$20,000 - $49,999",High school diploma or equivalent,92025,1,1,Married or living with a partner,Christian,Once or twice a year,0,NA,NA,NA,NA,NA,NA,NA,Kaiser,Less than one year,0,0,0,0,0,0,1,0,0,0,0,0,1,0,0,21-40 hours,0,0,0,0,0,1,0,0,0,0,0,0,0,0,1,0,0,0,0,NA,NA,NA,NA,NA,0,0,0,0,0,0,0,0,0,0,FALSE,1,FALSE,0,1,0,0,0,0,0,Nothing,Sibling,Female,52,Emotional or mental health issue,NA,Lives in their own home,NA,2,3,1,1,1,1,2,1,1,2,1,2,1,1,2,1,2,1,2,1,1,1,1,1,1,1,1,1,0,0,0,0,0,1,0,0,0,0,0,0,0,0,0,0,0,0,0,0,0,NA,5,0,0,0,1,1,0,0,0,0,0,0,0,0,0,0,0,0,0,NA,6,1,0,NA,1,2,3,2,2,3,2,2,2,1,1,1,7,7,1,1,7,4,1,6,7,6,1,7,6,6,7,6,7,7,6,4,3,3,2,1,1,1,1,1,2,2,1,1,1,1,1,1,1,NA,NA,NA,NA,NA,NA,1,1,3,2,1,1,ORANGE,0,0,0,0,1,0,0,0,0,0,1,1,0,0,0,0,0,1,0,1,0,1,0,0,0,0,0,1,1,7,1,1,7,7,7,5,4,7,1,3,1,7,1,3,5,6,1,5,1,4,5,1,1,4,3,1,2,4,1,3,2,0,1,3.888888888888889,4,Probable AUD,1.8333333333333333,3.3333333333333335,1.3333333333333333,1,1.6666666666666667,4,5,2,2,3,3,2,2,4,2,2,2,2,2,1,1,6,0,4,9,35,20,35,12,4.666666666666666,6,6.75,5.25,6,1,0,1,1,1,3
1.9841269841269842,-0.9914651301442725,0.9561045448832323,11,2025-07-25T18:40:38Z,2025-07-25T19:08:33Z,100,1675,1,2025-07-31T21:38:27Z,R_14pOezwMIdxOBtn,anonymous,1,1,1,0,0,1,70,Female,0,0,0,0,0,0,1,0,Disabled or retired and not looking,"$20,000 - $49,999",Less than high school degree,54902,0,2,Widowed,Other,Once or twice a year,0,NA,NA,NA,NA,NA,NA,NA,Medicare,1 to 3 years,0,0,0,0,0,0,1,1,0,0,1,0,0,0,0,1-8 hours,0,0,0,0,0,1,0,0,0,0,0,0,0,0,0,1,1,1,0,NA,NA,NA,NA,NA,0,1,0,0,0,0,0,1,1,0,FALSE,0,FALSE,0,0,0,1,0,1,0,Just be there for me when I need it,Child,Male,31,Emotional or mental health issue,NA,Lives in their own home,NA,1,1,1,2,2,1,1,1,1,3,2,2,1,2,3,1,2,1,4,4,1,2,3,3,3,2,1,1,0,1,0,0,1,0,0,0,1,1,0,0,0,1,0,0,0,0,0,0,0,NA,4,0,0,0,1,0,0,0,1,0,0,0,0,0,0,1,0,0,0,NA,6,1,1,Al a non,3,3,3,3,3,3,3,3,3,3,2,1,6,6,1,2,6,1,1,6,6,5,6,6,6,6,5,6,6,5,6,2,1,1,2,1,1,2,1,2,2,2,2,1,1,1,1,1,1,NA,NA,NA,NA,NA,NA,1,1,2,3,1,1,ORANGE,1,1,0,1,0,0,0,0,0,0,0,0,1,0,0,0,0,0,0,0,0,0,0,0,1,0,0,1,1,4,5,4,4,5,5,2,2,5,4,3,4,4,1,2,6,5,1,4,1,5,5,1,1,1,1,1,1,2,1,2,1,0,1,3,5,Probable AUD,1.5833333333333333,1.3333333333333333,1.3333333333333333,1.6666666666666667,2,5,2,2,4,5,6,2,2,4,3,5,2,7,3,1,1,0,4,0,11,32,10,23,17,5.111111111111111,5.75,6,5.25,6,2,0,1,1,1,3
1.5432098765432098,-0.9278074765714989,0.7380657554412897,5,2025-07-25T19:00:31Z,2025-07-25T19:09:58Z,100,566,1,2025-07-31T21:38:27Z,R_3k0nDOPKe4MnA80,anonymous,1,1,1,1,1,1,25,Male,0,0,0,0,0,0,1,0,Full Time,"$100,000 - $149,999",Associate's degree,94539,1,0,Married or living with a partner,Other,Never,0,NA,NA,NA,NA,NA,NA,NA,Mecdid,3 to 7 years,0,0,1,1,0,0,0,0,0,1,1,0,0,0,0,1-8 hours,0,1,1,0,0,0,1,0,1,0,0,0,1,0,0,0,0,0,0,NA,NA,NA,NA,NA,0,1,0,0,0,1,0,0,0,0,FALSE,0,FALSE,0,1,0,0,0,0,0,4,Parent,Male,67,Emotional or mental health issue,NA,Lives in someone else's home,NA,3,3,2,1,1,3,2,1,2,3,3,2,3,2,2,3,2,2,1,3,3,2,1,3,3,2,3,3,0,1,0,0,1,0,1,0,0,0,0,0,0,0,0,0,0,0,0,0,0,NA,7,0,0,0,1,0,1,1,0,0,0,0,0,0,0,0,0,0,0,NA,7,1,0,NA,5,3,2,2,3,3,3,3,3,2,5,5,4,4,6,7,6,6,6,5,4,5,5,5,5,6,6,4,5,4,4,3,3,3,4,5,4,4,3,3,4,3,3,5,3,5,3,3,3,NA,NA,1,NA,NA,NA,0,0,1,2,2,2,ORANGE,0,0,0,0,0,0,2,2,1,2,2,1,1,2,1,1,2,2,1,0,2,2,1,2,0,0,1,1,1,3,4,4,5,5,5,6,5,3,6,5,4,4,6,6,5,5,6,6,4,3,5,5,4,2,2,2,4,4,3,2,3,1,0,3.3333333333333335,6,Probable AUD,3.5,3,4.333333333333333,3.3333333333333335,3.3333333333333335,4,5,3,4,3,4,6,5,4,5,5,5,6,5,3,4.333333333333333,22,16,18,35,33,22,21,25,2.5555555555555554,4.833333333333333,4.75,5,4.75,0,0,2,0,1,2
2.1186440677966103,-0.9498200047657328,0.6794210830253923,10,2025-07-25T18:39:35Z,2025-07-25T19:11:11Z,100,1896,1,2025-07-31T21:38:27Z,R_7IWrvTBCAKW1G9a,anonymous,1,1,1,0,0,1,76,Male,0,0,0,0,0,0,1,0,Part Time,"$20,000 - $49,999",High school diploma or equivalent,71021,0,5,Married or living with a partner,Other,Once or twice a year,1,NA,NA,1,NA,NA,NA,1,medicare,1 to 3 years,0,1,0,1,0,0,0,0,0,1,0,1,1,1,0,1-8 hours,0,0,0,0,0,1,0,0,0,0,0,0,0,0,1,0,0,0,0,NA,NA,NA,NA,NA,0,0,0,0,0,0,0,0,0,0,FALSE,1,FALSE,0,0,0,0,0,0,1,absolutely nothing,Spouse,Female,77,NA,just getting older,Lives with me,NA,1,2,1,1,1,1,2,1,1,1,1,2,1,1,1,1,2,2,1,3,1,1,1,3,2,1,1,1,0,0,0,0,0,0,0,0,1,1,0,0,0,0,0,0,0,0,0,0,0,NA,2,0,0,0,1,0,1,0,0,0,1,0,0,0,0,1,0,0,0,NA,3,1,1,2,2,3,3,3,3,3,3,3,3,2,5,1,2,4,3,3,4,3,3,6,6,1,1,7,1,1,4,1,6,1,1,1,2,2,1,1,3,1,1,2,2,2,2,1,1,2,1,1,1,NA,NA,NA,NA,NA,NA,0,0,2,1,1,1,ORANGE,1,1,1,0,1,0,1,1,1,1,1,1,1,0,0,0,1,1,1,1,0,0,0,1,0,0,0,1,1,6,2,2,5,5,5,2,2,7,1,5,1,6,1,4,6,6,1,4,1,6,6,1,1,3,3,3,2,3,1,3,1,1,0,3.111111111111111,3,Not detected,1.6666666666666667,1.6666666666666667,1.6666666666666667,1.3333333333333333,2,2,4,2,2,2,2,2,2,4,2,3,3,6,2,1,1.3333333333333333,12,6,6,10,39,19,28,9,4.888888888888889,3,6.25,1.75,1,3,0,1,1,1,3
1.7857142857142858,-0.975880671425551,0.8286178748351865,7,2025-07-25T19:00:02Z,2025-07-25T19:14:47Z,100,884,1,2025-07-25T19:14:47Z,R_1Jrvm73oTE0WJsB,anonymous,1,1,1,1,1,1,39,Male,0,0,0,0,0,0,1,0,Unemployed and looking,"$50,000 - $99,999",Associate's degree,37075,0,0,Married or living with a partner,Other,Never,0,NA,NA,NA,NA,NA,NA,NA,Progressive,1 to 3 years,1,1,1,1,1,1,0,1,1,1,1,1,1,1,0,1-8 hours,0,0,1,0,0,0,1,0,0,0,0,1,0,0,0,0,0,1,0,NA,NA,NA,NA,NA,1,1,0,1,1,0,0,1,0,0,FALSE,0,FALSE,1,1,1,0,1,0,0,Nothing in particular,Parent,Female,70,Long-term physical condition,NA,Lives with me,NA,1,1,3,3,3,3,3,1,3,1,2,2,1,2,2,3,2,1,2,3,2,1,2,2,2,2,3,2,0,1,1,0,1,1,0,0,1,0,1,1,1,0,0,0,0,1,1,0,0,NA,7,0,0,1,1,1,1,1,1,1,1,1,1,1,1,1,1,0,0,NA,5,1,0,NA,4,2,2,2,3,1,2,2,2,2,1,2,7,7,1,1,7,2,1,7,6,7,7,6,6,2,7,7,7,7,7,4,4,3,4,4,3,2,1,2,2,3,2,5,4,4,4,4,4,NA,NA,NA,NA,NA,NA,0,0,1,4,2,3,ORANGE,0,1,1,1,1,1,2,2,1,1,2,1,2,2,1,2,2,1,1,1,1,2,1,2,1,2,1,2,1,7,7,7,7,6,4,7,7,6,3,5,5,5,5,5,6,6,5,6,3,6,5,5,5,4,4,4,4,4,4,4,3,1,0,4,9,Probable AUD,2.8333333333333335,3.6666666666666665,3.6666666666666665,1.6666666666666667,2.3333333333333335,3,4,4,5,5,3,6,5,4,3,4,3,5,4,4,4.333333333333333,22,20,20,33,39,31,30,31,4.777777777777778,6.333333333333333,6.5,7,5.5,5,0,2,1,1,3
1.5060240963855422,-0.9428531128718949,0.8430540851382677,4,2025-07-25T18:59:31Z,2025-07-25T19:15:00Z,100,928,1,2025-07-25T19:15:00Z,R_7lRAvpdnGXOmcRd,anonymous,1,1,1,0,0,1,83,Female,0,0,0,0,0,0,1,0,Disabled or retired and not looking,"$50,000 - $99,999",Bachelor's degree,54952,0,3,Married or living with a partner,Christian,Weekly,0,NA,NA,NA,NA,NA,NA,NA,medicare,1 to 3 years,1,0,0,0,0,0,0,1,1,1,1,1,1,1,0,40+ hours,0,0,0,0,0,1,0,0,0,0,0,0,0,0,0,1,0,1,0,NA,NA,NA,NA,NA,0,1,0,1,0,0,0,0,1,0,FALSE,0,FALSE,1,1,0,0,1,1,0,recognize that my partner has problems and give him additional time and support,Spouse,Male,86,Long-term physical condition,NA,Lives with me,NA,3,2,1,2,3,1,2,1,2,3,2,2,1,3,3,2,1,2,2,4,2,2,3,2,3,1,2,2,0,0,0,0,0,0,0,0,1,1,0,0,0,0,0,0,0,0,0,0,0,NA,3,0,0,0,1,0,1,0,0,0,0,0,0,0,0,0,0,0,1,ravelry,3,2,1,church,5,3,3,3,2,3,2,2,2,2,1,1,5,5,2,1,5,1,1,5,4,6,6,5,5,4,5,5,6,6,5,4,4,4,3,2,2,2,1,2,2,2,2,4,4,3,2,4,2,NA,NA,NA,NA,NA,NA,0,0,3,5,1,1,ORANGE,0,0,0,0,0,0,1,0,1,0,1,1,0,1,0,0,1,2,0,1,0,0,0,1,0,0,0,1,1,4,4,3,5,5,5,3,3,5,3,3,5,6,3,3,6,6,4,4,2,6,4,5,3,2,2,2,3,3,1,2,2,0,1,3.5555555555555554,7,Probable AUD,2.5,4,2.3333333333333335,1.6666666666666667,2,5,4,2,4,6,6,3,4,3,2,6,4,6,4,2.6666666666666665,3.6666666666666665,16,0,4,25,35,17,24,16,5.555555555555555,5.166666666666667,5,5.75,4.75,0,0,1,1,1,3
2.5,-0.9917790548377722,0.8182468026380745,10,2025-07-25T19:16:07Z,2025-07-25T19:25:14Z,100,546,1,2025-07-31T21:38:27Z,R_7f89OxaOnx3Wzv4,anonymous,1,1,1,1,1,1,42,Male,0,0,1,0,0,0,0,0,Full Time,"$50,000 - $99,999",High school diploma or equivalent,33322,0,0,Never married,Christian,Weekly,1,NA,NA,NA,1,NA,NA,3,Humana,8 to 12 years,1,0,1,1,0,0,0,0,1,0,0,1,0,0,0,9-20 hours,0,0,1,0,0,0,0,0,0,0,1,0,0,0,0,0,0,1,0,NA,NA,NA,NA,NA,0,1,0,0,0,0,0,0,0,1,FALSE,0,FALSE,0,1,0,0,1,0,0,None I know about,Parent,Female,85,Long-term physical condition,NA,Lives with me,NA,4,4,4,3,4,4,3,4,4,3,4,4,4,3,3,3,3,4,3,3,3,3,4,3,3,3,4,3,0,1,0,0,0,1,0,0,0,0,1,0,0,1,0,0,0,0,0,0,0,NA,4,0,0,0,1,1,0,0,0,0,0,0,0,0,0,0,0,0,0,NA,6,2,0,NA,8,2,1,1,1,2,1,2,2,2,5,5,5,6,5,6,6,6,6,6,6,7,6,6,6,6,6,6,6,6,6,3,3,3,4,3,3,4,4,4,3,3,3,4,4,4,4,4,3,1,NA,NA,NA,NA,NA,1,0,3,2,1,3,ORANGE,1,1,1,1,1,1,2,2,2,2,1,2,2,2,2,2,2,2,2,2,2,1,2,3,3,3,2,1,1,4,4,5,4,4,4,4,4,7,7,5,5,6,6,6,6,6,6,6,6,6,5,6,5,2,2,2,1,4,4,3,3,1,0,4.444444444444445,6,Probable AUD,3.3333333333333335,3,3.3333333333333335,4,3,7,7,8,7,7,7,7,7,7,7,6,7,6,7,3.6666666666666665,4,30,32,24,40,40,21,23,24,2.4444444444444446,6.083333333333333,6,6.25,6,5,1,2,1,1,3
1.9230769230769231,-0.9330739162329227,0.7058777045509103,11,2025-07-25T19:16:26Z,2025-07-25T19:25:34Z,100,547,1,2025-07-31T21:38:27Z,R_1qOw4NEbSbM3cwL,anonymous,1,1,1,0,0,1,36,Female,0,0,0,0,0,0,1,0,Full Time,"$100,000 - $149,999",Associate's degree,44142,1,0,Married or living with a partner,Christian,Weekly,0,NA,NA,NA,NA,NA,NA,NA,Cirb,3 to 7 years,0,0,1,0,0,0,0,0,0,0,0,0,0,0,1,1-8 hours,0,0,1,0,0,0,0,0,1,0,0,0,0,0,0,0,0,1,0,NA,NA,NA,NA,NA,0,0,0,0,0,0,1,0,0,0,FALSE,0,FALSE,0,0,1,0,0,0,0,Nothing,Spouse,Female,37,Memory problems,NA,Lives with me,NA,3,4,3,4,3,3,3,4,4,3,3,3,3,2,2,4,4,3,3,2,3,4,3,3,3,2,4,3,0,0,1,0,0,1,0,0,0,0,0,0,0,0,0,0,0,0,0,0,0,NA,5,0,0,0,1,0,1,0,0,0,0,0,0,0,0,0,0,0,0,NA,6,1,1,Nothing,5,3,2,3,4,3,4,4,5,3,4,5,2,3,4,4,5,5,5,4,5,5,5,5,5,5,5,5,5,5,5,3,4,4,4,3,2,3,2,2,3,3,3,3,3,4,4,3,4,NA,NA,NA,1,NA,NA,0,1,3,3,2,3,ORANGE,1,0,0,1,1,0,1,2,2,2,3,3,2,2,1,1,3,2,2,1,1,1,3,3,2,1,2,3,1,4,4,4,5,5,5,5,5,1,6,5,4,4,5,4,4,4,4,4,5,4,4,5,5,2,3,4,2,2,2,2,1,0,1,2.5555555555555554,8,Probable AUD,3,3.6666666666666665,3,2.3333333333333335,3,6,7,7,7,5,6,7,7,7,5,5,6,5,8,3.6666666666666665,3.3333333333333335,30,22,28,32,29,18,20,24,3.8888888888888893,4.916666666666667,4.75,5,5,2,0,1,1,1,3
1.6025641025641026,-0.983798155291176,0.7516928001166127,5,2025-07-25T19:16:48Z,2025-07-25T19:26:31Z,100,583,1,2025-07-25T19:26:32Z,R_70N8tKgN9HuDpzI,anonymous,1,1,1,0,0,1,36,Female,0,0,0,0,0,0,1,0,Full Time,"$50,000 - $99,999",Less than high school degree,29201,0,0,Married or living with a partner,Christian,Weekly,0,NA,NA,NA,NA,NA,NA,NA,blue cross and blue shield,1 to 3 years,0,0,1,1,0,0,0,0,0,0,1,0,0,0,0,1-8 hours,0,0,1,0,0,0,0,0,0,1,0,0,0,0,0,0,1,0,0,NA,NA,NA,NA,NA,0,0,0,0,0,1,1,0,0,0,FALSE,0,FALSE,0,1,0,0,0,0,0,be kind too people,Spouse,Female,37,Long-term physical condition,NA,Lives in someone else's home,NA,3,2,2,3,3,4,1,1,2,3,4,4,3,2,4,3,4,4,3,3,2,2,2,3,3,4,4,3,0,0,0,0,1,0,0,0,0,0,0,0,0,0,0,0,0,0,0,0,0,NA,8,0,0,0,1,0,0,0,0,0,1,0,0,0,0,0,0,0,0,NA,8,1,0,NA,7,1,1,2,2,3,3,4,4,3,7,7,7,6,6,7,6,6,7,7,7,7,6,6,6,7,7,7,6,7,6,1,2,3,4,5,4,3,2,1,2,3,4,5,4,5,5,5,4,1,1,NA,NA,NA,NA,1,1,3,1,2,3,ORANGE,0,0,0,0,0,0,0,0,1,1,1,2,2,2,2,3,3,3,3,3,2,2,1,2,3,2,3,2,1,6,7,7,6,6,5,5,6,1,6,7,6,6,5,5,6,6,7,7,6,6,5,6,7,3,4,3,3,2,2,1,2,0,1,3.4444444444444446,6,Probable AUD,2.8333333333333335,2,4.333333333333333,2,3,6,3,3,7,7,5,7,4,8,7,5,7,6,6,4.666666666666667,4.666666666666667,30,24,28,42,43,20,24,31,1.4444444444444446,6.583333333333333,6.5,6.75,6.5,0,0,1,1,1,3
1.838235294117647,-0.9655008585544536,0.7684030979237079,7,2025-07-25T19:16:27Z,2025-07-25T19:27:01Z,100,633,1,2025-07-30T15:24:16Z,R_11jFR3EfJdX8Adn,anonymous,1,1,2,1,2,1,39,Male,0,0,0,0,0,0,1,0,Full Time,"> $150,000",Bachelor's degree,07003,2,0,Married or living with a partner,Christian,Weekly,0,NA,NA,NA,NA,NA,NA,NA,Allstate,3 to 7 years,1,1,1,1,1,1,0,1,1,1,1,1,0,1,0,9-20 hours,0,1,1,0,0,0,1,1,0,1,0,1,0,0,0,0,1,1,0,NA,NA,NA,NA,NA,1,0,1,0,1,1,0,1,1,0,FALSE,0,FALSE,0,1,1,0,1,1,0,People do for me anything. Day by day I want to learn from others. People make me strong and also very good.,Spouse,Female,35,Behavioral issues,NA,Lives in their own home,NA,4,4,4,3,4,4,4,4,4,3,4,4,4,4,4,4,4,3,4,3,4,4,3,4,4,3,4,4,1,1,1,0,1,1,0,1,1,1,0,0,1,0,0,0,0,1,1,0,0,NA,5,0,1,1,1,1,1,0,1,1,1,0,0,1,1,1,1,0,0,NA,7,1,1,United Way,9,1,1,1,2,1,2,1,2,1,7,6,7,7,7,6,7,7,7,7,7,6,7,7,6,7,7,6,7,7,7,5,5,5,4,5,5,5,4,5,5,4,5,5,4,5,5,4,5,1,1,1,NA,1,NA,0,0,1,5,3,4,ORANGE,0,0,0,0,0,0,3,2,3,3,3,3,3,2,3,2,3,3,3,3,3,3,2,3,3,3,3,4,1,7,6,7,7,7,7,6,7,2,7,7,6,7,1,7,7,6,7,7,6,7,7,7,6,4,4,4,4,3,4,4,4,1,0,4.666666666666667,12,Probable AUD,4.75,5,4.666666666666667,4.666666666666667,4.666666666666667,8,8,8,7,8,6,8,8,8,7,8,7,7,8,4.666666666666667,4.666666666666667,40,40,38,40,48,31,30,33,1.2222222222222223,6.75,7,6.75,6.5,0,0,4,1,1,3
1.4534883720930232,-0.9421697984267865,0.5506617110598528,4,2025-07-25T19:16:35Z,2025-07-25T19:27:26Z,100,650,1,2025-07-25T19:27:26Z,R_7DOAfvUE6BUsOdg,anonymous,1,1,1,1,1,1,38,Female,0,0,0,0,0,0,1,0,Part Time,"< $10,000",Doctoral degree,15448,0,0,Married or living with a partner,Christian,Never,0,NA,NA,NA,NA,NA,NA,NA,Medicaid,1 to 3 years,1,0,0,0,0,0,0,1,0,0,0,0,0,0,0,1-8 hours,0,1,0,0,0,0,1,0,0,0,0,0,0,0,0,0,0,0,0,NA,NA,NA,NA,NA,0,1,0,0,0,0,0,0,0,0,FALSE,0,FALSE,0,0,1,0,0,0,0,Be understanding and calm,Parent,Female,65,Long-term physical condition,NA,Lives with me,NA,2,2,3,3,1,1,2,1,1,1,4,4,1,1,2,2,1,1,1,1,2,2,1,1,2,2,3,3,0,0,0,0,1,0,0,0,0,0,0,0,0,0,0,0,0,0,0,0,0,NA,5,0,0,0,1,0,0,0,0,0,0,0,0,0,0,0,0,0,0,NA,6,1,0,NA,5,1,4,3,3,3,2,2,2,1,5,5,6,3,3,5,7,7,4,3,5,4,4,4,5,5,7,7,6,6,1,2,1,3,4,4,2,1,2,4,2,1,3,2,1,3,3,3,2,1,NA,NA,NA,NA,NA,0,0,3,2,2,1,ORANGE,0,0,0,0,0,0,0,1,1,0,2,2,2,1,3,0,1,0,3,1,2,2,0,1,1,0,2,2,1,3,4,6,7,7,6,6,5,3,7,4,4,5,6,7,4,3,2,5,4,5,5,7,4,3,4,1,2,4,2,3,1,0,1,3.6666666666666665,5,Probable AUD,2.4166666666666665,2,3.3333333333333335,2.3333333333333335,2,3,4,4,7,3,2,3,3,5,3,3,4,2,5,2.6666666666666665,2,12,18,20,34,31,20,26,28,3,4.75,4.5,5.25,4.5,0,0,2,1,1,3
1.6891891891891893,-0.9856955522146458,0.9351386523492972,7,2025-07-25T18:59:27Z,2025-07-25T19:27:28Z,100,1680,1,2025-07-25T19:27:28Z,R_545vTSkR0Yo7mvh,anonymous,1,0,0,1,1,1,26,Male,0,0,0,0,0,0,1,0,"Not working, not looking","$10,000 - $19,999",Associate's degree,61107,1,0,Married or living with a partner,Christian,Once or twice a year,0,NA,NA,NA,NA,NA,NA,NA,Healthcare,Less than one year,1,0,1,1,0,0,0,1,0,1,0,0,0,0,0,1-8 hours,0,0,1,0,0,0,1,0,0,0,0,0,0,0,0,0,1,0,0,NA,NA,NA,NA,NA,1,1,0,0,0,0,0,0,0,0,FALSE,0,FALSE,1,1,0,0,0,0,0,Encouragement and support,Child,Male,5,Emotional or mental health issue,NA,Lives in their own home,NA,3,4,4,3,3,4,3,2,4,3,4,3,4,3,4,3,4,3,4,3,4,4,3,4,3,4,3,4,0,1,1,0,0,0,0,0,1,0,0,0,1,0,1,0,0,0,0,0,0,NA,3,0,0,0,1,1,0,0,0,0,1,0,0,0,1,1,1,0,0,NA,5,2,0,NA,4,4,4,5,4,4,4,4,4,5,1,1,7,7,2,1,2,1,1,6,7,7,7,7,7,7,6,7,6,7,7,1,2,1,2,1,2,2,2,2,1,1,1,4,4,2,4,4,5,NA,NA,NA,NA,NA,NA,0,0,2,3,2,1,ORANGE,0,0,0,0,0,0,1,0,0,0,1,1,0,0,0,0,1,1,0,0,0,0,0,0,0,1,0,1,1,6,4,7,7,7,7,7,6,6,5,7,1,7,2,6,7,6,1,6,1,7,6,1,1,3,2,2,1,3,2,2,1,1,0,1.7777777777777777,6,Probable AUD,1.5,1.3333333333333333,1.6666666666666667,2,1,7,7,6,7,7,6,7,8,7,8,6,7,7,7,4.333333333333333,3.3333333333333335,8,2,2,13,46,16,33,29,5.444444444444445,6.75,6.5,6.75,7,0,0,1,1,1,3
1.5822784810126582,-0.9656524209825826,0.9128816924114447,11,2025-07-25T17:59:35Z,2025-07-25T19:28:16Z,100,5320,1,2025-07-25T19:28:16Z,R_5mklY3gVKJ3RWYt,anonymous,1,1,1,1,2,1,35,Female,0,0,1,0,0,0,0,0,Part Time,"$50,000 - $99,999",Associate's degree,28306,4,0,Married or living with a partner,Christian,Every month,0,NA,NA,NA,NA,NA,NA,NA,Blue cross,1 to 3 years,1,0,1,0,0,0,0,0,0,1,0,0,0,0,0,1-8 hours,0,0,1,1,0,0,0,1,0,0,0,0,0,0,0,0,0,1,0,NA,NA,NA,NA,NA,0,1,0,1,0,0,0,0,0,0,FALSE,0,FALSE,1,0,0,0,1,0,0,Accepting each person as an entity with no prejudice,Child,Male,16,Developmental or intellectual disorder,NA,Lives in their own home,NA,2,2,1,1,3,1,4,1,2,2,1,1,1,3,2,1,4,2,4,4,2,4,3,4,2,1,4,1,0,0,1,0,0,0,0,0,0,0,0,0,0,0,0,0,0,0,0,0,0,NA,2,0,0,0,1,0,0,0,0,0,0,0,0,0,0,1,0,0,0,NA,3,1,1,Good women,3,2,3,2,2,4,3,2,5,4,2,1,7,7,2,2,6,2,2,4,3,5,5,6,4,4,5,4,5,5,3,2,2,3,2,1,2,2,1,1,2,2,2,4,5,4,2,4,2,NA,NA,1,NA,NA,NA,0,0,1,1,1,1,ORANGE,0,0,1,0,0,0,0,1,0,0,0,0,1,0,0,0,0,0,0,0,0,0,0,0,1,0,0,1,1,7,7,7,7,7,6,5,5,7,3,6,2,7,2,2,7,6,1,7,1,7,7,1,1,3,2,1,4,4,1,4,2,0,1,3,3,Probable AUD,1.8333333333333333,2.3333333333333335,1.6666666666666667,1.3333333333333333,2,6,6,2,2,5,5,2,4,5,2,5,3,8,8,2.6666666666666665,4.333333333333333,0,6,0,10,47,21,34,27,4.555555555555555,4.416666666666667,4.5,5,3.75,1,0,3,1,1,3
1.9230769230769231,-0.9649664856688746,0.782852359340436,13,2025-07-25T19:20:25Z,2025-07-25T19:28:42Z,100,497,1,2025-07-25T19:28:42Z,R_3fNaa1tG1faQIMg,anonymous,1,1,1,1,1,1,33,Female,0,0,0,0,0,0,1,0,Full Time,"$20,000 - $49,999",High school diploma or equivalent,35235,1,0,Widowed,Christian,Weekly,0,NA,NA,NA,NA,NA,NA,NA,Blue cross blue shelid,8 to 12 years,1,1,1,1,1,1,0,1,1,0,1,1,1,1,0,21-40 hours,0,0,0,0,0,1,0,1,0,0,0,0,0,0,0,0,1,1,0,NA,NA,NA,NA,NA,1,0,0,0,1,0,1,0,0,0,FALSE,0,FALSE,0,1,0,1,1,0,0,There doing a great job,Grandpartent,Male,82,Long-term physical condition,NA,Lives in their own home,NA,4,4,3,4,3,3,4,4,3,3,4,4,4,4,4,4,4,4,4,4,4,4,4,3,3,4,4,4,0,1,0,0,1,1,0,0,0,0,0,0,0,1,0,1,0,0,0,0,0,NA,8,0,0,1,1,1,1,0,1,1,1,0,0,0,1,1,1,0,0,NA,8,2,1,Health exchange,9,4,4,3,2,2,2,2,1,2,7,7,6,7,6,6,7,5,7,7,5,6,5,6,5,6,6,7,6,7,6,4,4,5,4,4,4,4,5,4,4,4,5,4,4,4,4,4,3,1,NA,1,NA,1,NA,1,1,4,1,3,4,ORANGE,1,1,1,1,1,1,2,3,3,3,2,3,2,3,3,3,3,2,2,2,2,3,3,3,3,3,3,3,1,5,5,5,6,5,6,6,6,2,6,6,5,5,5,6,6,7,6,5,5,6,6,6,6,4,3,4,4,4,4,3,3,0,1,3.5555555555555554,8,Probable AUD,4.25,4.333333333333333,4,4.333333333333333,4.333333333333333,8,8,7,8,7,7,7,7,8,8,7,8,7,8,3.6666666666666665,4,36,38,38,39,41,29,24,28,1.5555555555555554,6,6,6,6,5,1,2,1,1,3
2.314814814814815,-0.9847873965603612,0.8137779226097838,9,2025-07-25T19:15:57Z,2025-07-25T19:28:45Z,100,768,1,2025-07-31T21:38:27Z,R_7ktRiUDoF5sxlma,anonymous,1,1,1,1,1,1,21,Female,0,0,0,0,0,0,1,0,Part Time,"$50,000 - $99,999",Bachelor's degree,32801,1,0,Married or living with a partner,Christian,Weekly,0,NA,NA,NA,NA,NA,NA,NA,Aetna,1 to 3 years,1,1,1,1,0,0,0,0,1,1,0,0,0,0,0,1-8 hours,0,1,1,0,0,0,0,1,1,0,0,0,0,0,0,0,1,1,1,3,2,3,2,3,0,0,1,1,1,0,0,0,0,0,FALSE,0,FALSE,1,1,0,0,0,0,0,Nothing,Parent,Female,30,Long-term physical condition,NA,Independent living or retirement community,NA,4,1,2,4,4,4,3,4,3,3,4,4,3,2,4,4,4,3,4,3,4,3,2,4,4,4,3,4,0,1,1,0,0,0,0,0,0,0,0,0,0,0,0,0,0,0,0,0,0,NA,3,0,0,0,1,0,1,0,0,0,1,0,0,0,1,1,0,0,0,NA,8,2,1,Nothing,9,5,5,5,5,3,5,5,5,5,7,7,6,6,6,6,6,7,7,7,7,6,5,7,7,7,7,7,7,7,7,5,4,5,5,5,5,5,4,4,5,5,5,5,5,5,5,5,5,NA,NA,1,NA,NA,NA,1,1,5,5,5,5,ORANGE,1,1,1,1,1,1,3,3,3,3,3,3,3,3,1,3,3,3,2,3,3,3,3,3,3,3,2,3,1,7,7,6,6,7,7,6,4,1,7,5,6,7,7,6,4,4,6,7,7,7,7,7,7,4,4,4,4,4,4,4,4,0,1,1.2222222222222223,15,Probable AUD,4.75,4.666666666666667,5,4.333333333333333,5,8,4,6,8,8,5,8,7,8,7,6,7,7,6,5,5,42,38,38,46,41,32,28,30,1.5555555555555554,6.75,7,6.25,7,5,1,2,1,1,3
2.0833333333333335,-0.7628912741355247,0.39771181835578484,7,2025-07-25T19:16:01Z,2025-07-25T19:29:11Z,100,790,1,2025-07-25T19:29:11Z,R_5tJ1ima3RwNq9e9,anonymous,1,1,2,0,0,1,39,Male,0,0,0,0,0,0,1,0,Part Time,"$50,000 - $99,999",High school diploma or equivalent,90039,0,0,Never married,Atheist/Agnostic,Never,0,NA,NA,NA,NA,NA,NA,NA,none,3 to 7 years,0,0,1,0,0,0,0,1,0,1,0,0,1,0,0,9-20 hours,0,0,0,0,0,1,0,0,0,0,0,0,0,0,1,0,1,0,0,NA,NA,NA,NA,NA,0,0,0,0,0,0,0,0,0,0,FALSE,1,FALSE,1,0,1,0,0,0,0,nothing,Other family member,Female,80,Memory problems,NA,Lives in someone else's home,NA,1,2,1,4,1,1,3,1,1,1,4,1,1,1,1,1,1,4,1,1,1,1,1,1,1,1,1,1,0,0,0,0,0,0,0,0,0,0,1,0,0,0,0,0,0,0,0,0,0,NA,5,0,1,1,1,1,0,0,0,0,0,0,0,0,0,0,0,0,0,NA,8,2,0,NA,5,3,3,3,3,3,5,3,3,3,7,7,7,1,1,1,1,7,7,7,3,1,1,7,4,5,1,6,6,1,6,3,5,5,5,5,5,1,1,1,4,4,1,1,1,1,1,1,1,NA,NA,NA,NA,NA,NA,1,0,3,4,3,4,ORANGE,1,1,1,1,1,1,2,0,3,3,2,0,0,0,0,3,2,2,2,1,3,3,3,0,0,0,3,4,1,7,6,1,1,1,1,1,4,1,6,1,7,1,1,7,1,7,7,1,7,1,1,1,7,4,4,4,4,4,3,4,2,1,0,2.7777777777777777,11,Probable AUD,3.3333333333333335,4.333333333333333,5,1,3,2,5,2,8,2,2,2,2,2,2,2,5,2,2,1,1,14,12,38,37,13,29,11,18,3.666666666666667,4,5.75,1,5.25,5,1,2,1,1,3
2.0833333333333335,-0.9732173095450034,0.9720076398651256,12,2025-07-25T19:16:16Z,2025-07-25T19:29:27Z,100,791,1,2025-07-25T19:29:28Z,R_3ozhZhcSKSJAMtm,anonymous,1,1,1,0,0,1,59,Female,0,0,0,0,0,0,1,0,Unemployed and looking,"$10,000 - $19,999",Less than high school degree,52803,0,0,Divorced/Separated,Christian,Once or twice a year,0,NA,NA,NA,NA,NA,NA,NA,Select Health,1 to 3 years,0,0,1,0,1,0,0,0,0,1,0,1,0,0,0,1-8 hours,0,0,0,0,0,1,0,0,0,0,0,0,0,0,0,1,1,1,0,NA,NA,NA,NA,NA,0,1,0,0,0,0,0,0,0,0,FALSE,0,FALSE,0,1,0,0,0,1,0,Bring meals as needed and light house work,Other family member,Female,80,Short-term physical condition,NA,Lives in their own home,NA,1,2,1,1,3,1,3,1,1,3,1,1,1,2,2,1,3,1,2,3,1,1,2,2,1,1,1,1,0,0,0,0,0,0,0,0,1,1,0,0,0,0,0,0,0,0,0,0,0,NA,6,0,0,0,1,1,0,0,0,0,1,0,0,0,0,0,0,0,0,NA,4,2,1,Local non profit church,2,3,2,1,1,2,1,1,1,1,1,1,5,5,1,1,7,1,1,5,6,6,6,6,6,5,6,6,5,6,6,2,2,2,1,1,1,1,1,1,1,1,1,1,1,1,2,1,1,NA,NA,NA,NA,NA,NA,0,0,2,5,2,5,ORANGE,1,1,0,0,0,0,1,0,0,0,0,0,0,0,0,0,0,1,0,0,0,0,0,0,0,0,0,1,1,4,5,5,4,3,2,5,5,6,5,3,2,5,1,1,1,5,1,6,1,5,3,1,1,2,2,1,1,2,1,1,1,0,1,4.555555555555555,12,Probable AUD,1.25,2,1,1,1,3,5,2,2,5,5,2,2,4,2,3,2,5,2,1.3333333333333333,1,4,0,0,8,28,11,19,25,5.444444444444445,5.75,5.5,6,5.75,1,0,1,1,1,3
1.838235294117647,-0.966172881058259,0.8022591889768307,8,2025-07-25T19:18:03Z,2025-07-25T19:30:04Z,100,720,1,2025-07-31T21:38:27Z,R_7jZCgxylDtid7og,anonymous,1,1,2,0,0,1,43,Female,0,0,0,0,0,0,1,0,Part Time,"$20,000 - $49,999",Associate's degree,44306,1,1,Married or living with a partner,Christian,Weekly,0,NA,NA,NA,NA,NA,NA,NA,Summa,3 to 7 years,0,1,1,1,1,0,0,0,1,1,0,0,1,1,0,9-20 hours,1,1,0,0,0,0,0,0,0,0,1,0,0,0,0,0,1,0,0,NA,NA,NA,NA,NA,1,0,0,0,1,0,1,0,0,0,FALSE,0,FALSE,1,0,0,0,0,1,0,Have easier access to helps,Parent,Male,75,Long-term physical condition,NA,Lives in their own home,NA,2,2,3,1,3,3,3,1,2,3,1,2,3,3,3,3,2,2,2,3,3,2,3,2,2,2,3,2,0,0,0,0,0,0,0,0,1,0,0,0,0,0,0,0,0,0,0,0,0,NA,2,0,0,0,1,1,0,0,1,0,0,0,0,0,0,0,0,0,0,NA,3,2,1,Church,5,2,2,2,2,2,1,2,1,1,3,6,6,5,5,6,5,6,2,6,3,5,5,6,5,6,6,6,6,4,5,3,3,3,3,3,2,4,2,3,2,3,3,3,4,3,4,3,2,1,NA,1,NA,NA,NA,0,0,3,3,1,2,ORANGE,0,0,0,0,0,0,0,0,0,0,0,0,0,0,1,0,0,1,0,0,0,0,1,1,0,0,0,1,1,5,5,5,5,5,5,5,5,3,3,4,2,3,4,2,2,2,2,5,5,5,4,5,2,2,1,2,2,2,2,2,1,0,1,4.333333333333333,6,Probable AUD,2.8333333333333335,3,2.6666666666666665,3,2.6666666666666665,4,5,4,2,6,6,6,5,4,5,5,4,5,5,3,3.3333333333333335,4,2,2,22,25,14,23,23,3.1111111111111107,5.25,5.25,5,5.5,0,0,2,1,1,3
1.6233766233766234,-0.9485722076600837,0.7348195955624417,7,2025-07-25T19:17:55Z,2025-07-25T19:30:39Z,100,763,1,2025-07-25T19:30:39Z,R_7TBmcYbuGgfYzeh,anonymous,1,1,1,0,0,1,70,Female,0,0,0,0,0,0,1,0,"Not working, not looking","$10,000 - $19,999",Associate's degree,44720,0,2,Married or living with a partner,Christian,Weekly,0,NA,NA,NA,NA,NA,NA,NA,Medicare,1 to 3 years,0,0,1,1,1,1,0,1,1,1,1,1,1,1,0,40+ hours,1,0,1,0,0,0,0,0,1,0,0,0,0,0,0,0,1,0,0,NA,NA,NA,NA,NA,0,1,0,0,0,1,0,0,0,0,FALSE,0,FALSE,1,1,0,0,0,0,0,Meals. Respite. Checking in on me.,Parent,Female,89,Short-term physical condition,NA,Lives in their own home,NA,1,1,1,1,2,1,3,1,1,3,1,3,2,3,2,1,2,1,4,3,3,4,3,3,4,1,4,1,0,0,0,0,0,0,0,0,0,1,0,0,0,0,0,0,0,1,0,0,0,NA,5,0,0,0,1,1,0,0,0,0,0,0,0,0,0,0,1,0,0,NA,4,1,1,Support,2,3,3,3,3,3,2,2,2,4,5,1,5,6,1,1,5,1,1,4,4,3,3,3,3,4,4,3,4,4,3,4,3,3,2,1,1,1,1,2,2,2,1,5,3,3,5,4,3,NA,NA,NA,NA,NA,NA,0,0,2,2,1,1,ORANGE,0,0,0,0,1,0,2,2,1,1,1,1,0,1,1,1,1,2,1,0,0,0,0,1,0,1,0,1,1,6,3,3,5,5,5,4,3,7,3,4,3,6,3,3,4,5,2,6,1,4,4,3,1,2,2,2,3,3,2,1,2,0,1,3.2222222222222223,4,Probable AUD,1.9166666666666667,3.3333333333333335,1.3333333333333333,1.3333333333333333,1.6666666666666667,5,4,2,2,4,6,2,4,5,3,7,2,6,8,4,3.6666666666666665,16,10,8,16,33,17,28,16,5.111111111111111,3.5,3.75,3.5,3.25,1,0,1,1,1,3
1.9841269841269842,-0.9780472979116835,0.6903327648071759,15,2025-07-25T19:16:12Z,2025-07-25T19:30:45Z,100,873,1,2025-07-25T19:30:45Z,R_3GDnCMvnTMm3GP7,anonymous,1,0,0,1,2,1,25,Male,0,0,1,0,0,0,0,0,Full Time,"$10,000 - $19,999",High school diploma or equivalent,18255,0,1,Never married,Other,Once or twice a year,0,NA,NA,NA,NA,NA,NA,NA,Geisinger,Less than one year,0,0,1,0,0,0,0,0,0,1,0,0,0,0,0,Less than 1 hour,0,0,1,0,0,0,0,0,1,0,0,0,0,0,0,0,1,0,0,NA,NA,NA,NA,NA,0,0,1,0,0,0,0,0,0,0,FALSE,0,FALSE,0,1,0,0,0,0,0,Better money,Sibling,Male,25,Long-term physical condition,NA,Lives in their own home,NA,2,2,3,2,4,2,3,2,3,2,3,2,3,2,3,2,2,3,2,2,2,3,3,3,3,2,2,2,0,0,1,0,0,0,0,0,0,0,0,0,0,0,0,0,0,0,0,0,0,NA,2,0,0,0,1,0,0,0,0,0,0,0,0,0,0,0,0,0,0,NA,4,1,1,Giesinger,3,2,2,3,3,2,2,3,3,3,3,2,2,3,4,3,4,3,3,3,2,4,4,3,4,4,4,4,3,4,4,3,3,2,2,3,3,2,3,2,3,3,2,5,5,5,5,5,5,NA,NA,NA,NA,NA,NA,0,0,5,1,1,1,ORANGE,0,1,1,1,1,1,3,3,3,3,3,3,3,3,3,3,3,3,3,3,3,2,3,3,3,2,3,3,1,5,6,5,7,7,6,6,6,1,7,6,6,6,6,6,7,7,7,6,7,7,7,7,7,3,3,3,3,4,4,4,4,1,0,3.4444444444444446,3,Not detected,2.5833333333333335,2.6666666666666665,2.6666666666666665,2.3333333333333335,2.6666666666666665,4,5,5,5,7,5,4,5,4,5,5,5,5,5,5,5,42,40,40,46,46,28,26,30,5,3.5833333333333335,2.75,4,4,5,0,2,1,1,3
1.2254901960784315,-0.9583881317120506,0.5062331676455023,8,2025-07-25T19:16:58Z,2025-07-25T19:31:03Z,100,844,1,2025-07-31T21:38:27Z,R_38XJpS0xyVQkbz5,anonymous,1,1,1,1,1,1,50,Male,0,0,0,0,0,0,1,0,Full Time,"> $150,000",Bachelor's degree,11740,3,0,Married or living with a partner,Muslim,Weekly,0,NA,NA,NA,NA,NA,NA,NA,Metlife,1 to 3 years,0,0,1,0,0,0,0,0,1,0,0,0,0,0,0,1-8 hours,0,0,1,0,0,0,0,0,0,0,0,0,0,0,1,0,1,0,0,NA,NA,NA,NA,NA,1,0,0,1,0,0,0,1,0,0,FALSE,0,FALSE,1,0,0,0,0,0,0,"They can offer emotional support, share caregiving responsibilities and provide flexible community resources or services.",Friend,Male,55,Short-term physical condition,NA,Lives in their own home,NA,2,3,4,3,2,3,3,4,3,2,1,2,3,4,4,3,2,1,2,3,4,4,3,2,1,2,3,4,0,1,1,0,0,1,0,0,1,0,0,0,1,0,0,0,0,0,0,0,0,NA,6,0,0,0,1,1,1,0,0,0,0,0,0,0,0,1,1,0,0,NA,6,2,0,NA,7,2,3,4,5,4,3,2,3,4,7,6,4,3,2,1,3,4,5,6,5,4,3,2,3,4,5,6,7,6,5,5,4,3,2,2,3,4,3,2,3,4,3,4,3,2,2,3,4,1,NA,NA,NA,NA,NA,0,0,1,4,1,1,ORANGE,0,1,0,0,0,0,3,2,1,0,1,2,3,3,2,1,1,2,2,2,1,2,2,1,0,1,2,2,1,7,6,5,4,3,2,3,4,3,5,7,6,5,4,3,3,3,1,7,1,3,2,1,1,3,3,3,3,3,3,3,3,1,0,2.6666666666666665,6,Probable AUD,3.1666666666666665,4,2.3333333333333335,3,3.3333333333333335,4,6,8,4,6,5,6,7,4,5,5,5,5,7,3,3,28,18,22,17,30,24,19,23,4.111111111111111,4.666666666666667,5,4.5,4.5,1,0,2,1,1,3
1.5822784810126582,-0.881346228205244,0.6579108305628982,8,2025-07-25T19:16:00Z,2025-07-25T19:31:26Z,100,925,1,2025-07-31T21:38:27Z,R_1XDb1A2wdMk7cJP,anonymous,1,1,1,1,1,1,54,Male,0,0,0,0,0,0,1,0,Unemployed and looking,"$50,000 - $99,999",High school diploma or equivalent,33177,3,0,Married or living with a partner,Christian,Once or twice a year,1,NA,1,NA,NA,NA,NA,1,It's a good,1 to 3 years,0,0,0,1,0,0,0,0,0,0,1,0,0,0,0,9-20 hours,0,1,0,0,0,0,0,0,0,0,0,0,1,0,0,0,0,1,1,2,3,2,2,2,0,0,0,0,0,0,1,1,0,0,FALSE,0,FALSE,0,0,1,0,1,0,0,1,Sibling,Male,54,Emotional or mental health issue,NA,Nursing care or long-term care facility,NA,3,3,2,2,3,3,3,3,4,4,4,1,1,1,2,2,2,1,2,1,2,2,3,3,3,1,1,3,0,0,0,1,0,1,0,0,0,0,0,0,0,0,0,1,0,0,0,0,0,NA,5,0,0,0,1,0,1,0,1,0,1,0,0,0,0,0,0,0,0,NA,5,2,0,NA,6,4,3,2,3,1,4,5,2,4,5,4,2,1,6,7,6,5,6,5,5,4,3,3,7,7,5,5,6,3,6,2,5,3,3,2,3,3,5,4,5,2,4,3,3,5,4,4,3,NA,NA,NA,NA,NA,NA,1,0,2,2,3,4,ORANGE,0,1,1,1,0,0,2,2,2,2,3,2,3,2,2,2,2,2,2,2,2,1,2,2,3,3,2,3,1,4,4,4,3,4,4,3,5,3,6,4,5,4,5,5,3,2,4,5,5,4,4,5,4,3,3,2,2,3,3,2,2,1,0,2.888888888888889,9,Probable AUD,3.4166666666666665,3.3333333333333335,2.6666666666666665,4,3.6666666666666665,5,6,5,6,5,7,5,6,3,2,4,4,4,3,3.6666666666666665,3.6666666666666665,28,34,28,33,26,20,18,22,3.333333333333333,4.916666666666667,4.75,3.75,6.25,3,0,2,0,1,2
1.893939393939394,-0.9849887557219826,0.8961881489319531,15,2025-07-25T19:16:30Z,2025-07-25T19:32:34Z,100,964,1,2025-07-31T21:38:27Z,R_7Qn5VlaNqsUy5iS,anonymous,1,1,1,1,0,1,59,Male,0,0,0,0,0,0,1,0,Full Time,"$50,000 - $99,999",Some college,02921,0,0,Married or living with a partner,Atheist/Agnostic,Every month,1,NA,NA,NA,1,NA,NA,4,BCBS,1 to 3 years,0,0,1,0,1,0,0,1,0,0,0,1,0,0,0,1-8 hours,1,0,0,0,0,0,1,0,0,0,0,0,0,0,0,0,0,0,0,NA,NA,NA,NA,NA,1,0,0,0,0,0,0,0,1,0,FALSE,0,FALSE,0,1,0,0,0,0,0,Help out by being there,Friend,Male,83,Short-term physical condition,NA,Lives in their own home,NA,3,3,1,1,4,3,2,2,2,1,1,2,2,4,3,3,2,3,4,3,3,3,2,3,2,3,4,2,0,0,1,0,0,0,0,0,0,0,1,0,0,0,1,0,0,0,0,0,0,NA,4,1,0,0,0,0,1,0,0,0,0,0,0,0,0,1,0,0,0,NA,3,1,0,NA,9,2,3,4,3,3,2,3,4,3,5,5,4,4,4,5,6,7,6,3,4,4,4,4,5,3,4,5,4,3,4,2,3,4,3,3,3,4,3,2,3,3,3,3,3,4,3,3,4,1,NA,NA,NA,NA,NA,0,0,1,4,1,3,ORANGE,0,0,0,0,0,0,1,1,0,0,0,1,0,0,0,0,0,0,0,0,0,0,0,0,0,0,0,1,1,1,4,4,4,7,4,4,3,4,5,1,1,1,1,1,1,6,1,5,1,5,5,1,1,2,2,2,2,3,2,2,2,1,0,3,8,Probable AUD,3,3,3,3,3,7,5,3,2,7,3,6,5,4,5,6,5,6,7,3.3333333333333335,3.3333333333333335,4,2,0,7,24,17,20,20,2.8888888888888893,3.9166666666666665,3.75,3.75,4.25,0,0,1,1,1,3
1.8656716417910448,-0.9627658050444423,0.8905250893700906,10,2025-07-25T19:21:03Z,2025-07-25T19:32:44Z,100,701,1,2025-07-31T21:38:27Z,R_6FKQ2veuWL5a5mY,anonymous,1,1,1,0,0,1,39,Female,0,0,0,0,0,0,1,0,Part Time,"$50,000 - $99,999",High school diploma or equivalent,02128,2,0,Married or living with a partner,Other,Never,0,NA,NA,NA,NA,NA,NA,NA,Tufts,3 to 7 years,0,0,0,0,1,1,0,1,1,1,0,1,1,0,0,1-8 hours,0,0,0,0,0,1,1,0,0,0,0,0,0,0,0,0,0,1,0,NA,NA,NA,NA,NA,1,1,0,0,0,0,0,0,1,0,FALSE,0,FALSE,1,0,0,0,0,0,0,Nothing it's all on me,Grandpartent,Female,90,Memory problems,NA,Lives in their own home,NA,1,1,2,1,2,1,2,2,1,2,1,1,2,2,2,3,1,1,1,3,2,1,2,3,3,1,1,1,0,0,0,0,0,0,0,0,0,0,0,0,0,0,0,0,0,0,0,1,0,NA,3,0,0,0,0,1,0,0,0,0,1,0,0,0,0,1,0,0,0,NA,4,1,0,NA,3,3,3,3,3,3,3,3,3,3,4,2,5,5,3,3,4,1,2,5,6,5,5,6,5,5,6,6,6,4,5,4,2,2,3,2,1,1,1,1,2,2,1,3,2,3,2,2,2,1,NA,NA,NA,NA,NA,0,0,2,1,1,1,ORANGE,0,0,0,0,1,0,1,0,0,0,1,0,0,0,0,0,1,1,1,0,0,0,0,0,0,0,0,1,1,2,4,3,3,3,4,4,3,4,3,1,3,5,2,3,4,4,2,2,2,2,3,1,1,1,1,1,1,2,1,1,1,0,1,3,3,Probable AUD,1.8333333333333333,2.6666666666666665,2,1,1.6666666666666667,2,3,4,2,4,4,4,3,2,3,5,2,6,2,2,2.6666666666666665,6,0,4,14,21,9,16,17,4.777777777777778,5.333333333333333,5.75,5,5.25,1,0,1,1,1,3
1.5625,-0.973736765424772,0.7855351956060751,4,2025-07-25T19:26:27Z,2025-07-25T19:34:37Z,100,490,1,2025-07-25T19:34:38Z,R_60U6it5pUDQ12dS,anonymous,1,1,1,1,1,1,35,Female,0,0,1,1,0,0,0,0,Full Time,"> $150,000",Professional doctorate,07050,2,0,Never married,Christian,Weekly,0,NA,NA,NA,NA,NA,NA,NA,United healthcare,8 to 12 years,1,1,1,1,1,1,0,1,1,1,1,1,1,1,0,21-40 hours,0,0,0,0,0,1,0,1,0,0,1,0,0,0,0,0,0,0,0,NA,NA,NA,NA,NA,1,1,1,1,0,1,0,1,0,0,FALSE,0,FALSE,1,1,1,0,1,0,0,Reach out and be of assistance,Child,Female,10,Behavioral issues,NA,Lives with me,NA,4,3,4,1,2,3,3,4,4,1,1,4,4,4,4,3,4,4,3,4,4,3,3,4,4,3,4,4,0,1,1,0,1,1,0,1,0,1,1,0,1,0,0,1,0,1,1,0,0,NA,6,0,1,0,1,1,0,0,0,0,1,0,0,0,0,1,1,0,0,NA,6,2,1,None,7,1,1,1,2,3,2,1,1,3,6,5,6,7,6,6,6,7,5,5,6,7,5,6,6,7,6,6,5,7,7,4,5,4,4,3,5,5,4,4,4,3,4,4,5,5,4,5,3,1,NA,1,1,1,NA,1,1,4,4,3,4,ORANGE,0,0,0,1,1,1,3,3,2,2,3,3,3,2,2,3,2,3,3,3,2,2,3,2,3,3,2,2,1,5,4,5,5,5,6,5,5,5,6,6,6,7,7,6,6,6,5,6,6,6,5,6,5,2,3,2,3,4,4,3,3,0,1,4.333333333333333,11,Probable AUD,4.083333333333333,4.333333333333333,4,4.333333333333333,3.6666666666666665,7,6,8,2,6,4,6,8,8,7,8,8,8,7,4,4.666666666666667,36,36,36,41,42,24,26,25,2,6.083333333333333,5.5,6.25,6.5,3,0,2,1,1,3
1.6233766233766234,-0.9640174196635826,0.6958575331170553,5,2025-07-25T19:27:56Z,2025-07-25T19:35:06Z,100,430,1,2025-07-25T19:35:07Z,R_1jHqMrQbgOVp3H0,anonymous,1,1,1,0,0,1,33,Male,0,0,0,0,0,0,1,0,Full Time,"> $150,000",Associate's degree,80128,1,0,Married or living with a partner,Christian,Weekly,1,NA,1,NA,NA,NA,NA,12,Bluecross BlueShield,3 to 7 years,1,0,1,1,1,1,0,1,0,1,0,1,0,0,0,1-8 hours,1,0,1,0,0,0,1,0,0,0,0,1,0,1,0,0,1,1,0,NA,NA,NA,NA,NA,1,0,1,0,1,0,1,0,0,0,FALSE,0,FALSE,1,1,1,1,0,0,0,Be understanding and offer ride sharing,Parent,Male,58,Behavioral issues,NA,Lives with me,NA,3,2,4,3,3,3,2,3,2,2,3,2,2,3,3,2,3,2,2,3,2,2,3,3,3,2,2,1,1,1,0,0,1,1,0,0,0,0,0,0,1,0,0,0,0,0,0,0,0,NA,6,0,0,0,1,0,1,0,0,1,1,0,0,0,1,1,0,0,0,NA,6,2,0,NA,7,3,4,4,3,4,3,3,4,3,5,5,3,5,4,3,5,5,4,6,4,5,4,5,6,6,5,5,5,5,5,4,3,3,3,3,4,3,3,3,4,3,3,4,3,3,3,4,4,NA,1,NA,1,NA,1,1,1,4,5,4,4,ORANGE,1,1,1,1,1,1,2,2,2,2,2,3,2,2,2,2,3,2,3,2,3,2,3,2,2,2,2,3,1,1,5,5,2,6,4,5,5,3,6,5,5,6,4,4,4,5,4,4,4,5,7,6,5,3,3,3,2,3,3,3,3,1,0,2.5555555555555554,13,Probable AUD,3.25,3.3333333333333335,3.3333333333333335,3,3.3333333333333335,5,4,7,6,6,5,5,4,5,4,6,3,6,4,3.6666666666666665,3.3333333333333335,32,30,32,32,36,23,16,26,3.666666666666667,5.083333333333333,5,4.75,5.5,5,1,1,1,1,3
1.3297872340425532,-0.9387636421391963,0.6934319732313816,4,2025-07-25T19:28:06Z,2025-07-25T19:35:27Z,100,440,1,2025-07-25T19:35:27Z,R_10AE8Vmp2NJQ8Pl,anonymous,1,1,1,0,0,1,41,Male,0,0,0,1,0,0,1,0,Full Time,"$100,000 - $149,999",High school diploma or equivalent,95130,0,0,Never married,Atheist/Agnostic,Never,0,NA,NA,NA,NA,NA,NA,NA,Anthem,3 to 7 years,0,0,1,0,1,0,0,0,1,1,0,0,0,1,0,9-20 hours,1,0,1,0,0,0,0,0,0,0,0,0,0,0,1,0,0,0,0,NA,NA,NA,NA,NA,0,1,0,1,0,0,0,0,0,0,FALSE,0,FALSE,1,0,1,0,0,0,0,Not too sure.,Parent,Female,73,Short-term physical condition,NA,Lives in their own home,NA,2,3,2,2,3,3,2,2,3,2,3,2,3,2,3,2,2,3,2,3,3,2,3,3,2,3,2,3,0,0,0,0,1,1,0,0,1,0,1,0,1,0,0,0,0,0,0,0,0,NA,8,0,1,1,1,1,1,1,0,1,1,0,0,1,1,1,1,0,0,NA,6,2,1,Many,6,3,3,2,3,2,3,2,2,3,4,6,5,3,5,4,5,4,5,4,4,3,3,4,4,3,4,3,4,4,3,3,3,2,3,2,2,3,2,3,2,3,2,2,3,3,2,3,2,NA,1,NA,1,NA,NA,0,0,2,4,3,4,ORANGE,0,0,0,0,0,0,2,1,2,1,2,1,1,2,1,1,2,2,1,2,1,2,1,2,1,2,1,2,1,4,3,3,4,4,3,4,3,4,4,5,5,4,5,4,4,5,5,4,4,5,4,4,5,2,2,3,2,2,3,2,3,1,0,3.4444444444444446,11,Probable AUD,2.5,2.6666666666666665,2.3333333333333335,2.6666666666666665,2.3333333333333335,4,5,4,5,6,5,5,6,4,6,4,6,6,4,2.3333333333333335,2.6666666666666665,26,16,20,32,31,19,19,17,3.4444444444444446,3.5833333333333335,4,3.5,3.25,0,0,1,1,1,3
1.2376237623762376,-0.9554330456623998,0.8470567967186421,4,2025-07-25T19:28:12Z,2025-07-25T19:36:18Z,100,486,1,2025-07-31T21:38:27Z,R_1d6m7qB56jii3wL,anonymous,1,1,2,1,2,1,40,Male,0,0,0,0,0,0,1,0,Part Time,"$50,000 - $99,999",High school diploma or equivalent,08854,2,0,Married or living with a partner,Muslim,Weekly,0,NA,NA,NA,NA,NA,NA,NA,State Farm,3 to 7 years,0,1,0,0,0,1,0,0,0,1,1,0,1,0,0,21-40 hours,1,1,1,1,0,0,0,1,0,1,0,0,0,0,0,0,1,0,1,2,2,2,2,2,1,1,0,0,0,0,0,0,0,0,FALSE,0,FALSE,1,1,1,0,0,0,0,very good support,Spouse,Male,36,Short-term physical condition,NA,Lives with me,NA,4,3,4,3,4,3,4,4,3,4,3,3,4,3,4,3,4,3,4,3,4,4,3,3,4,3,4,3,0,1,1,1,0,0,0,0,0,1,0,0,0,0,0,0,0,0,0,0,0,NA,8,1,1,0,1,0,0,0,0,0,1,0,1,1,1,1,1,0,0,NA,5,2,1,1,9,1,2,1,2,1,2,1,2,2,7,6,7,6,7,7,6,7,6,7,6,7,6,7,6,7,6,7,6,7,7,5,4,5,4,5,4,5,4,4,5,4,5,5,4,5,4,5,4,1,1,NA,NA,NA,NA,1,1,5,4,3,4,ORANGE,1,1,1,1,1,1,3,3,2,3,2,3,2,3,2,3,2,3,2,3,2,3,2,3,2,3,3,4,1,7,6,7,7,7,6,6,7,1,7,7,6,7,6,7,6,7,6,7,6,7,6,7,7,4,4,4,3,4,3,4,4,1,0,4.444444444444445,11,Probable AUD,4.5,4.666666666666667,4.333333333333333,4.333333333333333,4.666666666666667,8,7,8,6,8,7,6,7,7,7,7,6,6,8,4.333333333333333,4.666666666666667,40,34,34,45,47,30,28,33,1.4444444444444446,6.583333333333333,6.5,6.5,6.75,5,1,4,1,1,3
2.1186440677966103,-0.9528144181167518,0.20768048315067975,10,2025-07-25T19:15:32Z,2025-07-25T19:36:19Z,100,1247,1,2025-07-31T21:38:27Z,R_7iDlvXGAwfvZHMt,anonymous,1,1,1,0,0,1,56,Female,0,0,0,0,0,0,1,0,Unemployed and looking,"< $10,000",Associate's degree,40422,0,1,Divorced/Separated,Christian,Never,0,NA,NA,NA,NA,NA,NA,NA,Wellcare,1 to 3 years,1,0,1,0,1,0,0,0,0,1,0,1,1,1,0,21-40 hours,0,0,1,0,0,0,0,0,0,0,0,1,0,0,0,0,0,0,0,NA,NA,NA,NA,NA,0,0,1,0,0,0,0,0,0,0,FALSE,0,FALSE,1,1,0,0,1,0,0,Give me a breaj,Parent,Female,75,Memory problems,NA,Lives with me,NA,1,1,1,1,1,1,3,3,3,2,3,2,3,3,1,1,1,1,1,1,2,2,2,2,2,2,2,2,0,0,0,0,0,0,0,0,1,0,0,0,0,0,0,0,0,0,0,0,0,NA,7,0,0,0,1,0,0,0,1,0,1,0,0,0,0,1,0,0,0,NA,5,1,0,NA,1,3,3,1,1,2,2,3,3,4,4,2,1,5,4,3,1,4,3,3,2,1,3,1,3,3,1,2,2,4,2,2,2,2,2,2,1,2,2,2,2,2,2,3,3,3,3,3,3,NA,NA,NA,NA,NA,NA,1,1,3,1,1,3,ORANGE,1,0,0,0,0,1,0,0,1,2,3,3,0,0,0,3,3,3,3,3,3,3,3,3,3,2,2,1,1,3,5,5,6,3,1,3,3,6,4,6,7,4,3,3,4,4,4,4,2,4,4,4,5,3,3,2,2,3,3,3,3,0,1,3.5555555555555554,5,Probable AUD,1.9166666666666667,2,1.6666666666666667,2,2,2,4,4,4,2,4,2,5,3,5,5,3,3,4,3,3,30,20,36,28,30,22,19,20,5,2.25,2,2.25,2.5,1,0,1,1,1,3
1.404494382022472,-0.9585270333526513,0.7143701291862096,4,2025-07-28T17:29:05Z,2025-07-28T17:36:18Z,100,433,1,2025-07-31T21:38:27Z,R_7ZTxQPRBrgpXm6c,anonymous,1,1,1,1,1,1,22,Male,0,0,1,0,0,0,0,0,Full Time,"$50,000 - $99,999",Less than high school degree,77449,1,0,Married or living with a partner,Christian,Weekly,0,NA,NA,NA,NA,NA,NA,NA,State Farm,3 to 7 years,1,1,1,1,1,1,0,1,1,1,0,1,0,0,0,9-20 hours,1,0,1,1,0,0,1,1,0,0,1,0,0,0,0,0,1,1,0,NA,NA,NA,NA,NA,1,1,1,0,1,0,0,0,0,0,FALSE,0,FALSE,1,1,1,0,0,0,0,By being happy,Sibling,Female,55,Developmental or intellectual disorder,NA,Lives with me,NA,4,4,3,3,3,4,3,1,3,2,4,3,2,4,2,2,4,3,2,2,2,2,3,3,4,3,3,4,0,1,1,0,1,0,1,1,0,0,0,0,0,0,0,0,0,0,0,0,0,NA,8,1,0,1,1,1,0,1,0,0,0,0,0,0,0,0,0,0,0,NA,9,2,1,Cin,4,3,1,1,1,1,2,1,2,1,5,6,4,3,5,4,6,4,6,5,6,5,4,5,5,6,5,4,6,5,6,5,4,3,2,5,4,4,3,5,4,4,5,5,3,5,5,4,5,1,1,NA,1,NA,NA,0,0,5,4,3,4,ORANGE,0,0,0,0,0,0,2,2,2,1,3,2,3,2,1,1,2,1,1,3,2,2,2,2,3,3,2,4,1,6,4,3,4,3,2,4,5,4,7,6,7,6,6,6,6,6,6,7,6,5,7,7,7,2,2,2,4,2,1,3,3,1,0,4.555555555555555,11,Probable AUD,4,4,3.6666666666666665,4,4.333333333333333,6,7,4,7,5,5,6,5,7,5,8,7,5,5,4.666666666666667,4.333333333333333,28,30,26,45,43,19,19,23,3.2222222222222223,5.166666666666667,5.5,4.75,5.25,0,0,2,1,1,3
2.4038461538461537,-0.9576795007421516,0.7780995952171813,17,2025-07-28T17:28:25Z,2025-07-28T17:36:44Z,100,498,1,2025-07-31T21:38:27Z,R_5kSIAPb3bUgCKLP,anonymous,1,1,2,1,2,1,42,Male,0,0,0,0,0,0,1,0,Full Time,"$50,000 - $99,999",High school diploma or equivalent,66083,1,1,Married or living with a partner,Christian,Weekly,1,NA,1,NA,NA,NA,NA,5,Medicare,8 to 12 years,1,1,0,1,1,1,0,0,1,0,1,0,1,1,0,21-40 hours,0,1,0,1,1,0,0,1,0,1,0,1,1,1,0,0,1,1,0,NA,NA,NA,NA,NA,0,1,0,1,0,0,1,0,0,1,FALSE,0,FALSE,0,1,0,1,1,0,0,Pay the more money,Grandpartent,Male,76,Behavioral issues,NA,Lives in their own home,NA,1,1,2,2,2,3,2,2,2,2,2,2,2,2,2,2,2,2,2,2,2,2,2,3,2,2,2,2,1,0,0,1,1,0,0,0,0,0,0,0,0,0,0,0,0,0,1,0,0,NA,9,0,0,0,1,0,1,0,1,0,0,0,0,0,0,0,0,0,0,NA,7,2,1,The first time you,7,3,3,4,4,3,3,3,3,3,5,4,4,4,3,4,5,4,4,4,4,5,3,5,5,5,6,6,6,5,6,3,3,3,3,3,3,2,3,2,3,3,2,3,3,3,3,4,3,NA,NA,NA,1,NA,NA,0,0,3,2,3,3,ORANGE,1,0,1,0,1,0,0,2,2,2,2,2,2,2,1,2,2,2,2,2,1,2,2,2,2,1,2,2,1,4,4,4,4,4,5,2,3,6,1,4,4,4,4,2,5,4,4,4,3,4,3,4,4,2,2,2,2,3,3,3,3,1,0,2.7777777777777777,8,Probable AUD,2.75,3,3,2.3333333333333335,2.6666666666666665,3,3,4,4,4,4,5,4,4,4,4,4,5,4,3.3333333333333335,3,24,22,28,25,28,20,23,14,3.8888888888888893,5,4.75,4.75,5.5,2,0,4,1,1,3
2.0833333333333335,-0.9739901849629705,0.830228030590581,16,2025-07-28T17:28:40Z,2025-07-28T17:37:46Z,100,546,1,2025-07-28T17:37:47Z,R_1jVVbz1eTQ6nc1X,anonymous,1,1,1,1,1,1,24,Female,0,0,0,0,0,0,1,0,Full Time,"$50,000 - $99,999",Associate's degree,63129,1,1,Never married,Atheist/Agnostic,Never,0,NA,NA,NA,NA,NA,NA,NA,Blue Cross,1 to 3 years,0,0,1,1,1,1,0,1,1,1,1,1,1,1,0,9-20 hours,1,0,1,0,0,0,0,0,0,1,1,0,1,0,0,0,1,0,0,NA,NA,NA,NA,NA,1,0,0,1,1,0,1,0,1,1,FALSE,0,FALSE,1,1,1,0,0,0,0,Provide more emotional support to be hon st.,Parent,Female,46,Long-term physical condition,NA,Lives with me,NA,4,3,4,3,1,2,4,2,2,4,1,1,4,4,4,3,3,3,3,4,4,3,3,4,3,4,4,3,0,0,1,0,0,0,0,0,0,0,0,0,0,0,0,0,0,0,1,0,0,NA,7,0,0,1,1,1,1,1,1,1,1,0,0,0,0,0,0,0,0,NA,6,1,0,NA,6,4,4,3,3,5,5,5,4,3,4,6,6,5,6,6,5,6,6,5,6,7,7,6,6,6,7,6,5,6,6,4,4,5,4,4,4,4,4,4,4,4,3,4,4,4,4,3,2,1,NA,NA,NA,NA,NA,0,0,2,2,1,1,ORANGE,0,0,0,0,0,0,3,3,3,2,3,2,3,3,3,3,3,3,3,3,3,3,3,3,3,3,3,2,1,3,6,6,6,6,6,7,6,2,6,5,5,6,5,5,5,5,5,5,4,4,4,4,3,2,3,3,3,3,4,4,4,0,1,2,4,Probable AUD,4,4.333333333333333,4,4,3.6666666666666665,7,7,6,4,5,7,5,6,4,8,7,6,8,7,3,4,40,40,42,31,34,26,23,31,2.4444444444444446,6.083333333333333,5.5,6.75,6,0,0,2,1,1,3
1.6666666666666667,-0.9745587522143205,0.962331110959647,9,2025-07-28T17:28:42Z,2025-07-28T17:38:47Z,100,605,1,2025-07-28T17:38:48Z,R_1Qu6CopnQK3tiq3,anonymous,1,1,1,0,0,1,25,Female,0,0,0,1,0,0,0,0,Unemployed and looking,"$20,000 - $49,999",High school diploma or equivalent,78537,0,0,Never married,Christian,Once or twice a year,0,NA,NA,NA,NA,NA,NA,NA,Ambetter,1 to 3 years,1,0,1,0,1,0,0,0,1,1,0,1,0,1,0,1-8 hours,1,0,0,0,1,0,0,0,0,0,0,0,0,0,0,1,0,1,0,NA,NA,NA,NA,NA,0,1,1,0,0,0,0,0,1,0,FALSE,0,FALSE,1,0,1,1,0,0,0,To help emotionally more than anything or foe their to be resources of where to seek help,Sibling,Female,19,Developmental or intellectual disorder,NA,Lives with me,NA,2,3,1,1,2,1,3,4,1,3,1,3,1,3,4,1,3,2,3,4,1,2,3,3,2,1,4,1,0,1,0,0,0,1,0,0,0,0,0,0,0,0,0,0,0,0,0,0,0,NA,3,0,1,0,1,1,0,0,1,1,1,0,0,0,1,1,0,0,0,NA,3,1,1,Church groups,2,3,2,1,1,2,3,1,1,2,1,1,7,7,1,1,7,1,1,5,6,7,5,5,6,7,6,5,6,6,5,2,2,2,1,1,1,1,1,1,1,1,1,3,1,3,4,4,3,NA,NA,NA,NA,NA,NA,1,1,3,2,1,1,ORANGE,0,0,0,0,0,0,0,0,0,0,0,1,0,0,0,0,0,1,0,0,0,0,0,0,0,0,0,1,1,4,7,6,4,4,4,6,7,7,5,5,1,7,1,1,5,6,1,6,1,5,7,1,1,1,2,1,3,2,1,1,1,0,1,4.222222222222222,4,Probable AUD,1.25,2,1,1,1,5,6,5,2,6,6,2,2,6,2,5,3,7,6,3.6666666666666665,2.3333333333333335,4,0,0,7,41,12,23,31,5,5.75,5.5,6,5.75,0,0,1,1,1,3
1.838235294117647,-0.9644809620148123,0.7845536091435421,11,2025-07-28T17:28:46Z,2025-07-28T17:39:41Z,100,655,1,2025-07-31T21:38:27Z,R_61Fc7OtNo5i5H9u,anonymous,1,1,1,0,0,1,31,Female,0,1,1,0,0,0,0,0,Unemployed and looking,"< $10,000",Less than high school degree,20020,0,0,Never married,Christian,Never,0,NA,NA,NA,NA,NA,NA,NA,Medicaid,1 to 3 years,0,0,0,0,1,0,0,0,1,1,0,1,0,0,0,1-8 hours,0,0,0,0,0,1,0,0,0,0,0,0,0,0,1,0,0,0,0,NA,NA,NA,NA,NA,0,0,0,0,0,0,0,0,0,0,FALSE,1,FALSE,0,0,0,0,0,0,1,They can be more patient and understanding,Parent,Female,62,Long-term physical condition,NA,Lives in their own home,NA,3,3,1,1,3,1,3,1,1,1,1,3,3,4,1,1,3,1,4,4,3,1,1,3,4,1,4,1,0,1,0,0,1,0,0,0,1,1,0,0,0,1,0,1,0,0,1,0,0,NA,6,1,0,1,1,0,1,0,1,1,0,0,1,0,0,1,1,0,0,NA,8,2,0,NA,3,3,3,2,2,2,1,1,1,1,1,1,7,7,1,1,7,1,4,6,5,4,5,5,5,5,4,6,4,5,4,1,1,1,1,1,1,1,1,1,1,1,2,1,1,1,1,1,1,NA,NA,NA,NA,NA,NA,1,1,3,2,1,1,ORANGE,0,0,0,1,0,0,1,1,1,0,2,0,1,1,0,1,1,1,1,0,0,0,1,1,0,0,0,1,1,4,6,7,4,5,3,6,7,2,6,4,4,6,4,5,4,5,4,5,4,6,4,4,3,1,2,1,2,2,1,1,1,0,1,4.222222222222222,4,Probable AUD,1.0833333333333333,1,1,1,1.3333333333333333,7,6,2,2,4,2,2,4,6,4,8,2,7,5,1,1,10,4,12,28,34,11,18,32,4.666666666666666,4.833333333333333,5,4.5,5,1,0,1,1,1,3
1.6025641025641026,-0.9646976454897846,0.6344987209318732,8,2025-07-28T17:28:49Z,2025-07-28T17:39:50Z,100,661,1,2025-07-31T21:38:27Z,R_3BntUtSOsnleRUX,anonymous,1,1,1,0,0,1,41,Female,0,0,0,0,0,0,1,0,Full Time,"$50,000 - $99,999",Some college,44425,0,0,Never married,Christian,Once or twice a year,0,NA,NA,NA,NA,NA,NA,NA,Aetna,1 to 3 years,1,0,1,1,0,0,0,0,1,1,1,1,1,1,0,40+ hours,0,0,0,0,0,1,0,0,1,0,0,0,0,0,0,0,1,0,1,2,3,2,3,2,1,0,0,0,0,0,0,0,1,0,FALSE,0,FALSE,1,0,0,0,0,0,0,Help me with them,Parent,Male,75,Memory problems,NA,Lives with me,NA,2,3,2,1,3,3,3,2,3,4,1,1,3,3,3,3,1,1,3,3,4,2,3,2,3,4,2,1,0,1,0,0,0,1,0,0,0,0,0,0,1,0,0,0,0,0,0,0,0,NA,7,1,0,0,1,1,0,1,1,1,1,0,0,0,1,1,1,0,0,NA,9,2,1,Caregiver support,7,4,3,2,3,4,3,2,2,2,1,1,7,7,1,1,6,1,1,4,5,1,1,5,2,1,1,5,6,1,4,5,5,5,5,5,5,4,4,4,4,5,4,4,5,4,4,5,5,NA,NA,NA,NA,1,NA,1,1,5,1,1,1,ORANGE,1,1,1,1,1,1,2,2,2,0,1,2,0,2,1,2,2,3,2,1,1,1,0,1,2,0,0,1,1,3,4,5,2,3,3,4,5,3,5,4,6,4,4,5,4,5,5,5,3,2,2,1,4,1,1,1,1,1,1,1,1,0,1,3.2222222222222223,3,Probable AUD,4.583333333333333,5,5,4,4.333333333333333,5,6,4,2,6,7,6,7,2,7,6,2,5,4,4.666666666666667,4.333333333333333,26,12,16,28,26,8,14,23,5.111111111111111,3,5,1,3,5,1,1,1,1,3
1.8115942028985508,-0.9661878792459637,0.7333152128463055,9,2025-07-28T17:29:29Z,2025-07-28T17:39:58Z,100,629,1,2025-07-31T21:38:27Z,R_1rdEwH7uuof0i8V,anonymous,1,1,1,1,1,1,39,Female,0,0,0,0,1,0,0,0,Part Time,"$50,000 - $99,999",Bachelor's degree,32808,1,0,Married or living with a partner,Christian,Weekly,1,NA,NA,NA,1,NA,NA,2,CNN,3 to 7 years,0,0,0,1,0,0,0,1,0,0,0,0,0,0,0,21-40 hours,0,1,0,0,0,0,0,1,0,0,0,0,0,0,0,0,1,1,1,3,3,2,2,3,0,0,0,0,0,1,0,0,0,0,FALSE,0,FALSE,0,0,0,0,1,0,0,Nothing,Child,Female,30,Long-term physical condition,NA,Lives in someone else's home,NA,1,2,3,1,1,1,1,2,1,2,3,1,4,4,1,3,2,4,3,2,1,3,3,3,4,3,3,3,0,0,1,0,1,0,0,0,0,0,0,0,0,0,0,0,0,0,0,0,0,NA,5,0,0,0,0,0,0,1,0,0,0,1,0,0,0,0,0,0,0,NA,6,2,1,Nothing,6,5,5,5,4,3,1,2,5,5,4,4,7,6,7,5,6,7,7,7,7,7,6,6,7,7,7,6,7,6,6,2,5,5,5,5,4,5,5,4,5,5,5,5,5,4,5,5,5,NA,NA,NA,1,NA,NA,1,1,2,5,4,4,ORANGE,1,1,1,1,1,1,3,3,2,3,3,3,3,3,3,3,3,2,3,3,3,3,3,3,3,3,3,4,1,7,7,7,6,7,7,6,7,1,7,5,7,7,7,6,5,4,6,7,7,7,6,4,7,4,4,3,4,4,4,4,4,0,1,2.111111111111111,13,Probable AUD,4.583333333333333,4,4.666666666666667,4.666666666666667,5,4,3,5,4,2,5,4,2,3,7,8,7,5,6,5,4.666666666666667,40,42,40,44,41,31,28,34,2.1111111111111107,6.583333333333333,6.75,6.5,6.5,5,1,2,1,1,3
2.1551724137931036,-0.9769520493439843,0.824345590131421,9,2025-07-28T17:28:44Z,2025-07-28T17:40:10Z,100,685,1,2025-07-28T17:40:10Z,R_6Vr1vyv4Lb1mWkh,anonymous,1,1,1,0,0,1,60,Male,0,0,0,1,0,0,0,0,"Not working, not looking","$50,000 - $99,999",Associate's degree,92335,0,1,Widowed,Christian,Weekly,0,NA,NA,NA,NA,NA,NA,NA,Health net,1 to 3 years,0,0,1,1,1,1,0,1,0,1,0,1,1,1,0,9-20 hours,0,0,0,0,0,1,0,0,0,0,0,0,0,0,1,0,0,0,1,2,1,1,3,1,1,0,0,1,0,0,0,1,0,0,FALSE,0,FALSE,0,1,0,1,1,0,0,I think you're being able to support me would be just relay and inform me of different agencies and administrations out there that are available that can help with the process of caregiving.,Parent,Male,82,Long-term physical condition,NA,Lives in their own home,NA,3,3,2,2,3,3,4,1,1,2,1,4,1,3,3,3,2,2,2,1,2,2,2,2,2,3,2,3,0,0,0,0,0,1,0,0,0,0,0,0,0,1,0,0,0,0,0,0,0,NA,4,0,0,0,0,1,1,0,1,1,1,0,0,0,0,1,0,0,0,NA,4,1,0,NA,7,2,3,2,2,3,1,2,2,2,2,1,3,3,1,4,2,3,3,2,5,6,5,4,4,5,5,4,4,4,4,2,2,2,2,1,1,1,1,2,1,1,1,1,1,1,1,2,2,NA,NA,NA,NA,NA,NA,0,0,1,3,2,1,ORANGE,1,1,0,0,0,0,0,0,0,0,0,0,0,0,0,1,1,0,0,0,0,1,0,0,0,0,0,1,1,2,2,1,1,2,1,1,2,6,2,4,2,4,3,3,4,4,1,4,1,5,5,1,1,2,2,1,1,3,1,2,1,1,0,3.888888888888889,6,Probable AUD,1.4166666666666667,2,1.3333333333333333,1.3333333333333333,1,5,7,3,3,6,4,6,3,6,4,5,5,3,4,1.6666666666666667,1,2,0,4,12,30,13,12,8,5.555555555555555,4.333333333333333,3.75,5,4.25,1,0,1,1,1,3
1.2019230769230769,-0.908043070654471,0.6323628705157257,6,2025-07-28T17:29:19Z,2025-07-28T17:40:39Z,100,680,1,2025-07-31T21:38:27Z,R_7ePl5GRBxndbDvw,anonymous,1,1,2,1,2,1,22,Female,1,0,0,0,0,0,0,0,Part Time,"$50,000 - $99,999",Less than high school degree,98122,1,0,Never married,Christian,Once or twice a year,1,NA,NA,NA,1,NA,NA,1,667,1 to 3 years,1,0,0,1,1,0,0,0,0,0,0,1,0,0,0,1-8 hours,0,1,0,0,0,0,0,1,0,0,0,0,1,0,0,0,0,1,1,2,3,2,1,3,0,0,1,0,0,1,0,0,0,0,FALSE,0,FALSE,0,1,0,0,0,0,0,Jack,Spouse,Male,50,Long-term physical condition,NA,Lives in someone else's home,NA,2,4,4,3,4,2,3,3,4,2,2,1,3,4,3,2,4,3,3,4,3,2,3,4,3,2,3,4,0,1,0,0,0,1,0,0,0,0,0,0,0,0,0,0,0,0,0,0,0,NA,7,0,1,0,0,1,0,0,0,0,0,0,0,0,0,0,0,0,0,NA,9,2,0,NA,7,3,5,2,4,5,2,1,4,5,5,7,5,3,7,6,5,7,6,5,7,2,6,4,6,6,7,6,4,6,7,3,5,2,4,5,2,4,3,4,4,4,4,4,4,5,3,3,5,NA,1,NA,NA,NA,NA,1,1,4,2,4,1,ORANGE,0,1,0,0,1,0,2,3,1,3,2,3,3,2,2,3,1,3,2,2,3,2,2,1,3,1,3,3,1,6,3,7,6,3,5,6,7,3,6,5,6,7,4,6,7,4,6,6,7,5,3,6,6,3,4,1,3,4,3,2,4,0,1,2.5555555555555554,7,Probable AUD,3.6666666666666665,3.3333333333333335,3.6666666666666665,3.6666666666666665,4,5,7,7,5,7,5,4,7,5,5,7,7,8,5,3.6666666666666665,4.333333333333333,28,36,30,41,37,24,23,29,2.333333333333333,5.5,5,5.25,6.25,2,0,4,1,1,3
1.0683760683760684,-0.8926226578480797,0.5058173300043307,2,2025-07-28T17:28:58Z,2025-07-28T17:40:51Z,100,713,1,2025-07-28T17:40:52Z,R_7n0jtQFhlkRCUh7,anonymous,1,1,3,1,2,1,26,Female,0,0,1,0,0,0,0,0,Full Time,"$50,000 - $99,999",Some college,02780,2,0,Married or living with a partner,Christian,Weekly,0,NA,NA,NA,NA,NA,NA,NA,Mass health,3 to 7 years,1,0,1,1,0,1,0,0,1,1,0,1,1,1,0,40+ hours,1,0,1,1,0,0,1,1,1,1,0,0,0,0,0,0,1,1,0,NA,NA,NA,NA,NA,1,0,0,0,1,1,0,1,0,0,FALSE,0,FALSE,1,0,1,1,1,0,0,Help with financial matters,Grandpartent,Female,89,Memory problems,NA,Lives with me,NA,4,4,3,4,2,4,3,4,2,4,2,3,1,4,3,3,4,3,2,4,3,3,4,2,3,4,3,4,0,0,0,0,1,1,0,0,0,1,0,0,1,0,1,1,0,0,0,0,0,NA,7,0,0,0,1,1,0,0,1,1,1,0,1,1,1,1,1,0,0,NA,7,2,1,Church,7,1,3,2,1,1,5,2,1,2,7,5,6,4,6,7,5,4,3,7,5,6,2,4,7,2,4,6,7,4,5,5,4,4,5,3,4,5,4,3,2,4,5,5,3,4,5,3,4,1,NA,NA,1,1,NA,0,0,3,3,2,3,ORANGE,1,1,0,1,1,0,3,2,1,2,3,2,0,2,3,1,2,3,0,2,3,1,3,0,1,3,1,4,1,7,5,7,6,7,5,6,4,6,5,7,4,6,1,3,2,4,6,1,4,3,2,1,3,4,2,1,1,2,4,2,1,0,1,4,8,Probable AUD,4,4.333333333333333,4,4,3.6666666666666665,6,7,7,6,5,8,7,5,7,5,7,7,6,6,4,4,28,28,20,22,25,17,31,27,2.7777777777777777,4.916666666666667,5.75,4,5,3,1,5,1,1,3
2.840909090909091,-0.9859815162492417,0.8110202988544045,8,2025-07-28T17:28:30Z,2025-07-28T17:41:53Z,100,803,1,2025-07-28T17:41:53Z,R_5BKAhOnjAXFsdPP,anonymous,1,1,3,1,2,1,41,Male,0,0,0,0,0,0,1,0,Full Time,"$100,000 - $149,999",Bachelor's degree,11221,2,0,Married or living with a partner,Christian,Every month,0,NA,NA,NA,NA,NA,NA,NA,UnitedHealthcare,3 to 7 years,1,0,0,1,0,0,0,1,0,0,1,0,0,0,0,1-8 hours,1,0,0,0,0,0,0,1,0,0,0,0,0,0,0,0,1,1,0,NA,NA,NA,NA,NA,1,0,0,0,0,0,0,1,0,0,FALSE,0,FALSE,0,1,1,0,0,0,0,"Offering practical help — like running errands, preparing meals, or providing respite care so I can take breaks and recharge.

",Spouse,Female,35,Short-term physical condition,NA,Lives with me,NA,4,4,3,4,4,4,4,4,4,4,3,3,3,3,3,3,4,4,4,4,4,4,4,4,4,3,3,3,0,0,1,0,1,1,0,0,1,0,0,0,1,0,0,0,0,0,0,0,0,NA,8,0,0,0,1,1,1,0,0,1,1,0,0,0,1,1,1,0,0,NA,8,2,1,eligious or faith-based groups,9,5,5,4,4,4,5,5,5,5,7,7,7,6,6,6,7,7,7,7,7,7,7,6,6,6,6,7,7,7,7,4,4,4,4,5,4,4,4,4,5,4,4,5,5,4,5,4,5,1,NA,NA,NA,NA,NA,1,1,4,2,4,5,ORANGE,1,1,1,1,1,1,3,3,3,2,2,2,2,2,2,3,3,3,3,3,3,3,2,2,2,2,3,4,1,7,6,6,6,7,7,7,7,2,6,7,7,7,6,6,6,6,7,7,7,6,6,6,6,4,4,4,3,3,3,4,4,1,0,1.333333333333333,11,Probable AUD,4.166666666666667,4,4.333333333333333,4,4.333333333333333,8,8,7,7,7,8,7,8,7,6,7,7,8,7,4.666666666666667,4.666666666666667,36,32,38,45,45,29,29,32,1.333333333333333,6.666666666666667,6.75,6.75,6.5,5,1,5,1,1,3
1.4880952380952381,-0.9568976090771281,0.6911389694033133,5,2025-07-28T17:29:22Z,2025-07-28T17:42:01Z,100,759,1,2025-07-31T21:38:27Z,R_7WNCLKF1EFef2Ce,anonymous,1,1,2,1,2,1,24,Male,0,0,0,0,0,0,1,0,Full Time,"$20,000 - $49,999",High school diploma or equivalent,17901,1,3,Never married,Christian,Weekly,1,NA,1,NA,1,NA,NA,3,Was very amazing,3 to 7 years,0,0,1,0,0,1,0,0,0,1,0,1,0,0,0,Less than 1 hour,1,0,0,1,0,0,0,1,0,0,1,0,1,0,0,0,1,1,1,3,2,3,3,2,0,1,0,0,1,0,0,1,0,0,FALSE,0,FALSE,0,1,0,1,0,0,0,Was very good,Child,Male,25,Behavioral issues,NA,Lives in someone else's home,NA,4,4,3,4,4,3,4,2,3,4,3,3,4,2,4,3,3,3,3,4,4,2,3,3,3,4,3,4,0,1,0,1,0,0,0,1,0,0,1,0,0,0,0,0,0,0,0,0,0,NA,6,0,0,1,0,0,0,1,0,0,1,0,0,1,0,0,1,0,0,NA,8,2,1,Was vsey good,6,5,5,4,5,3,2,5,3,3,6,6,5,6,6,5,4,6,5,6,6,5,5,6,5,4,6,6,5,6,7,3,4,4,4,4,4,5,4,4,5,4,3,3,3,4,4,4,4,1,NA,1,NA,NA,NA,1,1,4,4,3,3,ORANGE,1,1,0,1,1,1,2,2,2,3,3,2,2,3,2,3,2,2,2,1,0,2,3,2,0,2,2,3,1,6,5,5,5,5,1,4,5,2,5,5,5,5,4,5,4,1,4,5,6,6,3,4,4,3,4,2,3,3,4,3,3,1,0,2.111111111111111,10,Probable AUD,4,3.6666666666666665,4,4.333333333333333,4,7,8,5,7,8,7,6,7,6,8,5,7,7,5,4,3.3333333333333335,28,22,34,32,29,25,19,24,2.5555555555555554,5.583333333333333,5.75,5.5,5.5,4,1,4,1,1,3
2.717391304347826,-0.9714202133935096,0.931918053710835,16,2025-07-28T17:28:43Z,2025-07-28T17:42:05Z,100,801,1,2025-07-31T21:38:27Z,R_15GYEq6cmYmeFk1,anonymous,1,1,3,0,0,1,32,Male,0,0,1,0,0,0,0,0,Full Time,"$50,000 - $99,999",High school diploma or equivalent,07001,1,0,Never married,Christian,Once or twice a year,0,NA,NA,NA,NA,NA,NA,NA,Medicaid,1 to 3 years,0,1,0,0,1,1,0,0,1,1,0,1,0,0,0,21-40 hours,0,0,0,0,0,1,0,0,0,0,0,0,0,0,1,0,1,0,0,NA,NA,NA,NA,NA,0,0,0,0,0,0,0,0,1,0,FALSE,0,FALSE,0,0,0,1,0,1,0,Nothing at all,Friend,Male,58,Long-term physical condition,NA,Nursing care or long-term care facility,NA,3,3,2,2,2,2,2,1,2,2,2,2,2,2,2,2,2,2,2,2,2,2,2,2,2,2,2,2,0,0,0,0,1,1,0,0,1,0,0,0,0,0,0,0,0,0,0,0,0,NA,7,0,0,0,1,1,1,0,0,0,1,0,0,1,0,1,1,0,0,NA,7,1,1,Nfl,6,3,3,4,4,3,3,3,3,3,2,1,6,7,1,1,7,1,1,4,4,4,4,4,4,4,4,4,4,4,4,1,1,1,1,4,3,1,1,1,1,1,1,3,3,3,3,3,3,1,NA,NA,NA,NA,NA,0,0,3,3,2,3,ORANGE,0,0,0,0,0,0,0,1,0,0,0,0,0,0,0,1,0,0,0,0,0,0,0,0,0,0,0,1,1,4,4,4,5,4,5,4,4,4,4,4,4,2,2,3,4,2,1,7,1,7,4,1,1,2,2,1,2,4,1,3,1,1,0,2.7777777777777777,8,Probable AUD,1.4166666666666667,1,2.6666666666666665,1,1,5,5,3,4,4,4,4,4,4,4,4,4,4,4,3,3,0,2,2,13,30,16,22,20,5,4,4,4,4,0,0,3,1,1,3
1.4880952380952381,-0.9837894424078522,0.7527830294423703,5,2025-07-28T17:29:07Z,2025-07-28T17:42:47Z,100,819,1,2025-07-28T17:42:47Z,R_5ebXez0Hv8lQHgl,anonymous,1,1,1,1,1,1,30,Male,0,0,0,0,0,0,1,0,Full Time,"$50,000 - $99,999",Some college,12203,1,0,Never married,Christian,Never,0,NA,NA,NA,NA,NA,NA,NA,Blue cross Boue shield,3 to 7 years,1,0,0,1,1,1,0,0,1,1,0,1,1,1,0,9-20 hours,1,0,0,0,0,0,1,0,1,0,0,0,0,0,0,0,0,0,0,NA,NA,NA,NA,NA,1,0,0,1,1,0,0,1,0,0,FALSE,0,FALSE,1,1,0,0,1,0,0,By providing me more help with caregiving duties,Parent,Female,68,Memory problems,NA,Lives in their own home,NA,2,3,2,3,3,2,2,3,3,2,3,2,2,3,3,2,3,2,3,2,3,3,2,3,2,3,2,2,0,0,0,0,1,0,0,0,1,0,0,1,0,0,0,0,0,0,0,0,0,NA,3,0,1,0,1,1,0,0,0,1,1,0,0,0,1,1,0,0,0,NA,5,1,0,NA,6,2,3,3,4,4,2,3,3,3,2,5,2,5,5,3,5,2,5,5,6,4,3,5,7,7,5,6,4,6,7,2,3,3,3,4,3,4,3,3,4,4,4,4,5,4,4,5,4,1,NA,NA,NA,NA,NA,0,0,3,3,3,2,ORANGE,0,0,0,1,0,1,1,0,0,0,1,2,1,0,1,2,1,1,1,2,2,1,0,1,2,2,1,1,1,7,5,5,4,4,4,5,5,4,5,4,3,5,3,2,3,4,2,5,2,4,4,2,2,1,1,1,1,2,1,1,1,1,0,3,8,Probable AUD,3.3333333333333335,2.6666666666666665,3.3333333333333335,3.3333333333333335,4,5,5,5,6,6,4,4,6,5,5,5,4,5,5,4.333333333333333,4.333333333333333,16,16,12,16,29,9,23,25,4.222222222222222,5.416666666666667,5,4.5,6.75,2,0,2,1,1,3
1.4367816091954022,-0.975266271889424,0.8575204325136936,16,2025-07-28T17:28:58Z,2025-07-28T17:42:48Z,100,830,1,2025-07-28T17:42:49Z,R_3uFC3KOzcpmjGfv,anonymous,1,1,1,1,1,1,23,Male,0,0,1,0,0,0,0,0,Full Time,"$20,000 - $49,999",Less than high school degree,07017,1,0,Never married,Christian,Never,0,NA,NA,NA,NA,NA,NA,NA,Medicaid,Less than one year,1,0,1,1,1,1,0,0,1,1,1,1,1,1,0,1-8 hours,1,0,0,0,0,0,1,0,0,0,0,0,0,0,0,0,0,0,0,NA,NA,NA,NA,NA,1,1,0,0,0,1,0,0,0,0,FALSE,0,FALSE,1,1,0,0,1,0,0,I don’t have anything to say on the matter,Grandpartent,Female,65,Memory problems,NA,Lives with me,NA,3,2,2,3,2,3,4,2,3,4,2,2,4,3,2,4,2,3,2,4,3,2,2,4,3,2,3,4,0,0,0,0,0,0,0,0,1,0,0,0,0,0,0,0,0,0,0,0,0,NA,4,0,1,0,1,1,0,0,0,0,1,0,0,1,1,1,1,0,0,NA,9,2,0,NA,6,2,1,3,2,1,2,1,2,2,5,7,5,6,7,7,6,5,7,6,6,5,7,6,6,7,5,6,6,7,6,2,3,5,1,4,1,1,1,1,3,4,1,3,3,3,2,3,2,1,NA,NA,NA,NA,NA,0,0,3,1,1,1,ORANGE,0,0,0,1,1,0,2,1,2,2,1,0,0,0,0,0,0,0,0,0,0,0,0,0,0,0,0,1,1,6,5,5,3,4,6,4,6,3,6,7,5,5,1,1,1,5,1,6,1,5,3,1,1,2,2,1,1,4,1,2,1,1,0,4.222222222222222,3,Not detected,2.25,3.3333333333333335,2,1,2.6666666666666665,5,6,4,5,4,6,7,6,4,6,6,7,8,5,2.3333333333333335,3,4,6,6,11,32,14,22,26,1.8888888888888893,6.083333333333333,6,6,6.25,2,0,2,1,1,3
2.450980392156863,-0.9969113050287071,0.9094940405641835,18,2025-07-28T17:28:29Z,2025-07-28T17:43:27Z,100,898,1,2025-07-28T17:43:27Z,R_5EpdoIfMyfb1u7Z,anonymous,1,1,1,0,0,1,44,Female,1,0,0,0,0,0,0,0,"Not working, not looking","$50,000 - $99,999",Associate's degree,91324,2,0,Married or living with a partner,Atheist/Agnostic,Never,0,NA,NA,NA,NA,NA,NA,NA,WellCare,Less than one year,0,0,0,0,0,0,1,0,0,1,0,1,1,0,0,9-20 hours,0,0,0,0,0,1,0,0,0,0,0,0,0,0,1,0,0,0,0,NA,NA,NA,NA,NA,0,0,0,0,0,0,0,0,0,0,FALSE,1,FALSE,0,0,0,0,0,0,1,Just be neighborly which is not thought of in this community,Other family member,Female,64,Short-term physical condition,NA,Lives in their own home,NA,1,1,1,1,1,1,1,1,1,1,1,1,1,1,1,1,1,1,2,1,1,1,1,3,1,1,2,2,0,0,0,0,0,0,0,0,0,0,0,0,0,0,0,0,0,1,0,0,0,NA,2,0,0,0,1,0,0,0,0,0,0,0,0,0,0,1,0,0,0,NA,2,1,0,NA,9,3,3,2,3,3,3,3,3,3,4,2,5,6,4,4,4,4,4,6,6,6,6,7,6,7,6,5,5,5,6,2,2,2,2,2,1,1,3,2,2,2,1,2,2,2,1,2,2,NA,NA,NA,NA,NA,NA,0,0,1,1,1,1,ORANGE,0,0,0,0,0,0,1,0,0,0,0,0,0,0,0,0,1,1,1,0,0,0,0,0,0,0,0,1,1,6,5,5,6,6,7,6,6,7,4,7,3,6,2,4,7,7,3,6,2,6,6,2,2,2,3,1,1,2,1,1,1,0,1,3.111111111111111,3,Probable AUD,1.8333333333333333,2,1.6666666666666667,2,1.6666666666666667,3,2,2,2,2,2,2,2,2,2,2,3,4,3,1.6666666666666667,2,6,0,2,18,45,12,32,26,3.8888888888888893,5.916666666666667,6,5.75,6,0,0,1,1,1,3
1.288659793814433,-0.966039387809331,0.6953149705648443,5,2025-07-28T17:29:54Z,2025-07-28T17:43:32Z,100,818,1,2025-07-31T21:38:27Z,R_7IDUJP4xiJBfBe3,anonymous,1,1,2,1,2,1,40,Male,0,0,0,0,0,0,1,0,Full Time,"$100,000 - $149,999",Bachelor's degree,37013,2,0,Married or living with a partner,Muslim,Every month,1,NA,1,NA,NA,NA,NA,2,CIGNA,3 to 7 years,0,0,1,1,0,0,0,0,0,0,1,0,0,0,0,9-20 hours,1,0,0,1,0,0,1,0,0,1,0,0,1,0,0,0,0,0,1,2,3,3,2,2,0,1,0,1,0,0,0,1,0,0,FALSE,0,FALSE,1,0,0,1,0,0,0,AMONG MOST CARRIVER,Spouse,Female,35,Long-term physical condition,NA,Lives with me,NA,3,2,4,4,3,4,3,2,4,3,4,4,3,3,3,3,4,4,3,3,4,4,3,3,4,3,3,4,1,1,1,0,1,1,0,0,1,1,0,0,1,1,0,0,0,0,1,0,0,NA,8,0,1,0,1,1,0,0,0,0,1,0,0,0,1,1,1,0,0,NA,7,2,1,2,6,4,4,5,5,4,3,5,4,4,5,7,6,4,5,7,6,5,6,6,5,6,6,7,7,6,5,7,6,4,6,4,3,5,4,4,3,4,5,4,3,4,5,4,5,4,4,4,5,1,1,NA,1,1,NA,0,0,2,3,2,4,ORANGE,0,1,1,0,1,1,2,1,2,3,2,2,3,3,1,2,3,2,3,2,3,2,2,3,2,1,2,3,1,5,4,6,5,6,4,6,5,1,6,6,5,6,7,5,6,5,6,7,5,6,7,6,6,3,2,3,4,4,3,3,3,1,0,1.7777777777777777,9,Probable AUD,4,4,3.6666666666666665,4.333333333333333,4,6,5,6,8,6,6,7,8,8,6,7,8,6,7,4.333333333333333,4.333333333333333,34,28,30,40,43,25,21,27,2.333333333333333,5.916666666666667,6,5.25,6.5,4,0,4,1,1,3
1.838235294117647,-0.9878143341394989,0.9141664870289786,7,2025-07-28T17:29:31Z,2025-07-28T17:43:45Z,100,853,1,2025-07-31T21:38:27Z,R_1xEkFBcJZfdvIRv,anonymous,1,1,1,0,0,1,62,Female,0,0,0,0,0,0,1,0,Disabled or retired and not looking,"$20,000 - $49,999",High school diploma or equivalent,17408,0,2,Married or living with a partner,Christian,Never,0,NA,NA,NA,NA,NA,NA,NA,Blue cross,3 to 7 years,0,0,0,0,0,0,1,0,0,1,0,0,1,1,0,1-8 hours,1,1,0,0,0,0,0,0,0,0,0,0,1,0,0,0,0,0,0,NA,NA,NA,NA,NA,1,1,0,0,0,0,1,1,0,0,FALSE,0,FALSE,1,0,0,0,0,1,0,Not sure what help is out there,Other family member,Male,91,Emotional or mental health issue,NA,Lives in their own home,NA,2,2,3,1,3,3,3,3,2,3,1,4,2,3,3,3,3,4,3,3,4,3,3,4,4,1,4,4,0,0,0,0,0,1,0,0,1,1,0,0,0,0,0,0,0,0,0,0,0,NA,2,0,0,0,1,0,1,0,1,0,0,0,0,0,0,1,0,0,0,NA,9,2,0,NA,6,4,4,3,4,5,3,4,3,5,1,1,7,7,1,1,7,1,1,7,7,7,7,7,7,7,6,7,7,7,7,5,5,5,5,4,4,2,2,2,3,3,3,1,1,1,3,4,4,NA,NA,NA,NA,NA,NA,0,0,3,2,1,1,ORANGE,0,0,0,0,0,0,3,2,2,1,1,1,1,0,0,1,0,0,1,0,1,1,1,0,1,0,0,1,1,7,7,7,6,6,7,6,7,7,1,5,4,7,1,1,7,7,4,7,2,7,7,2,3,3,2,1,3,2,1,1,1,0,1,2.111111111111111,4,Probable AUD,3.5833333333333335,5,4.333333333333333,2,3,5,5,6,2,6,6,6,6,7,3,7,8,7,7,3.6666666666666665,1,8,12,14,17,47,14,33,28,5,6.916666666666667,7,6.75,7,0,0,1,1,1,3
1.7361111111111112,-0.9754931734504547,0.6304945225280087,10,2025-07-28T17:29:03Z,2025-07-28T17:44:30Z,100,926,1,2025-07-31T21:38:27Z,R_3oAtmc7wyKrf3x8,anonymous,1,1,1,0,0,1,71,Female,0,0,0,0,0,0,1,0,Disabled or retired and not looking,"$50,000 - $99,999",Associate's degree,32163,0,2,Married or living with a partner,Christian,Once or twice a year,0,NA,NA,NA,NA,NA,NA,NA,United Healthcare,Less than one year,1,0,0,0,0,0,0,1,1,1,1,1,1,1,0,40+ hours,0,0,0,0,0,1,0,0,0,0,0,0,0,0,0,1,0,0,0,NA,NA,NA,NA,NA,0,1,0,1,0,0,0,0,1,0,FALSE,0,FALSE,1,0,0,0,0,0,0,Have places we can go together to get some exercise.,Spouse,Male,76,Memory problems,NA,Lives with me,NA,1,2,1,1,1,1,2,1,1,1,1,2,3,3,1,1,1,1,4,3,1,1,1,3,2,1,2,1,0,1,0,0,1,0,0,0,0,1,0,0,0,1,0,0,0,0,0,0,0,NA,5,0,0,0,1,0,0,1,0,0,0,0,0,0,0,1,0,0,0,NA,4,2,1,Clubs,3,3,3,3,3,3,3,3,3,3,4,2,5,4,1,4,4,1,4,1,1,3,2,1,2,4,2,1,1,1,2,4,4,4,3,2,1,2,2,2,3,2,2,1,1,1,5,4,3,NA,NA,NA,NA,NA,NA,0,0,2,2,1,1,ORANGE,0,0,0,0,0,0,1,0,1,0,2,1,0,0,1,1,0,1,1,1,0,0,1,1,0,0,0,1,1,5,4,5,5,4,3,5,5,5,3,4,4,5,4,1,4,5,2,4,4,4,3,4,4,1,1,1,1,2,1,1,1,0,1,3,4,Probable AUD,2.5833333333333335,4,2,2,2.3333333333333335,5,4,2,2,2,2,2,2,3,4,5,2,6,3,4,1,10,2,12,23,29,9,22,22,4.777777777777778,1.75,1,2,2.25,0,0,1,1,1,3
1.4204545454545454,-0.9546650249088698,0.8552732775538693,7,2025-07-28T17:28:06Z,2025-07-28T17:44:31Z,100,984,1,2025-07-28T17:44:31Z,R_6yZXWWoQDm0I8jT,anonymous,1,1,1,0,0,1,68,Female,0,0,0,0,0,0,1,0,Disabled or retired and not looking,"$10,000 - $19,999",Less than high school degree,48152,0,2,Divorced/Separated,Christian,Once or twice a year,0,NA,NA,NA,NA,NA,NA,NA,Humana,1 to 3 years,0,0,0,0,0,0,1,0,0,1,0,1,1,1,0,9-20 hours,0,0,0,0,0,1,0,0,0,0,0,0,0,0,0,1,0,0,0,NA,NA,NA,NA,NA,0,0,0,0,0,0,0,0,0,0,FALSE,1,FALSE,0,0,0,0,0,0,1,Just be there when I need help,Parent,Female,99,NA,Old age,Lives in their own home,NA,3,1,1,1,2,1,2,1,1,2,1,2,1,1,2,1,2,2,3,3,1,1,2,3,2,1,1,2,0,0,0,0,0,0,0,0,0,0,0,0,0,0,0,0,0,0,0,0,1,Newsbreak,5,0,0,0,1,1,0,1,0,0,0,0,0,0,0,0,0,0,0,NA,8,2,1,Sharing is caring,7,3,4,3,2,2,2,2,2,1,3,1,7,7,1,2,6,2,2,7,6,3,4,5,6,7,5,7,6,4,6,4,2,3,3,3,1,2,2,4,2,2,2,1,1,2,4,4,3,NA,NA,NA,NA,NA,NA,0,0,2,2,1,2,ORANGE,1,0,0,0,0,0,0,2,1,0,2,1,2,0,1,0,1,0,1,1,0,0,0,1,0,1,0,1,1,5,4,4,4,4,4,4,4,6,4,4,4,4,2,3,4,6,2,4,1,3,3,3,3,4,3,4,2,3,1,1,1,0,1,3.6666666666666665,5,Probable AUD,2.5,3,2.3333333333333335,2.6666666666666665,2,6,3,2,2,4,4,2,2,4,2,3,4,6,2,3.6666666666666665,1.3333333333333333,8,12,8,18,28,19,23,20,4.555555555555555,5.5,6,4,6.5,0,0,1,1,1,3
1.4204545454545454,-0.9477776603126626,0.5343929470277505,5,2025-07-28T17:29:20Z,2025-07-28T17:44:34Z,100,914,1,2025-07-28T17:44:34Z,R_5Eg0EgUomNifUJr,anonymous,1,1,1,0,0,1,32,Female,0,0,0,0,0,0,1,0,Full Time,"$20,000 - $49,999",High school diploma or equivalent,46142,2,0,Married or living with a partner,Christian,Never,0,NA,NA,NA,NA,NA,NA,NA,Blue cross blue shield,1 to 3 years,1,1,1,1,1,1,0,1,1,1,0,1,1,0,0,1-8 hours,1,0,0,1,0,0,1,0,0,0,0,0,0,0,0,0,0,0,0,NA,NA,NA,NA,NA,0,1,0,0,0,1,0,0,0,0,FALSE,0,FALSE,1,0,0,0,1,0,0,Provide financial assistance,Parent,Male,62,Long-term physical condition,NA,Lives in their own home,NA,2,3,4,1,1,3,3,2,2,1,1,2,2,2,1,2,2,2,3,3,2,3,1,2,3,1,3,1,0,0,0,0,0,0,0,0,1,1,0,0,0,0,0,0,0,1,0,0,0,NA,4,0,0,0,1,1,0,1,0,0,1,0,0,0,0,1,0,0,0,NA,6,1,0,NA,6,4,3,2,3,3,4,2,3,2,2,1,7,7,1,1,7,2,1,2,3,1,1,2,1,1,3,1,2,1,1,4,4,2,4,2,1,1,2,2,2,2,2,4,2,2,4,4,4,1,NA,1,NA,1,NA,1,1,4,2,1,2,ORANGE,0,0,0,0,0,0,2,1,2,1,2,2,1,2,1,1,2,2,3,2,2,1,1,2,1,2,1,1,1,2,7,7,2,5,2,5,6,2,6,4,4,5,4,5,5,3,5,2,5,3,5,4,6,2,3,1,2,3,1,1,1,0,1,3.111111111111111,5,Probable AUD,2.3333333333333335,3.3333333333333335,2.3333333333333335,1.6666666666666667,2,5,6,6,2,2,2,5,4,4,3,5,3,5,6,4,2.6666666666666665,28,18,22,33,27,14,13,31,4.777777777777778,1.5833333333333333,2.25,1.5,1,0,0,1,1,1,3
1.3736263736263736,-0.9628331781316884,0.7778192991311987,5,2025-07-28T17:28:31Z,2025-07-28T17:45:05Z,100,994,1,2025-07-28T17:45:06Z,R_5SCRbQ9lzUq8SZv,anonymous,1,1,1,1,1,1,41,Male,0,0,0,0,0,0,1,0,Full Time,"$50,000 - $99,999",Bachelor's degree,83642,2,0,Married or living with a partner,Christian,Once or twice a year,0,NA,NA,NA,NA,NA,NA,NA,UnitedHealthCare,Less than one year,1,0,1,0,1,0,0,0,1,1,0,1,0,1,0,9-20 hours,0,1,1,0,1,0,0,1,0,1,0,1,0,0,0,0,1,0,0,NA,NA,NA,NA,NA,1,0,1,1,0,1,0,0,1,0,FALSE,0,FALSE,1,0,1,1,1,1,0,everyone should me more friendly and more careful to them...it it will be much more helpful..,Spouse,Female,34,Emotional or mental health issue,NA,Lives in their own home,NA,2,3,3,2,4,3,2,2,3,3,4,3,2,3,2,3,3,4,3,2,3,2,3,4,3,2,3,3,0,1,1,0,0,1,0,0,1,0,0,0,1,0,0,0,0,0,1,0,0,NA,7,0,0,1,1,1,1,0,1,0,1,0,0,0,1,1,1,0,0,NA,7,2,1,Community Connect,7,1,2,2,3,4,4,2,3,1,4,5,6,6,6,5,6,5,6,5,5,6,7,6,5,4,5,4,5,5,7,3,4,4,5,3,3,4,4,3,2,3,4,4,4,5,4,4,5,1,1,NA,1,NA,NA,1,0,3,3,2,2,ORANGE,0,1,1,0,1,1,1,2,2,3,2,1,2,2,3,2,1,2,2,3,2,2,2,2,2,3,3,2,1,4,5,5,6,6,7,6,6,2,5,4,5,6,5,5,7,7,5,4,4,5,6,7,6,3,3,4,3,2,2,3,4,1,0,3.5555555555555554,7,Probable AUD,3.5,3.6666666666666665,3.6666666666666665,3.6666666666666665,3,5,5,5,6,6,6,6,6,6,4,6,7,6,5,4.333333333333333,4.333333333333333,24,34,30,37,39,24,25,27,2.5555555555555554,5.333333333333333,5.25,5.75,5,4,0,2,1,1,3
1.3736263736263736,-0.9404774526979583,0.6954495858242432,6,2025-07-28T17:29:49Z,2025-07-28T17:45:17Z,100,927,1,2025-07-28T17:45:18Z,R_6P7CXTXdIKOd7BS,anonymous,1,1,2,1,1,1,25,Female,0,0,0,0,0,0,1,0,Part Time,"$50,000 - $99,999",Associate's degree,11358,1,1,Married or living with a partner,Christian,Weekly,0,NA,NA,NA,NA,NA,NA,NA,Hrealthcare,1 to 3 years,0,1,1,1,0,0,0,0,0,0,1,1,1,0,0,9-20 hours,0,0,1,0,0,0,0,0,1,0,0,0,1,0,0,0,1,1,0,NA,NA,NA,NA,NA,1,0,1,0,0,1,0,0,0,0,FALSE,0,FALSE,1,1,0,0,0,0,0,"Yes h
They can fo anything",Spouse,Female,55,Long-term physical condition,NA,Lives with me,NA,2,4,4,2,2,3,3,4,4,2,4,3,3,4,3,3,2,1,2,4,3,3,3,3,3,4,3,1,0,1,1,0,0,0,0,0,0,0,0,0,0,0,0,0,0,0,0,0,0,NA,6,0,0,0,1,0,1,0,0,0,0,0,0,0,0,0,0,0,0,NA,6,2,0,NA,7,3,3,1,4,1,4,5,3,2,4,6,6,4,6,4,5,4,5,3,6,6,5,7,6,5,5,6,5,5,6,3,2,2,2,2,2,1,1,3,3,4,4,2,2,4,4,5,4,NA,1,NA,NA,NA,NA,1,0,3,3,1,3,ORANGE,1,0,1,0,0,1,1,2,2,0,2,2,3,3,1,0,1,3,2,1,1,0,0,2,1,2,2,1,1,5,5,6,6,5,6,5,4,1,6,4,5,5,6,6,4,5,5,5,4,7,4,6,5,2,4,3,4,3,4,2,3,0,1,3.111111111111111,7,Probable AUD,2.4166666666666665,2.3333333333333335,2,1.6666666666666667,3.6666666666666665,4,7,8,6,5,5,6,7,5,7,7,2,7,6,4.333333333333333,2.6666666666666665,26,20,16,37,34,25,23,26,3.1111111111111107,5.416666666666667,5.25,5.25,5.75,2,0,3,1,1,3
1.2135922330097086,-0.9672195022198928,0.6613153447215595,3,2025-07-28T17:28:49Z,2025-07-28T17:46:06Z,100,1036,1,2025-07-28T17:46:06Z,R_745zlrwCEpGRuRC,anonymous,1,1,1,1,1,1,30,Male,0,0,0,0,0,0,1,0,Full Time,"$100,000 - $149,999",Bachelor's degree,95203,1,0,Married or living with a partner,Christian,Weekly,0,NA,NA,NA,NA,NA,NA,NA,Anthem blue Cross,1 to 3 years,0,0,1,0,0,0,0,0,0,0,0,1,1,0,0,1-8 hours,0,1,0,0,0,0,0,0,0,0,0,1,0,0,0,0,1,0,0,NA,NA,NA,NA,NA,1,0,0,1,0,0,1,0,0,0,FALSE,0,FALSE,0,0,1,0,0,0,0,Caregiving can be a demanding and isolating experience.,Child,Male,6,Emotional or mental health issue,NA,Lives in someone else's home,NA,4,3,4,4,3,2,3,3,4,3,2,3,4,4,4,3,3,3,4,2,3,3,4,4,2,3,4,3,0,0,0,0,0,1,0,0,0,0,0,0,1,0,0,0,0,0,0,0,0,NA,3,0,0,0,1,1,0,0,0,0,1,0,0,0,1,1,1,0,0,NA,5,2,0,NA,2,1,1,2,1,2,3,2,2,1,7,4,6,7,6,6,7,5,6,7,6,7,7,5,4,5,6,6,7,3,4,4,5,4,3,4,5,5,3,4,5,3,4,5,4,5,4,5,5,NA,NA,NA,NA,NA,1,1,0,1,3,2,1,ORANGE,1,0,0,1,1,0,3,2,2,1,0,1,2,3,3,2,3,1,2,2,3,2,1,2,2,3,2,1,1,7,6,5,6,7,4,5,7,5,4,6,4,5,6,7,4,5,6,6,4,6,7,5,4,3,4,3,4,2,3,4,3,1,0,4.333333333333333,6,Probable AUD,4.083333333333333,4.333333333333333,4,4,4,8,6,7,6,7,7,5,7,6,7,6,6,6,7,4.666666666666667,4.666666666666667,30,32,22,36,39,26,29,27,2,5.583333333333333,6.25,5.75,4.75,2,0,2,1,1,3
1.4204545454545454,-0.9857756894128306,0.8084125068438999,6,2025-07-28T17:29:33Z,2025-07-28T17:46:22Z,100,1008,1,2025-07-28T17:46:22Z,R_5kByUArtfh6v3Zr,anonymous,1,1,1,1,1,1,49,Male,0,0,0,0,0,0,1,0,Full Time,"$100,000 - $149,999",Bachelor's degree,48879,2,1,Married or living with a partner,Christian,Weekly,0,NA,NA,NA,NA,NA,NA,NA,aaa family,1 to 3 years,0,0,1,1,1,0,0,1,0,1,1,1,0,0,0,9-20 hours,1,0,0,0,0,0,0,0,0,0,0,0,0,0,1,0,0,1,0,NA,NA,NA,NA,NA,1,0,0,0,0,0,0,1,1,0,FALSE,0,FALSE,0,1,0,0,0,0,0,to support him by taking care of him,Spouse,Male,65,Short-term physical condition,NA,Lives in their own home,NA,3,3,2,4,4,2,4,2,1,3,3,4,2,3,4,4,2,3,4,3,1,1,2,4,4,1,4,1,0,1,1,0,0,1,0,0,0,0,0,0,0,0,0,0,0,0,0,0,0,NA,5,0,0,0,1,1,0,0,0,0,0,0,0,0,0,0,0,0,0,NA,6,1,0,NA,9,1,2,1,1,2,1,2,2,1,5,6,7,5,6,7,5,7,5,7,7,6,6,7,7,5,6,7,7,7,7,2,2,2,1,5,4,2,4,1,1,1,1,4,4,4,4,4,4,NA,1,NA,NA,NA,NA,0,0,2,3,2,3,ORANGE,0,0,0,1,1,0,2,2,1,2,2,3,2,1,2,1,1,2,3,3,1,1,3,1,2,1,1,1,1,7,7,6,6,6,5,7,5,3,6,7,5,6,6,7,6,5,5,6,5,6,7,6,5,3,4,2,3,3,4,3,3,1,0,4.555555555555555,8,Probable AUD,2.1666666666666665,2,3.3333333333333335,2.3333333333333335,1,7,7,4,7,8,5,6,2,6,3,7,4,7,5,4,4,26,24,24,39,43,25,27,31,2.1111111111111107,6.583333333333333,7,6.25,6.5,2,0,2,1,1,3
2.0833333333333335,-0.986855758168523,0.7219499704668217,11,2025-07-28T17:29:34Z,2025-07-28T17:46:23Z,100,1009,1,2025-07-31T21:38:27Z,R_515PuDGqdIsAM8Q,anonymous,1,1,2,1,1,1,44,Female,0,0,0,0,0,0,1,0,Full Time,"$100,000 - $149,999",High school diploma or equivalent,34983,1,1,Married or living with a partner,Other,Once or twice a year,0,NA,NA,NA,NA,NA,NA,NA,Humanna,3 to 7 years,1,1,1,1,1,1,0,1,1,1,1,1,1,1,0,40+ hours,1,1,1,1,1,0,1,0,1,0,1,0,0,0,0,0,1,0,0,NA,NA,NA,NA,NA,0,1,0,0,0,0,1,0,1,0,FALSE,0,FALSE,0,0,0,0,1,1,0,More programs for care givers that can help take stress off of them.Certified care givers that can come to home free of charge for a few hours a month to help while the in home care giver gets a break. Care giver support groups .,Parent,Female,70,Memory problems,NA,Lives with me,NA,3,2,4,1,3,2,2,2,1,2,2,2,3,2,2,2,2,2,2,3,2,2,2,2,3,2,3,3,0,1,0,0,1,0,0,0,1,1,0,0,0,1,0,0,0,0,0,0,0,NA,3,0,0,0,1,1,0,0,0,0,1,0,0,0,0,1,1,0,0,NA,7,2,1,St lucie county,5,5,5,5,5,5,5,4,5,5,4,4,5,5,5,5,6,6,5,3,4,4,3,5,5,6,5,5,4,4,4,5,5,5,5,5,5,5,5,5,5,5,4,4,4,3,3,4,4,NA,NA,NA,NA,NA,NA,1,0,5,2,2,1,ORANGE,1,1,1,1,1,1,3,3,3,3,3,3,2,3,2,2,2,2,2,2,1,2,2,2,2,2,2,1,1,7,5,6,6,5,5,5,6,3,5,4,3,3,3,5,5,5,4,4,5,5,3,6,4,1,1,1,2,3,2,3,2,0,1,1.1111111111111107,5,Probable AUD,4.916666666666667,5,5,5,4.666666666666667,5,4,6,3,5,4,4,3,4,5,5,5,5,5,3.6666666666666665,3.6666666666666665,34,30,32,30,29,15,26,27,3,4.333333333333333,4,4,5,5,1,3,1,1,3
2.0833333333333335,-0.9929292950090357,0.8846699691796933,9,2025-07-28T17:28:33Z,2025-07-28T17:47:34Z,100,1140,1,2025-07-28T17:47:34Z,R_1ejio1jJTCo5m9P,anonymous,1,1,1,1,1,1,33,Male,0,0,1,0,0,0,0,0,Full Time,"$100,000 - $149,999",Bachelor's degree,36693,2,0,Never married,Christian,Weekly,0,NA,NA,NA,NA,NA,NA,NA,blue cross blue shield,1 to 3 years,1,0,1,1,1,1,0,0,1,1,1,1,1,0,0,9-20 hours,0,0,0,0,0,1,1,0,0,0,0,0,0,0,0,0,1,1,0,NA,NA,NA,NA,NA,0,1,0,0,1,0,1,0,1,0,FALSE,0,FALSE,1,0,0,0,1,0,0,They can offer more programs and education on how to be a caregiver,Grandpartent,Female,73,Long-term physical condition,NA,Lives in their own home,NA,2,2,1,1,2,1,3,1,1,3,1,3,1,3,3,1,3,2,2,4,2,3,3,3,3,1,4,1,0,1,1,0,1,0,0,0,1,0,0,0,0,0,0,0,0,0,1,0,0,NA,7,1,0,1,1,1,0,0,0,1,1,0,0,0,0,1,1,0,0,NA,8,2,1,habitat for humanity,9,2,2,1,1,1,2,2,2,2,1,1,6,6,1,6,6,1,1,5,5,6,6,6,5,5,5,6,6,6,6,2,2,2,1,4,4,1,1,1,1,1,1,2,1,1,2,1,1,1,NA,NA,NA,1,NA,0,0,2,3,2,3,ORANGE,0,0,0,0,0,0,1,1,0,0,1,0,0,0,0,0,1,1,0,0,0,0,0,0,0,0,0,1,1,6,5,5,5,6,5,5,5,6,4,7,1,6,1,1,7,6,1,6,1,6,6,1,1,2,4,1,3,3,1,2,1,1,0,4.333333333333333,8,Probable AUD,1.75,2,3,1,1,4,5,2,2,5,6,2,3,6,2,6,3,7,7,1.3333333333333333,1.3333333333333333,6,2,2,7,44,17,28,24,4.777777777777778,5.583333333333333,5.5,5.75,5.5,0,0,2,1,1,3
1.5822784810126582,-0.9869746517557184,0.8675298933917167,10,2025-07-28T17:28:47Z,2025-07-28T17:47:52Z,100,1144,1,2025-07-31T21:38:27Z,R_7Igvyu29TCES1yU,anonymous,1,1,1,1,1,1,37,Male,0,0,1,0,0,0,0,0,Full Time,"$50,000 - $99,999",Associate's degree,55123,2,0,Married or living with a partner,Christian,Never,0,NA,NA,NA,NA,NA,NA,NA,Bluecross Bluesheild,1 to 3 years,0,1,0,1,1,1,0,1,0,1,1,0,1,1,0,9-20 hours,1,0,0,0,0,0,1,0,1,0,0,0,0,0,0,0,0,1,0,NA,NA,NA,NA,NA,0,1,1,1,0,1,0,1,0,0,FALSE,0,FALSE,1,1,1,0,0,1,0,There is nothing that I can think of,Parent,Female,66,Short-term physical condition,NA,Nursing care or long-term care facility,NA,2,3,1,2,1,1,3,1,4,1,1,3,2,4,1,1,2,1,3,4,2,3,1,4,4,2,3,1,1,1,1,0,1,1,0,0,1,1,1,0,0,1,1,0,0,0,0,0,0,NA,3,0,0,1,1,1,1,1,1,1,1,0,0,0,1,1,1,0,0,NA,2,2,1,Black fathers,6,3,3,3,3,3,3,3,3,3,3,4,5,5,3,3,6,4,5,6,6,4,5,6,4,4,4,5,6,4,4,2,1,2,2,1,1,1,1,2,3,3,3,3,4,3,4,2,1,NA,NA,NA,NA,1,1,0,0,1,4,3,4,ORANGE,1,0,0,1,1,0,1,1,0,0,1,1,1,0,1,0,1,1,0,1,1,1,0,0,0,0,0,1,1,6,7,7,7,6,6,7,7,6,5,5,2,7,3,3,5,6,2,7,1,7,5,3,3,1,2,1,2,3,1,1,1,1,0,3,11,Probable AUD,1.8333333333333333,1.6666666666666667,1.3333333333333333,1.3333333333333333,3,5,6,2,3,2,2,2,6,5,4,8,2,8,6,2.3333333333333335,3.3333333333333335,10,8,4,17,42,12,31,33,3.7777777777777777,4.833333333333333,6,4.25,4.25,2,0,2,1,1,3
1.5060240963855422,-0.9310474708910411,0.5821327954561698,4,2025-07-28T17:28:51Z,2025-07-28T17:48:06Z,100,1155,1,2025-07-28T17:48:06Z,R_7IXZ4p9Vkg1SERE,anonymous,1,1,1,1,2,1,18,Female,0,0,0,0,0,0,1,0,Unemployed and looking,"$10,000 - $19,999",Less than high school degree,85629,1,0,Married or living with a partner,Christian,Weekly,0,NA,NA,NA,NA,NA,NA,NA,Not sure,1 to 3 years,1,1,1,0,1,0,0,0,1,1,0,1,1,0,0,21-40 hours,0,0,0,0,1,0,0,0,0,0,0,0,0,0,0,1,1,1,0,NA,NA,NA,NA,NA,1,1,0,0,0,0,0,0,1,0,FALSE,0,FALSE,0,0,0,0,1,1,0,Offer more help either financially or physically,Grandpartent,Female,75,Long-term physical condition,NA,Lives in their own home,NA,2,2,1,3,1,2,4,2,2,1,2,4,4,4,2,1,4,2,2,2,2,4,2,4,4,4,4,1,0,0,0,0,0,0,0,0,1,1,0,0,0,0,0,0,0,0,0,0,0,NA,5,0,0,0,1,1,0,0,1,0,1,0,0,0,1,1,1,0,0,NA,6,1,0,NA,7,4,5,5,4,4,3,3,3,3,5,2,6,6,1,4,5,5,4,5,5,3,2,5,4,5,3,4,5,3,5,3,2,3,2,3,2,2,2,2,3,3,2,2,3,3,2,2,2,NA,NA,NA,NA,NA,NA,1,0,5,3,3,3,ORANGE,1,1,1,1,1,1,1,2,1,1,0,1,1,0,1,2,2,1,1,1,3,2,3,1,2,2,3,4,1,5,5,6,5,5,4,4,6,6,5,3,6,7,5,5,3,6,6,6,6,3,4,2,7,4,3,3,4,4,2,2,2,0,1,2.2222222222222223,9,Probable AUD,2.4166666666666665,2.6666666666666665,2.3333333333333335,2,2.6666666666666665,4,6,3,5,3,3,3,4,8,8,8,3,6,8,2,2.6666666666666665,14,24,24,37,32,24,25,26,3.7777777777777777,4.083333333333333,5,2.75,4.5,5,1,3,1,1,3
2.0161290322580645,-0.9872438238564951,0.9643372909248489,9,2025-07-28T17:29:06Z,2025-07-28T17:48:10Z,100,1144,1,2025-07-28T17:48:11Z,R_5DA9gaTrBPeNvqm,anonymous,1,1,1,0,0,1,42,Female,0,0,0,0,0,0,1,0,Part Time,"> $150,000",Master's degree,33446,0,0,Married or living with a partner,Other,Weekly,0,NA,NA,NA,NA,NA,NA,NA,United healthcare,Less than one year,0,0,1,0,0,0,0,0,0,1,0,1,1,1,0,1-8 hours,0,0,0,0,0,1,0,0,0,0,0,0,0,0,1,0,0,1,0,NA,NA,NA,NA,NA,0,1,0,0,0,0,0,0,0,0,FALSE,0,FALSE,1,0,0,0,0,0,0,It would be great if people just asked if I needed anything.  It’s nice to know someone cares.,Grandpartent,Male,94,Short-term physical condition,NA,Lives in their own home,NA,3,1,1,1,1,1,2,1,1,2,1,2,2,2,1,1,1,1,2,1,1,3,2,1,2,1,3,1,0,0,0,0,0,0,0,0,0,0,1,0,0,0,0,0,0,0,1,0,1,CNBC,2,1,0,0,1,1,1,0,1,0,0,0,0,0,0,1,1,0,0,NA,3,1,0,NA,9,3,4,4,3,4,3,3,3,3,1,1,7,7,1,1,7,1,1,5,6,3,3,6,5,5,4,5,6,4,5,2,2,2,1,1,1,2,1,1,2,2,1,2,2,3,2,2,3,1,NA,NA,NA,NA,NA,0,0,2,3,1,1,ORANGE,0,0,0,0,0,0,1,0,0,0,0,0,0,0,0,0,1,1,0,0,0,0,0,0,0,0,0,1,1,7,7,7,7,7,7,7,7,7,6,4,2,5,2,2,4,7,1,5,1,7,7,1,1,1,2,1,1,2,1,1,1,0,1,2.6666666666666665,5,Probable AUD,1.5,2,1,1.3333333333333333,1.6666666666666667,5,3,2,2,2,4,2,2,3,3,4,2,2,6,2.3333333333333335,2.3333333333333335,6,0,0,10,39,10,35,34,5,4.75,5.75,3.5,5,0,0,1,1,1,3
1.9230769230769231,-0.9416501579814198,0.7562988792286466,12,2025-07-28T17:28:13Z,2025-07-28T17:48:50Z,100,1236,1,2025-07-28T17:48:50Z,R_3nH0ZB7s6snGHcJ,anonymous,1,1,1,0,0,1,69,Female,0,0,0,0,0,0,1,0,Disabled or retired and not looking,"$20,000 - $49,999",High school diploma or equivalent,46755,0,2,Widowed,Christian,Once or twice a year,0,NA,NA,NA,NA,NA,NA,NA,medicare,1 to 3 years,0,0,0,0,1,0,0,1,0,1,0,0,0,1,0,1-8 hours,0,0,0,0,0,1,0,0,0,0,0,0,0,0,0,1,0,1,0,NA,NA,NA,NA,NA,0,0,0,0,0,0,0,0,1,0,FALSE,0,FALSE,0,0,0,0,0,0,1,Realize I am doing a job nobody else wants to do,Friend,Female,82,Long-term physical condition,NA,Lives in their own home,NA,2,2,1,1,1,1,2,1,1,1,1,3,1,3,1,1,4,1,1,1,1,2,1,2,2,1,4,1,0,0,0,0,0,0,0,0,1,0,0,1,0,0,0,0,1,0,0,0,0,NA,2,0,0,0,1,1,0,0,1,0,0,1,0,0,0,1,1,0,0,NA,4,1,0,NA,9,3,3,3,3,3,2,3,2,1,4,1,6,6,1,1,6,1,1,2,6,4,4,4,4,4,4,6,5,4,4,2,2,2,2,2,2,1,1,1,1,1,1,1,1,1,1,1,1,NA,NA,NA,NA,NA,NA,1,0,3,2,1,1,ORANGE,0,0,1,1,1,0,0,3,0,0,0,0,0,0,0,1,0,0,1,0,0,1,0,0,1,0,0,1,1,5,5,6,3,5,4,6,7,7,6,4,7,7,1,5,4,7,4,5,1,4,4,1,1,1,2,1,1,1,1,1,1,0,1,3.4444444444444446,4,Probable AUD,1.5,2,2,1,1,3,4,2,2,2,2,2,2,7,2,5,2,3,6,1,1,0,8,6,20,35,9,24,30,5,4.25,4.25,4,4.5,3,0,1,1,1,3
1.7857142857142858,-0.8604712132516235,0.6905177199122344,8,2025-07-28T17:28:25Z,2025-07-28T17:49:10Z,100,1245,1,2025-07-28T17:49:11Z,R_57dkNxedMXViFbw,anonymous,1,1,1,0,0,1,56,Female,0,0,0,0,0,0,1,0,Disabled or retired and not looking,"$20,000 - $49,999",Associate's degree,22406,0,3,Widowed,Christian,Never,0,NA,NA,NA,NA,NA,NA,NA,Aetna,More than 12 years,0,0,0,0,0,0,1,0,0,0,1,0,0,0,0,1-8 hours,0,1,0,0,0,0,0,0,0,0,0,0,1,0,0,0,0,0,1,2,2,1,2,2,0,1,1,0,0,0,0,0,1,0,FALSE,0,FALSE,0,0,0,1,0,0,0,Unsure,Spouse,Male,59,Long-term physical condition,NA,Other,Now deceased,1,1,2,1,4,1,2,1,2,2,1,2,1,1,2,2,2,2,1,4,2,2,1,4,1,1,4,3,0,0,0,0,0,1,0,0,0,0,0,0,0,0,0,0,0,0,0,0,0,NA,3,0,0,0,1,1,0,0,0,0,1,0,0,0,0,1,0,0,0,NA,4,2,0,NA,2,3,3,3,3,3,3,3,3,1,1,1,1,7,1,4,7,1,4,4,6,2,3,6,5,5,3,6,6,3,6,2,2,2,2,1,1,1,1,1,1,1,1,5,1,4,4,4,1,NA,NA,NA,NA,NA,NA,0,0,3,1,1,1,ORANGE,1,0,0,1,0,0,1,1,1,0,2,0,0,0,0,2,0,2,2,0,1,1,0,0,0,0,1,1,1,7,5,5,4,5,4,4,4,4,4,4,4,5,1,1,5,7,5,5,1,6,5,1,5,2,3,1,2,2,1,1,1,0,1,3.2222222222222223,3,Probable AUD,1.3333333333333333,2,1.3333333333333333,1,1,2,3,3,2,6,3,3,4,4,2,2,5,8,6,3,3.3333333333333335,6,4,18,18,37,13,24,22,5,4.583333333333333,5.5,2.75,5.5,1,0,1,1,1,3
1.4367816091954022,-0.9545055020787149,0.7172095118966401,4,2025-07-28T17:28:49Z,2025-07-28T17:49:40Z,100,1250,1,2025-07-28T17:49:40Z,R_7NDQHdctYPwJ3BT,anonymous,1,1,2,1,2,1,29,Male,0,0,0,0,0,0,1,0,Full Time,"$50,000 - $99,999",Bachelor's degree,93550,1,0,Married or living with a partner,Christian,Every month,1,NA,1,NA,NA,NA,NA,5,Insurance by the employer,3 to 7 years,1,0,1,1,0,0,0,0,1,1,1,0,1,0,0,9-20 hours,0,0,0,1,0,0,1,0,0,0,0,0,0,0,0,0,0,0,0,NA,NA,NA,NA,NA,1,0,0,0,0,1,1,0,0,0,FALSE,0,FALSE,0,0,0,1,0,0,0,Support me financially,Parent,Male,60,Emotional or mental health issue,NA,Lives in their own home,NA,2,3,1,2,4,1,4,1,2,3,2,4,1,3,3,1,3,3,3,3,1,2,3,3,3,1,2,1,0,1,1,0,0,1,0,0,0,0,0,0,0,0,1,0,0,0,0,0,0,NA,4,0,0,0,1,1,0,0,0,0,1,0,0,0,1,1,1,0,0,NA,4,2,1,Volunteer groups,9,1,2,1,2,2,1,2,2,1,1,1,7,7,4,1,6,1,1,5,6,5,6,6,5,5,6,6,7,5,4,2,3,3,4,3,2,3,4,4,3,1,1,2,2,3,3,3,3,NA,1,NA,1,1,NA,0,0,2,4,4,4,ORANGE,1,0,0,1,0,0,1,1,0,2,2,1,2,1,2,0,3,1,2,1,1,2,1,2,1,1,0,2,1,6,6,7,6,6,6,5,6,3,5,6,5,6,5,6,6,5,2,6,1,7,5,1,1,3,3,3,3,2,2,3,2,1,0,4.444444444444445,12,Probable AUD,2.75,2.6666666666666665,3,3.6666666666666665,1.6666666666666667,5,7,2,4,7,6,2,3,7,2,6,4,6,4,3,2.3333333333333335,20,20,14,21,41,21,27,29,4.777777777777778,5.5,6,5.5,5,1,0,4,1,1,3
1.893939393939394,-0.9660838469275441,0.8845766855308562,6,2025-07-28T17:28:33Z,2025-07-28T17:49:53Z,100,1279,1,2025-07-28T17:49:53Z,R_5uE7GvQyT5RJPfr,anonymous,1,1,1,1,1,1,41,Male,0,0,0,0,0,0,1,0,Full Time,"$100,000 - $149,999",Less than high school degree,23114,1,0,Married or living with a partner,Christian,Once or twice a year,0,NA,NA,NA,NA,NA,NA,NA,Sentara,1 to 3 years,0,1,0,0,0,0,0,1,0,1,0,0,1,1,0,1-8 hours,0,0,0,0,0,1,1,0,0,0,0,0,0,0,0,0,1,1,0,NA,NA,NA,NA,NA,0,1,0,0,0,0,0,0,0,0,FALSE,0,FALSE,1,1,0,0,1,0,0,People can do a better job of showing empathy for the situation.,Parent,Male,75,Long-term physical condition,NA,Lives in their own home,NA,2,2,1,2,2,1,2,1,1,2,2,3,1,2,2,1,3,3,3,3,2,1,3,3,2,1,2,2,0,0,0,0,0,1,0,0,0,0,0,0,0,1,0,0,0,0,0,0,0,NA,5,0,0,0,1,1,0,0,0,0,0,0,0,0,0,1,0,0,0,NA,5,1,1,Local food bank,7,3,3,2,2,2,1,2,2,2,4,1,5,5,1,1,6,6,1,6,6,6,6,6,6,7,7,7,7,7,7,2,2,2,4,2,1,1,2,2,2,2,2,2,4,4,3,2,4,1,NA,NA,NA,NA,NA,0,0,2,5,3,4,ORANGE,0,0,0,0,0,0,1,1,0,0,0,1,0,0,0,0,1,1,1,0,0,0,0,1,0,0,0,1,1,6,5,3,6,6,6,6,6,2,6,5,2,6,2,1,1,6,1,6,1,5,6,3,1,1,2,1,1,3,1,2,1,1,0,3.888888888888889,12,Probable AUD,2,2,2.3333333333333335,1.6666666666666667,2,5,4,2,4,4,5,2,3,6,2,4,5,6,3,3,3.3333333333333335,10,2,2,11,35,12,26,26,4.666666666666666,6.5,6.25,6.5,6.75,0,0,2,1,1,3
1.0964912280701755,-0.950671584029046,0.814764787061681,3,2025-07-29T19:55:35Z,2025-07-29T20:03:50Z,100,495,1,2025-07-31T21:38:27Z,R_3q4MpmkqbuxZu6n,anonymous,1,1,2,1,2,1,46,Male,0,0,0,0,0,0,1,0,Full Time,"$100,000 - $149,999",Bachelor's degree,11235,2,2,Married or living with a partner,Muslim,Weekly,0,NA,NA,NA,NA,NA,NA,NA,Life insurer,8 to 12 years,1,1,0,0,1,1,0,0,0,0,1,0,0,0,0,21-40 hours,1,1,1,1,0,0,1,1,1,1,1,1,0,0,0,0,1,1,0,NA,NA,NA,NA,NA,1,1,1,1,1,1,0,1,0,0,FALSE,0,FALSE,1,1,0,1,1,1,0,"Just as importantly, emotional support and understanding—checking in, listening without judgment, and recognizing the challenges of caregiving",Spouse,Male,4,Short-term physical condition,NA,Lives in their own home,NA,4,3,4,3,4,3,4,4,3,4,3,4,3,4,4,3,4,3,4,3,4,4,3,4,3,4,3,4,0,0,0,0,0,1,0,0,1,0,0,1,1,1,0,0,0,0,1,0,0,NA,9,0,0,1,1,1,0,0,0,1,1,0,0,0,1,1,1,0,0,NA,9,2,1,4,7,1,2,1,2,1,2,1,2,1,7,6,7,6,7,6,7,6,7,7,6,7,6,7,6,7,6,7,6,7,6,5,4,5,4,5,4,5,4,5,4,5,4,5,4,5,5,4,5,1,1,1,1,1,NA,1,1,5,4,4,4,ORANGE,1,1,1,1,1,1,3,2,3,2,3,2,3,2,3,2,3,2,3,2,3,2,3,2,3,2,3,3,1,7,6,7,6,7,6,7,6,1,6,7,6,7,6,7,6,7,6,7,6,7,6,7,6,4,3,4,3,4,3,4,3,1,0,4.555555555555555,12,Probable AUD,4.5,4.666666666666667,4.333333333333333,4.666666666666667,4.333333333333333,8,7,8,6,8,7,6,7,8,7,7,7,7,7,4.666666666666667,4.666666666666667,32,36,38,44,47,28,27,32,1.4444444444444446,6.5,6.5,6.5,6.5,5,1,4,1,1,3
1.5060240963855422,-0.9597542418553643,0.7877856260877475,7,2025-07-29T19:55:44Z,2025-07-29T20:04:28Z,100,523,1,2025-07-29T20:04:28Z,R_1frChXUoDUn7Qeg,anonymous,1,0,0,1,1,1,29,Female,0,0,1,0,0,0,0,0,Currently in school,"$50,000 - $99,999",High school diploma or equivalent,33815,1,0,Never married,Christian,Once or twice a year,0,NA,NA,NA,NA,NA,NA,NA,N/A,3 to 7 years,1,0,1,1,0,0,0,0,1,1,0,1,1,0,0,9-20 hours,1,0,0,0,1,0,0,1,0,0,0,0,0,0,0,0,0,0,0,NA,NA,NA,NA,NA,1,0,1,1,0,0,0,0,1,0,FALSE,0,FALSE,0,1,0,0,1,0,0,Be there as an emotional supporter,Parent,Female,57,Emotional or mental health issue,NA,Lives in their own home,NA,2,2,3,2,1,2,2,2,1,2,2,1,2,2,2,2,2,2,2,3,3,2,2,2,2,2,1,2,0,1,0,0,0,1,0,0,1,0,0,0,1,0,0,0,0,0,1,0,0,NA,9,0,0,1,1,1,1,0,1,1,1,0,0,1,1,1,0,0,0,NA,9,1,1,Basketball,9,2,3,2,2,5,2,2,3,2,3,5,5,5,7,3,3,5,5,7,5,6,3,4,5,5,6,5,6,5,7,4,4,5,3,4,3,4,4,4,1,3,5,3,3,4,3,4,1,NA,NA,NA,NA,NA,NA,0,0,1,2,1,2,ORANGE,0,0,0,0,0,0,1,3,2,3,2,1,1,2,2,0,0,1,0,1,1,0,0,1,1,0,0,1,1,7,7,6,6,6,7,6,5,2,7,7,3,6,2,3,3,6,1,7,1,6,5,1,1,1,2,2,2,1,2,1,1,0,1,3.4444444444444446,5,Probable AUD,3.6666666666666665,4.333333333333333,3.3333333333333335,4,3,4,4,5,4,3,4,4,4,3,4,4,4,5,3,2.6666666666666665,3.3333333333333335,14,22,8,12,40,12,28,31,3.4444444444444446,5.333333333333333,5.5,5,5.5,0,0,1,1,1,3
1.3440860215053763,-0.9312235872225865,0.6346799993116815,4,2025-07-29T19:57:00Z,2025-07-29T20:04:39Z,100,459,1,2025-07-29T20:04:40Z,R_7CDTrWwJ2oqsZFd,anonymous,1,1,1,1,1,1,37,Male,0,0,1,1,0,0,0,0,Full Time,"$50,000 - $99,999",Some college,07208,1,0,Married or living with a partner,Christian,Every month,1,NA,1,NA,NA,NA,NA,4,Horizon,1 to 3 years,1,0,1,0,0,0,0,0,0,0,1,0,0,0,0,9-20 hours,0,1,0,0,0,0,0,0,1,0,0,0,0,0,0,0,0,0,0,NA,NA,NA,NA,NA,0,1,0,0,0,0,0,0,0,0,FALSE,0,FALSE,0,1,0,0,0,0,0,We just all need to help one another,Child,Male,10,Emotional or mental health issue,NA,Lives with me,NA,2,3,2,1,3,3,4,3,2,3,1,1,4,3,2,3,4,2,2,3,3,3,3,4,2,3,3,3,0,0,0,0,0,1,0,0,1,0,0,0,0,0,0,0,0,0,0,0,0,NA,4,0,0,0,1,1,0,0,0,0,1,0,0,0,0,0,0,0,0,NA,8,1,0,NA,7,4,3,1,1,3,3,3,2,1,6,5,6,5,2,6,5,6,4,6,5,7,5,6,7,6,5,5,7,5,7,4,3,4,3,3,5,5,1,2,3,5,3,4,3,5,3,3,3,NA,NA,NA,NA,NA,NA,0,0,1,5,5,4,ORANGE,0,0,0,0,0,0,2,2,1,1,1,3,2,1,3,2,2,2,0,1,3,0,2,2,3,3,2,2,1,2,5,6,2,6,5,3,6,3,2,5,5,6,5,3,6,6,3,4,6,6,6,3,5,2,4,2,2,3,4,4,4,1,0,3.6666666666666665,14,Probable AUD,3.4166666666666665,3.6666666666666665,3.6666666666666665,2.6666666666666665,3.6666666666666665,4,7,5,2,5,6,6,5,5,7,5,5,7,6,3,4,26,34,16,30,39,25,18,22,3,5.916666666666667,6,5.5,6.25,0,0,2,1,1,3
1.524390243902439,-0.976464525232895,0.7970242164011762,4,2025-07-29T19:55:38Z,2025-07-29T20:04:50Z,100,552,1,2025-07-31T21:38:27Z,R_6PSqHV1lCBM4QgX,anonymous,1,1,2,1,2,1,38,Male,0,0,0,0,0,0,1,0,Full Time,"> $150,000",Professional doctorate,17044,2,0,Married or living with a partner,Muslim,Every month,1,1,NA,NA,NA,NA,NA,100,better,8 to 12 years,1,0,0,0,1,1,0,0,1,0,1,0,1,0,0,21-40 hours,0,0,1,0,1,0,0,1,0,0,1,0,1,0,0,0,1,1,1,3,3,2,3,2,1,0,1,0,1,0,0,0,0,0,FALSE,0,FALSE,0,0,1,0,1,0,0,It's are better and so nicely and very unique.,Spouse,Male,40,Short-term physical condition,NA,Lives in someone else's home,NA,4,4,3,3,4,4,3,4,3,4,4,3,2,3,4,4,3,3,4,4,3,4,3,4,3,4,3,4,1,0,0,1,0,0,1,0,0,1,0,1,0,0,0,0,0,0,0,0,0,NA,9,0,0,0,1,0,1,0,0,0,1,0,1,0,0,1,0,0,0,NA,8,2,1,admin,8,5,4,4,5,4,4,5,5,4,7,7,6,6,7,7,6,7,6,7,6,7,6,6,7,6,6,7,7,6,6,5,5,4,4,4,5,4,5,5,4,4,5,5,4,5,5,4,5,NA,1,NA,1,1,NA,1,1,5,5,3,4,ORANGE,1,1,1,1,0,1,3,3,2,2,3,2,3,3,2,3,2,2,3,3,2,2,3,3,2,3,2,4,1,7,7,6,5,6,7,7,6,3,6,7,6,6,7,7,6,7,6,6,7,7,6,7,7,4,4,3,3,4,4,3,3,1,0,1.5555555555555554,12,Probable AUD,4.5,4.666666666666667,4.333333333333333,4.666666666666667,4.333333333333333,8,7,7,7,8,7,8,6,6,6,6,7,8,7,4.666666666666667,4.666666666666667,36,34,36,47,45,28,28,32,1.4444444444444446,6.416666666666667,6.5,6.25,6.5,4,1,4,1,1,3
1.3020833333333333,-0.9629067947858504,0.6441253747431804,4,2025-07-29T19:55:47Z,2025-07-29T20:05:32Z,100,585,1,2025-07-29T20:05:33Z,R_6TS68zeEBMgwmKc,anonymous,1,1,3,1,2,1,27,Male,0,0,0,0,0,0,1,0,Part Time,"$10,000 - $19,999",Less than high school degree,49341,0,0,Never married,Christian,Weekly,0,NA,NA,NA,NA,NA,NA,NA,Blue cross blue sheild,1 to 3 years,0,0,1,0,1,0,0,0,1,1,0,1,0,1,0,9-20 hours,0,0,0,0,0,1,0,0,0,0,0,0,0,0,1,0,1,0,0,NA,NA,NA,NA,NA,1,0,1,0,0,1,0,0,0,1,FALSE,0,FALSE,0,1,0,0,1,0,0,Be kind and helpful,Friend,Male,75,Behavioral issues,NA,Independent living or retirement community,NA,3,4,3,3,3,3,2,3,4,3,2,3,2,3,4,3,3,3,4,4,2,4,4,3,3,3,3,3,0,0,0,0,1,0,0,0,1,1,0,1,0,0,0,0,0,0,0,0,0,NA,3,0,1,1,1,1,1,1,0,0,1,0,0,0,0,0,0,0,0,NA,9,2,1,Inform page,6,4,4,3,2,3,3,2,3,4,5,4,5,6,7,6,5,4,6,6,7,5,6,6,5,7,5,5,6,5,6,4,3,2,3,5,5,3,2,4,3,3,3,4,5,3,3,4,5,1,1,NA,NA,1,NA,0,0,1,1,1,1,ORANGE,0,0,0,1,0,0,2,3,1,2,1,2,2,3,2,2,3,2,1,2,3,3,2,2,2,2,0,2,1,4,5,5,6,5,5,5,6,4,5,5,6,5,7,6,6,6,7,5,6,7,5,5,7,4,3,3,4,3,3,2,3,1,0,2.888888888888889,3,Not detected,3.3333333333333335,3,4.333333333333333,3,3,7,6,6,5,7,7,6,6,6,5,6,6,7,7,4,4,32,32,20,44,39,25,24,26,2.666666666666667,5.75,6.25,5.25,5.75,1,0,5,1,1,3
2.840909090909091,-0.9852810276034624,0.8049993438448088,7,2025-07-29T19:56:05Z,2025-07-29T20:06:44Z,100,639,1,2025-07-29T20:06:45Z,R_1pDp7XsIKw2cgSQ,anonymous,1,1,2,1,2,1,54,Male,0,0,0,0,0,0,1,0,Full Time,"> $150,000",Bachelor's degree,19805,2,0,Married or living with a partner,Christian,Weekly,1,NA,1,NA,NA,NA,NA,8,CVS,8 to 12 years,1,1,0,1,1,0,0,0,1,1,1,0,1,0,0,21-40 hours,0,1,1,0,0,0,0,0,0,0,0,1,1,0,0,0,1,1,1,3,3,3,3,2,0,1,0,1,1,0,0,0,0,0,FALSE,0,FALSE,0,1,0,1,0,0,0,it is very good quality,Child,Male,40,Memory problems,NA,Assisted living,NA,4,4,4,3,3,3,3,3,3,3,4,4,4,3,4,3,4,4,3,3,3,4,4,4,3,3,3,3,0,1,0,1,1,0,0,0,0,0,0,0,0,0,0,0,0,0,0,0,0,NA,8,0,1,0,1,0,1,0,1,0,0,0,0,0,0,0,0,0,0,NA,8,2,1,facebook,8,1,2,2,2,1,1,1,1,1,7,7,7,7,7,6,6,6,7,7,7,7,7,7,6,6,6,6,6,6,7,5,5,5,5,5,4,4,5,5,5,4,4,5,4,5,5,5,4,NA,1,NA,1,NA,NA,1,1,4,4,5,4,ORANGE,1,1,1,1,1,1,3,3,3,3,2,2,2,2,2,2,3,3,3,3,3,2,2,3,2,2,3,3,1,6,6,6,6,6,7,7,6,1,6,7,7,7,7,7,7,7,7,7,7,6,6,6,6,4,4,4,4,4,3,3,4,1,0,4.666666666666667,13,Probable AUD,4.666666666666667,5,4.666666666666667,4.666666666666667,4.333333333333333,7,7,7,7,7,7,6,6,8,7,6,7,7,7,4.666666666666667,4.666666666666667,38,34,34,47,47,30,26,31,1.333333333333333,6.5,6.75,6.5,6.25,5,1,4,1,1,3
1.3736263736263736,-0.8576564808683114,0.5788268477248311,4,2025-07-29T19:56:45Z,2025-07-29T20:07:04Z,100,618,1,2025-07-29T20:07:04Z,R_6RNVlk4NUMGrZb3,anonymous,1,1,1,1,1,1,31,Female,0,0,1,0,0,0,0,0,Full Time,"$50,000 - $99,999",Bachelor's degree,38382,1,0,Married or living with a partner,Christian,Weekly,1,NA,1,NA,NA,NA,NA,5,Progressive,3 to 7 years,0,1,0,0,0,0,0,0,0,1,0,0,0,0,0,9-20 hours,0,0,0,1,0,0,1,0,0,0,0,0,0,0,0,0,1,1,1,2,3,3,2,2,0,0,0,1,0,0,0,1,0,0,FALSE,0,FALSE,0,0,1,0,0,0,0,Nothing much,Child,Male,27,Memory problems,NA,Lives in their own home,NA,2,3,3,2,4,4,1,2,3,3,3,4,2,4,3,4,3,4,2,1,2,2,4,3,2,2,2,2,0,1,0,0,0,0,1,0,0,0,0,0,0,0,0,0,0,0,0,0,0,NA,6,0,0,0,1,0,0,0,1,0,0,0,0,0,0,0,0,0,0,NA,7,2,1,None,5,4,4,1,2,3,3,3,3,2,6,7,5,3,5,3,5,1,5,5,5,3,4,4,4,6,6,5,4,4,5,4,4,1,3,3,2,4,3,5,4,4,3,4,3,3,3,5,2,NA,1,NA,NA,1,NA,1,1,2,4,2,4,ORANGE,1,1,1,1,1,1,2,2,1,2,3,2,1,1,1,1,0,2,2,0,3,2,1,3,2,1,2,3,1,6,4,4,6,5,4,6,6,2,5,4,6,5,5,4,1,1,4,4,4,6,5,4,5,3,3,2,1,2,2,1,2,0,1,3.2222222222222223,10,Probable AUD,3.3333333333333335,3,2.6666666666666665,4,3.6666666666666665,4,4,5,5,7,7,8,5,7,4,6,6,4,4,3.3333333333333335,3.3333333333333335,20,24,24,32,26,16,23,25,3.5555555555555554,4.583333333333333,4.5,4.25,5,5,1,2,1,1,3
1.893939393939394,-0.965693449033934,0.8450640710292958,12,2025-07-29T19:56:10Z,2025-07-29T20:07:34Z,100,683,1,2025-07-31T21:38:27Z,R_1iVlKg13ofum911,anonymous,1,1,1,0,0,1,29,Female,1,0,0,0,0,0,0,0,Full Time,"$50,000 - $99,999",Bachelor's degree,08879,1,0,Married or living with a partner,Christian,Weekly,0,NA,NA,NA,NA,NA,NA,NA,united health,1 to 3 years,1,0,1,1,1,1,0,1,1,0,0,1,0,1,0,21-40 hours,0,0,0,0,0,1,1,0,0,0,0,0,0,0,0,0,0,1,0,NA,NA,NA,NA,NA,1,0,0,1,0,0,0,1,0,0,FALSE,0,FALSE,1,0,1,0,0,0,0,providing a flexible working hours for me,Parent,Female,60,Short-term physical condition,NA,Lives with me,NA,3,3,1,1,4,1,3,1,1,2,1,3,2,2,1,1,1,2,1,2,2,2,2,2,1,2,1,1,0,1,1,0,1,1,0,0,1,0,0,0,1,0,0,0,0,0,0,0,0,NA,3,0,0,0,1,1,1,0,1,1,0,0,0,0,0,1,1,0,0,NA,5,2,1,parish community,4,1,2,1,2,2,1,2,2,2,1,1,7,6,1,1,7,3,4,7,7,7,7,7,5,5,7,6,7,7,7,2,2,2,2,1,2,2,2,1,2,1,1,3,3,3,4,2,4,NA,NA,NA,NA,NA,1,0,0,1,1,1,1,ORANGE,1,0,0,0,0,0,1,1,2,1,2,1,2,2,1,1,2,2,1,2,2,1,1,1,2,1,1,1,1,7,7,6,7,6,7,7,5,7,5,2,6,2,6,2,2,2,2,2,2,2,2,2,2,1,1,1,1,1,1,1,1,0,1,4.333333333333333,3,Probable AUD,1.6666666666666667,2,1.6666666666666667,1.6666666666666667,1.3333333333333333,4,6,2,2,5,4,2,3,4,4,3,3,4,3,3.3333333333333335,3,22,20,18,22,14,8,34,30,4.555555555555555,6.583333333333333,7,7,5.75,0,0,1,1,1,3
1.9230769230769231,-0.957428221007363,0.589846733410891,7,2025-07-29T19:55:38Z,2025-07-29T20:07:50Z,100,731,1,2025-07-29T20:07:50Z,R_6YbxgkUHF06P92s,anonymous,1,1,1,0,0,1,41,Female,0,0,0,1,0,0,0,0,Unemployed and looking,"< $10,000",Less than high school degree,85281,0,0,Never married,Christian,Weekly,0,NA,NA,NA,NA,NA,NA,NA,United,1 to 3 years,0,0,1,0,1,0,0,0,0,1,0,1,1,0,0,40+ hours,1,1,0,0,0,0,0,0,0,0,0,0,0,1,0,0,0,0,0,NA,NA,NA,NA,NA,1,1,0,0,0,0,0,0,0,0,FALSE,0,FALSE,0,0,0,0,0,0,1,Bt helping,Friend,Female,66,Long-term physical condition,NA,Lives with me,NA,1,1,3,3,1,2,1,1,2,1,2,3,3,2,3,2,2,2,2,1,2,1,2,3,2,2,3,2,0,1,0,0,1,0,0,0,0,0,0,0,0,1,0,1,0,0,0,0,0,NA,2,0,0,0,1,1,0,0,0,0,1,0,0,0,1,1,1,0,0,NA,5,1,0,NA,7,3,3,1,3,3,3,3,3,3,5,5,5,5,3,5,4,4,3,4,4,5,4,4,4,4,4,3,4,3,4,5,5,4,4,4,4,3,4,5,4,3,4,3,3,4,3,3,5,NA,NA,NA,NA,NA,NA,1,0,4,4,2,2,ORANGE,1,0,0,1,0,0,3,2,2,2,2,3,2,2,2,3,3,3,2,2,2,2,2,1,2,2,2,1,1,4,4,5,3,4,5,5,4,4,5,5,5,5,5,5,5,5,6,4,4,4,5,4,4,4,3,3,3,3,3,3,3,0,1,3.2222222222222223,8,Probable AUD,4.083333333333333,4.666666666666667,4,4,3.6666666666666665,3,2,4,5,4,3,4,4,5,5,4,4,4,4,3.6666666666666665,3.3333333333333335,34,28,30,33,33,25,20,23,3.666666666666667,3.9166666666666665,4,4,3.75,1,0,1,1,1,3
1.1261261261261262,-0.791981359940812,0.4792492870288283,3,2025-07-29T19:55:52Z,2025-07-29T20:08:53Z,100,780,1,2025-07-31T21:38:27Z,R_3UehXq0ym8pBFoR,anonymous,1,1,1,1,1,1,25,Male,0,0,1,0,0,0,0,0,Full Time,"$50,000 - $99,999",Less than high school degree,33147,1,0,Never married,Christian,Weekly,0,NA,NA,NA,NA,NA,NA,NA,Blue cross,3 to 7 years,1,1,1,1,1,0,0,0,1,1,1,0,1,0,0,9-20 hours,0,1,1,1,0,0,0,1,1,0,1,1,0,0,0,0,0,0,0,NA,NA,NA,NA,NA,0,0,1,1,1,0,0,0,1,0,FALSE,0,FALSE,1,1,1,0,0,0,0,Be patient and very respectful to the people they’re taking care of and take into account the situation they’re goin through,Other family member,Male,67,Memory problems,NA,Lives with me,NA,2,3,3,2,3,3,1,3,2,4,2,3,2,4,2,2,3,3,2,4,2,3,2,4,2,2,3,3,0,1,0,0,1,1,0,0,1,0,0,0,0,0,1,0,0,0,1,0,0,NA,6,0,0,1,1,1,0,0,1,1,1,0,0,1,1,1,1,0,0,NA,9,2,1,1,6,3,2,5,2,4,1,4,5,1,4,4,2,7,5,3,5,6,3,5,3,3,3,1,6,5,7,5,5,2,7,3,2,4,4,1,5,3,4,5,1,4,5,4,2,5,4,4,5,NA,1,NA,NA,1,NA,1,1,1,3,3,2,ORANGE,1,0,0,1,1,1,1,3,1,0,2,3,2,3,1,2,2,3,3,0,1,3,2,1,2,1,0,2,1,3,1,3,5,6,5,6,6,6,3,3,4,6,6,7,5,4,2,7,5,4,3,6,5,2,3,2,3,4,3,2,3,1,0,3,8,Probable AUD,3.4166666666666665,3,3.3333333333333335,4,3.3333333333333335,4,4,6,4,5,6,5,4,6,4,6,6,8,6,4.333333333333333,3.6666666666666665,26,20,26,35,32,22,25,19,3.666666666666667,4.333333333333333,3.5,3.75,5.75,3,0,2,1,1,3
1.7857142857142858,-0.9682969054108737,0.8962928833560955,8,2025-07-29T19:55:35Z,2025-07-29T20:10:17Z,100,882,1,2025-07-31T21:38:27Z,R_7CHJIohwVKeucrG,anonymous,1,1,1,0,0,1,62,Female,0,1,0,0,0,0,1,0,Disabled or retired and not looking,"$10,000 - $19,999",High school diploma or equivalent,72404,0,0,Married or living with a partner,Christian,Weekly,0,NA,NA,NA,NA,NA,NA,NA,Medicaid,3 to 7 years,1,1,0,1,1,1,0,1,1,1,1,1,1,1,0,9-20 hours,0,0,0,0,0,1,0,0,0,0,0,0,0,0,0,1,0,0,0,NA,NA,NA,NA,NA,0,1,0,0,0,0,0,0,1,0,FALSE,0,FALSE,1,0,0,0,0,0,0,I can't think of anything specific to suggest.,Spouse,Male,56,Long-term physical condition,NA,Lives with me,NA,2,2,1,1,2,1,2,1,1,2,1,2,3,2,2,1,2,1,2,4,2,4,2,4,2,3,4,1,0,1,1,0,1,1,0,0,0,1,0,0,0,0,1,1,0,0,0,0,0,NA,7,0,0,0,1,1,0,0,0,0,0,0,0,0,0,1,0,0,0,NA,7,2,1,Bible Study,7,3,3,2,2,2,1,1,1,1,1,1,7,7,1,1,7,1,1,6,6,4,4,6,6,6,4,6,6,4,6,2,4,3,2,1,1,2,2,4,2,2,2,3,3,3,3,3,1,NA,NA,NA,NA,NA,NA,1,1,4,1,1,1,ORANGE,1,1,1,1,1,1,2,1,1,1,2,1,1,1,2,1,1,1,2,1,1,1,1,1,1,1,1,1,1,5,5,5,5,5,5,5,5,6,5,4,4,6,2,4,5,6,4,6,2,4,4,4,4,1,2,2,2,4,1,2,1,0,1,4.222222222222222,3,Probable AUD,2.25,3,1.3333333333333333,2.6666666666666665,2,4,4,2,2,4,4,2,3,4,6,4,2,8,8,2.3333333333333335,3,16,16,18,24,35,15,26,25,5,5.333333333333333,6,4,6,5,1,1,1,1,3
1.6891891891891893,-0.950498575509446,0.8076115495730803,5,2025-07-29T19:56:34Z,2025-07-29T20:11:16Z,100,881,1,2025-07-29T20:11:16Z,R_6rrKhYgzaMb1zS4,anonymous,1,1,1,0,0,1,48,Female,0,0,0,0,0,0,1,0,"Not working, not looking","$10,000 - $19,999",High school diploma or equivalent,72517,0,2,Divorced/Separated,Atheist/Agnostic,Never,0,NA,NA,NA,NA,NA,NA,NA,Humana,Less than one year,0,0,0,0,0,0,1,0,0,0,0,1,1,0,0,1-8 hours,0,0,0,0,0,1,0,0,0,0,0,0,0,0,0,1,0,0,0,NA,NA,NA,NA,NA,0,0,0,0,0,0,0,0,0,0,FALSE,1,FALSE,0,1,0,0,0,0,0,Food delivery,Friend,Female,55,Short-term physical condition,NA,Lives in someone else's home,NA,1,1,1,1,2,1,2,1,1,1,1,2,1,1,2,1,3,1,2,4,2,1,1,4,2,1,1,1,0,0,0,0,0,0,0,0,0,0,0,0,0,0,0,0,0,0,0,1,0,NA,3,0,0,0,0,0,0,0,0,0,0,0,0,0,0,1,0,0,0,NA,4,1,0,NA,5,3,3,3,2,2,2,2,2,1,1,1,7,5,1,1,4,1,1,6,6,1,1,6,6,6,1,6,6,1,6,2,1,2,1,1,1,1,1,2,2,2,2,1,1,3,1,1,1,NA,NA,NA,NA,NA,NA,1,0,4,2,1,1,ORANGE,1,1,1,1,1,0,0,1,0,1,1,0,1,1,1,0,1,1,1,2,1,0,0,1,1,1,0,1,1,4,3,4,4,4,4,5,4,4,4,4,3,5,1,5,3,7,4,7,1,7,3,2,2,2,2,1,1,2,1,2,1,0,1,3.7777777777777777,4,Probable AUD,1.5,1.6666666666666667,1,1.3333333333333333,2,3,3,2,2,4,2,2,3,5,2,3,2,8,2,1,1.6666666666666667,12,14,4,18,36,12,20,20,5.555555555555555,4.333333333333333,6,1,6,4,1,1,1,1,3
1.0869565217391304,-0.929572559957895,0.759695375014072,3,2025-07-29T19:55:35Z,2025-07-29T20:12:38Z,100,1023,1,2025-07-29T20:12:38Z,R_63vRDTMWuOhNQyt,anonymous,1,1,3,1,2,1,38,Male,0,0,0,0,0,0,1,0,Full Time,"> $150,000",Bachelor's degree,98108,3,0,Married or living with a partner,Christian,Every month,0,NA,NA,NA,NA,NA,NA,NA,UnitedHealth group,3 to 7 years,1,0,1,1,0,0,0,0,0,1,0,0,0,0,0,9-20 hours,1,0,0,0,0,0,1,0,0,0,0,0,0,0,0,0,1,0,0,NA,NA,NA,NA,NA,0,1,0,0,0,0,0,0,0,0,FALSE,0,FALSE,0,0,0,0,1,0,0,Quality,Spouse,Female,32,Short-term physical condition,NA,Lives with me,NA,3,4,3,4,3,4,3,3,4,3,4,3,4,3,3,4,3,4,3,4,3,3,4,3,4,3,4,3,0,0,1,0,0,1,0,0,1,0,0,0,0,0,0,0,0,0,0,0,0,NA,5,0,0,0,1,1,1,0,0,0,0,0,0,0,0,1,1,0,0,NA,6,2,1,Social Servants,9,4,5,4,4,5,4,5,4,5,6,7,6,7,6,7,6,7,6,6,7,6,7,6,7,6,7,6,7,6,7,4,5,4,5,4,5,4,5,4,5,4,5,4,5,4,3,4,3,1,NA,NA,NA,NA,NA,1,1,3,3,2,3,ORANGE,1,1,1,1,1,1,2,3,2,3,2,3,2,3,2,3,2,3,2,3,2,3,2,3,2,3,2,2,1,5,6,5,6,5,6,5,6,3,6,6,7,6,7,6,7,6,7,6,7,6,7,6,4,4,3,4,3,4,3,4,3,1,0,1.5555555555555554,8,Probable AUD,4.5,4.333333333333333,4.666666666666667,4.333333333333333,4.666666666666667,6,7,6,8,6,7,8,7,6,7,7,7,7,7,3.3333333333333335,4.333333333333333,38,34,32,44,44,28,25,28,1.5555555555555554,6.5,6.5,6.5,6.5,5,1,5,1,1,3
1.6233766233766234,-0.9577790791677021,0.5458431833302898,5,2025-07-29T19:55:59Z,2025-07-29T20:13:01Z,100,1021,1,2025-07-29T20:13:01Z,R_3JTLrwWcmfus2Vr,anonymous,1,1,2,0,0,1,27,Female,0,0,0,0,0,0,1,0,Part Time,"$20,000 - $49,999",Less than high school degree,85029,0,0,Never married,Other,Once or twice a year,0,NA,NA,NA,NA,NA,NA,NA,None,Less than one year,0,0,0,0,0,0,1,0,0,1,0,1,1,0,0,1-8 hours,0,0,1,1,1,0,0,0,0,0,0,0,0,0,1,0,0,0,0,NA,NA,NA,NA,NA,0,1,0,0,0,1,0,0,0,0,FALSE,0,FALSE,0,1,0,0,1,0,0,Understand where I need to be when I need to be there,Grandpartent,Male,68,NA,Age,Lives with me,NA,4,4,1,2,2,1,2,1,2,2,1,2,2,2,1,1,2,2,3,2,2,4,1,3,3,1,4,1,0,0,0,0,0,0,0,0,0,0,0,0,0,0,0,0,0,0,0,1,0,NA,1,0,0,1,1,1,0,0,0,1,1,0,0,1,1,1,0,0,0,NA,5,2,0,NA,5,3,5,3,3,4,4,3,3,2,1,1,7,7,1,1,7,5,1,1,1,4,4,1,4,3,1,3,1,4,4,4,3,2,2,1,1,1,1,1,2,2,2,3,4,4,1,3,1,1,NA,NA,NA,NA,NA,1,0,4,2,1,1,ORANGE,1,1,1,1,1,1,1,2,0,0,3,0,1,1,2,1,1,1,2,0,1,0,2,0,0,1,0,1,1,5,7,7,4,4,4,7,7,4,7,4,5,7,5,3,7,7,1,7,1,7,4,1,1,1,2,2,3,4,2,2,1,0,1,2.6666666666666665,4,Probable AUD,1.8333333333333333,3,1.3333333333333333,1,2,7,6,2,3,3,3,2,4,4,3,5,3,5,8,1.6666666666666667,3.6666666666666665,8,14,16,17,43,17,21,35,4.555555555555555,2.5833333333333335,1,3.25,3.5,5,1,2,1,1,3
1.7605633802816902,-0.9390867238697518,0.6982640265222269,7,2025-07-30T13:29:24Z,2025-07-30T13:37:08Z,100,464,1,2025-07-30T13:37:09Z,R_1OjucJGpmKOm97b,anonymous,1,1,3,1,1,1,35,Male,0,0,1,0,0,0,0,0,Full Time,"$100,000 - $149,999",Bachelor's degree,27615,1,0,Never married,Christian,Once or twice a year,0,NA,NA,NA,NA,NA,NA,NA,Aetna,3 to 7 years,1,1,1,0,0,0,0,1,0,1,1,1,1,1,0,1-8 hours,1,0,0,0,0,0,1,0,0,0,1,0,0,0,0,0,0,0,0,NA,NA,NA,NA,NA,0,1,1,1,1,0,0,0,0,0,FALSE,0,FALSE,1,1,0,0,0,0,0,Donate,Child,Male,66,Developmental or intellectual disorder,NA,Lives with me,NA,3,3,3,3,2,2,2,2,1,2,2,2,2,2,3,2,2,2,2,3,1,3,2,3,2,2,2,1,0,1,0,0,1,1,1,0,0,1,1,0,0,1,0,1,0,1,0,0,0,NA,9,0,0,0,1,0,0,0,0,0,0,0,0,0,0,0,0,0,0,NA,9,1,0,NA,7,3,3,3,3,2,1,4,2,1,5,5,5,3,7,5,6,5,6,5,4,4,4,5,5,4,4,4,4,6,5,5,4,3,1,3,2,3,3,4,3,2,3,3,2,5,3,2,2,1,1,NA,NA,NA,NA,0,0,3,4,4,4,ORANGE,1,1,1,1,0,0,1,1,1,1,1,1,1,2,1,2,2,2,3,2,2,2,2,3,2,2,2,3,1,4,3,5,5,4,5,5,6,3,5,5,6,6,5,6,6,6,5,6,5,6,5,4,4,3,2,3,3,3,3,2,2,1,0,3.5555555555555554,12,Probable AUD,3,4,2,3.3333333333333335,2.6666666666666665,5,5,5,5,5,4,4,2,4,4,4,3,6,5,2.3333333333333335,3.3333333333333335,26,20,26,35,40,21,21,24,2.7777777777777777,4.5,4.5,4.5,4.5,3,0,4,1,1,3
2.1186440677966103,-0.9901787736819657,0.8168835090753201,15,2025-07-30T13:29:19Z,2025-07-30T13:37:46Z,100,506,1,2025-07-31T21:38:27Z,R_5ddjF8QL9q9dLaG,anonymous,1,1,1,1,0,1,44,Female,0,0,0,0,0,0,1,0,Full Time,"$20,000 - $49,999",Less than high school degree,74501,1,0,Divorced/Separated,Christian,Every month,0,NA,NA,NA,NA,NA,NA,NA,Blue Cross,1 to 3 years,1,1,1,1,1,1,0,1,1,1,1,1,1,1,0,21-40 hours,0,0,0,0,0,1,0,1,0,0,0,0,0,0,0,0,0,0,0,NA,NA,NA,NA,NA,0,0,0,0,0,0,0,0,0,0,FALSE,1,FALSE,1,1,0,0,0,0,0,Free healthcare,Parent,Female,86,Long-term physical condition,NA,Lives with me,NA,2,2,1,1,2,1,2,1,1,2,1,2,1,2,2,1,3,2,2,2,1,4,4,2,2,1,4,1,0,0,0,0,0,0,0,0,0,0,0,0,0,0,0,0,0,0,0,1,0,NA,1,0,0,0,1,0,0,0,0,0,0,0,0,0,0,1,0,0,0,NA,2,1,0,NA,1,3,3,3,3,5,5,4,3,3,1,1,5,5,6,5,5,5,2,4,5,4,4,3,5,5,5,2,3,3,4,1,1,1,1,1,1,1,1,1,1,1,1,1,1,1,2,2,2,NA,NA,NA,NA,NA,NA,0,0,1,1,1,1,ORANGE,0,0,0,0,0,0,0,0,0,0,0,0,0,0,0,0,0,0,0,0,0,1,0,0,0,0,0,1,1,7,6,7,7,7,7,5,7,7,4,5,2,5,1,2,2,5,2,5,2,6,6,2,2,2,2,1,2,3,1,2,1,0,1,2.4444444444444446,3,Probable AUD,1,1,1,1,1,4,4,2,2,4,6,2,2,5,2,4,3,4,8,2,1,0,0,2,13,34,14,35,29,4.111111111111111,3.9166666666666665,3.75,4,4,0,0,1,1,1,3
1.3736263736263736,-0.889823953300697,0.41980286708093895,5,2025-07-30T13:29:45Z,2025-07-30T13:39:13Z,100,568,1,2025-07-30T13:39:14Z,R_5EXxPlLaT1bX7Cp,anonymous,1,1,3,1,2,1,29,Female,0,0,0,0,0,0,1,0,Unemployed and looking,"$50,000 - $99,999",Bachelor's degree,49006,3,0,Married or living with a partner,Atheist/Agnostic,Once or twice a year,0,NA,NA,NA,NA,NA,NA,NA,Doctor,3 to 7 years,0,0,1,0,0,0,0,0,1,0,0,0,0,0,0,9-20 hours,0,1,1,0,1,0,1,0,0,1,1,0,0,0,0,0,0,0,1,2,2,3,1,1,0,1,0,0,0,1,0,0,1,0,FALSE,0,FALSE,1,0,0,0,0,0,0,Help if I'm in need,Other family member,Male,66,Developmental or intellectual disorder,NA,Lives with me,NA,3,2,3,3,3,2,1,2,1,2,1,2,4,1,1,1,1,1,2,3,2,2,3,4,3,2,1,1,0,0,0,0,1,1,0,1,0,0,1,0,0,0,0,0,0,0,1,0,0,NA,5,1,0,1,1,0,1,1,1,1,0,1,0,0,1,0,1,0,0,NA,4,2,1,Sports,6,3,2,3,3,4,3,3,5,2,5,5,2,3,3,4,3,4,3,3,4,3,1,1,2,4,4,3,7,3,4,1,3,3,2,3,3,2,1,3,5,4,2,4,1,2,1,1,2,NA,NA,NA,NA,NA,NA,0,0,2,1,1,1,ORANGE,1,0,0,0,0,0,3,2,2,1,2,1,2,1,2,0,0,2,1,1,2,1,3,3,3,2,1,1,1,7,7,7,7,5,3,6,6,4,4,5,5,2,2,5,6,6,3,3,3,3,3,4,6,2,4,4,4,2,2,3,1,0,1,2.888888888888889,3,Probable AUD,2.6666666666666665,2.3333333333333335,2.6666666666666665,2,3.6666666666666665,5,3,5,4,4,5,3,3,3,6,4,2,7,3,1.3333333333333333,2.3333333333333335,22,28,20,28,28,22,26,30,4.444444444444445,3.25,3.75,2.75,3.25,0,0,5,1,1,3
1.953125,-0.9747772749538219,0.8008560353149201,18,2025-07-30T13:29:32Z,2025-07-30T13:39:42Z,100,610,1,2025-07-30T13:39:43Z,R_72GDflLd0VQ7lLS,anonymous,1,1,1,1,1,1,29,Male,0,0,1,0,0,0,0,0,Full Time,"$50,000 - $99,999",Associate's degree,19102,1,1,Never married,Christian,Once or twice a year,1,1,NA,NA,NA,NA,NA,4,USAA,3 to 7 years,1,1,1,1,1,1,0,1,1,1,1,1,1,1,0,40+ hours,1,1,1,1,1,0,1,1,1,1,1,1,1,1,0,0,0,0,0,NA,NA,NA,NA,NA,1,1,1,1,1,1,1,1,1,1,FALSE,0,FALSE,1,1,1,1,1,1,0,Check to see if I need help regularly.,Other family member,Female,70,Emotional or mental health issue,NA,Lives with me,NA,3,2,2,3,3,3,3,3,3,3,3,3,3,3,3,3,3,3,3,3,3,2,3,3,3,4,4,4,0,1,1,0,1,1,0,0,1,0,1,0,1,1,0,0,0,0,0,0,0,NA,9,0,0,0,1,1,1,0,0,0,0,0,0,0,1,1,1,0,0,NA,9,1,1,Community Care,5,2,1,2,3,1,3,2,2,1,6,5,6,5,7,5,7,6,6,5,5,5,6,6,6,6,5,6,6,6,6,4,4,4,4,3,4,2,2,2,4,2,2,4,4,4,4,3,4,1,1,1,NA,NA,1,0,0,3,4,1,2,ORANGE,0,1,1,0,0,1,1,1,2,1,2,1,2,0,1,2,2,2,1,2,1,2,1,1,2,2,2,2,1,3,3,5,5,5,3,5,4,3,5,5,7,5,5,6,5,5,6,5,6,6,5,6,6,2,3,3,3,3,3,3,3,1,0,4.111111111111111,7,Probable AUD,3.0833333333333335,4,3.6666666666666665,2,2.6666666666666665,6,5,5,6,6,6,6,6,6,7,6,7,6,6,3.6666666666666665,4,18,20,24,42,36,23,19,22,2.1111111111111107,5.666666666666667,5.5,5.5,6,3,0,2,1,1,3
1.4534883720930232,-0.8257200118170526,0.35485824969022867,11,2025-07-30T13:29:06Z,2025-07-30T13:40:15Z,100,669,1,2025-07-30T13:40:16Z,R_505KvKIcgPodt4w,anonymous,1,1,1,0,0,1,42,Female,0,0,0,1,0,0,0,0,Full Time,"$50,000 - $99,999",Some college,34952,0,2,Married or living with a partner,Christian,Weekly,0,NA,NA,NA,NA,NA,NA,NA,cigna,Less than one year,0,0,1,1,1,1,0,1,1,1,0,1,1,1,0,9-20 hours,1,1,1,1,1,0,1,0,0,1,0,0,0,0,0,0,0,0,0,NA,NA,NA,NA,NA,0,1,1,0,1,1,0,0,0,0,FALSE,0,FALSE,0,1,1,0,1,0,0,be morse supportive emtionally and financially.  There is no help out there for us and its sad.  No one gives a damn/,Spouse,Female,45,Long-term physical condition,NA,Lives with me,NA,3,4,4,4,3,3,3,4,3,3,3,4,3,3,1,4,3,1,4,2,1,2,3,4,3,4,2,3,0,0,0,0,0,0,1,0,0,1,0,0,0,0,0,0,0,0,0,0,0,NA,2,0,0,0,1,1,0,1,0,0,1,0,0,0,1,1,1,0,0,NA,6,2,0,NA,6,4,5,4,5,5,5,4,5,4,6,2,6,2,2,6,7,4,2,6,2,2,6,1,7,6,7,7,1,4,2,5,4,4,5,5,4,4,5,2,5,4,4,5,2,4,3,4,4,NA,NA,NA,NA,NA,NA,0,0,1,1,1,1,ORANGE,0,1,1,1,1,1,3,2,3,3,3,3,2,2,3,3,3,3,3,3,3,3,3,3,3,2,3,4,1,6,6,5,7,3,5,7,3,2,6,1,5,6,7,3,5,1,7,5,7,1,6,7,7,1,2,2,1,2,2,1,1,0,1,1.4444444444444446,3,Probable AUD,4.25,4.333333333333333,4.666666666666667,3.6666666666666665,4.333333333333333,7,7,8,7,4,6,7,4,7,7,6,4,6,4,3.6666666666666665,3.6666666666666665,40,36,42,43,25,12,23,27,3.8888888888888893,4.25,2.5,4.75,5.5,5,0,1,1,1,3
1.404494382022472,-0.9651316405163608,0.7810029727614989,9,2025-07-30T13:29:38Z,2025-07-30T13:41:28Z,100,709,1,2025-07-30T13:41:28Z,R_7IvoePz4bpqBE6V,anonymous,1,1,1,0,0,1,41,Female,0,0,1,0,0,0,0,0,Full Time,"> $150,000",Associate's degree,20044,1,0,Married or living with a partner,Christian,Every month,0,NA,NA,NA,NA,NA,NA,NA,Kaiser Permanente,1 to 3 years,1,1,0,1,1,0,0,0,1,1,0,1,1,1,0,9-20 hours,0,0,0,0,1,0,0,0,1,0,0,0,0,0,0,0,1,1,0,NA,NA,NA,NA,NA,0,1,0,1,1,0,1,0,0,0,FALSE,0,FALSE,1,0,1,0,0,1,0,Just be a listening ear for her if I am not around and make sure she is safe,Parent,Female,60,Long-term physical condition,NA,Lives in their own home,NA,2,1,2,1,2,3,4,1,1,3,1,3,1,3,3,2,3,3,2,4,2,3,4,3,2,1,4,1,0,0,0,0,0,0,0,0,1,1,0,0,0,0,0,0,0,0,1,0,0,NA,5,0,0,1,1,1,1,0,1,0,1,0,0,0,0,1,1,0,0,NA,7,2,1,Women groups,3,3,3,2,1,2,2,1,3,3,1,1,7,7,1,1,3,5,1,5,6,2,2,6,4,5,2,4,5,4,6,2,2,3,4,2,3,2,2,3,3,3,2,4,5,4,4,3,5,1,NA,NA,NA,1,1,0,1,4,3,2,3,ORANGE,1,1,1,0,0,0,1,0,0,0,0,1,0,0,0,0,0,0,0,0,0,1,0,0,0,0,0,2,1,3,6,6,3,4,5,4,5,6,5,3,1,4,1,3,6,7,5,6,2,5,5,2,1,2,3,1,1,3,2,3,1,0,1,3.7777777777777777,8,Probable AUD,2.5833333333333335,2.3333333333333335,3,2.3333333333333335,2.6666666666666665,4,5,3,2,5,7,5,3,6,2,5,4,7,7,4,4.333333333333333,4,0,2,15,36,16,21,26,5,4.25,5.5,2.5,4.75,2,0,1,1,1,3
2.0833333333333335,-0.9701947091683597,0.4812192132616343,15,2025-07-30T13:30:00Z,2025-07-30T13:42:04Z,100,724,1,2025-07-30T13:42:05Z,R_1p3meFPZhkr5UPN,anonymous,1,1,1,0,0,1,30,Female,0,0,0,0,0,0,1,0,Part Time,"$20,000 - $49,999",Bachelor's degree,19073,0,0,Never married,Other,Once or twice a year,0,NA,NA,NA,NA,NA,NA,NA,None,Less than one year,0,1,1,1,1,1,0,0,1,1,1,1,0,0,0,9-20 hours,0,0,1,0,1,0,1,1,0,0,0,0,0,0,0,0,0,1,0,NA,NA,NA,NA,NA,1,0,0,0,0,0,0,0,1,0,FALSE,0,FALSE,1,1,1,0,0,0,0,More support,Parent,Male,64,Long-term physical condition,NA,Lives in their own home,NA,4,4,4,4,4,4,2,2,2,2,2,3,4,3,3,1,1,2,2,1,1,1,3,3,3,2,1,1,0,0,0,0,0,0,0,0,0,0,0,0,0,0,0,0,0,0,0,1,0,NA,1,0,0,0,0,1,0,0,0,0,0,0,0,0,0,0,0,0,0,NA,8,1,0,NA,9,5,4,4,2,3,1,1,1,1,1,1,7,7,1,7,7,1,1,2,1,1,1,1,5,5,1,5,1,4,5,3,5,5,5,5,5,4,5,4,4,4,1,4,4,2,2,2,3,NA,NA,NA,NA,NA,NA,1,0,4,3,2,2,ORANGE,1,1,1,1,1,1,3,2,2,2,2,2,2,2,2,2,2,2,2,2,2,2,3,3,3,3,2,1,1,5,6,6,4,6,6,5,5,3,5,6,5,5,6,5,5,6,5,5,5,6,4,5,6,1,4,1,1,4,1,3,1,0,1,3.5555555555555554,7,Probable AUD,4.166666666666667,4.333333333333333,5,4.333333333333333,3,6,6,6,6,7,5,5,3,4,6,6,3,4,2,2.3333333333333335,3.3333333333333335,32,32,30,37,37,16,24,27,4.333333333333334,2.6666666666666665,1.25,1.75,5,5,1,1,1,1,3
1.1682242990654206,-0.9467736724704782,0.6681163634560204,4,2025-07-30T13:30:47Z,2025-07-30T13:43:02Z,100,735,1,2025-07-30T13:43:03Z,R_5qPXqPIE8p2FRD4,anonymous,1,1,1,0,0,1,65,Male,0,0,0,0,0,0,1,0,Full Time,"$100,000 - $149,999",Bachelor's degree,11203,1,0,Married or living with a partner,Christian,Weekly,0,NA,NA,NA,NA,NA,NA,NA,Medicare,8 to 12 years,0,0,1,0,0,0,0,0,0,1,0,0,0,0,0,1-8 hours,0,0,1,1,0,0,0,1,0,0,1,0,0,0,0,0,1,0,0,NA,NA,NA,NA,NA,0,1,0,1,0,0,0,0,0,0,FALSE,0,FALSE,0,0,1,1,0,0,0,"Offering regular emotional support and understanding

Providing respite care to give me breaks

Helping with errands or household chores

Sharing information about local resources and support groups",Spouse,Male,40,Long-term physical condition,NA,Lives with me,NA,3,2,1,2,3,2,2,2,2,3,2,1,2,1,2,2,2,3,2,1,2,2,2,1,2,3,2,2,1,0,1,0,1,1,0,0,1,0,0,0,0,0,0,0,0,0,0,0,0,NA,5,0,0,0,1,1,1,0,0,0,1,0,0,0,0,1,1,0,0,NA,7,2,0,NA,6,1,2,3,4,3,2,1,2,3,3,4,5,4,5,4,3,4,5,4,4,5,4,5,4,5,6,5,4,3,4,2,3,4,2,2,3,1,3,2,3,4,3,3,4,3,3,4,3,NA,NA,NA,1,NA,NA,0,1,2,3,2,2,ORANGE,1,1,0,1,0,1,1,2,1,2,1,2,1,0,1,2,1,0,1,2,1,1,1,2,1,2,1,2,1,4,5,4,3,4,5,4,3,6,3,2,3,4,5,6,5,4,5,4,3,2,3,4,5,3,2,1,2,3,2,3,2,1,0,3.6666666666666665,7,Probable AUD,2.6666666666666665,3,2.3333333333333335,2,3.3333333333333335,5,4,3,4,5,5,4,4,3,5,3,5,2,4,3.3333333333333335,3.3333333333333335,16,20,16,31,24,18,22,19,3.8888888888888893,4.416666666666667,4.25,4.5,4.5,3,0,1,1,1,3
1.3440860215053763,-0.9738352618459915,0.7884452296776481,6,2025-07-30T13:29:53Z,2025-07-30T13:43:19Z,100,805,1,2025-07-30T13:43:19Z,R_50YfxKhQzbm0U5Y,anonymous,1,0,0,1,1,1,53,Female,0,0,0,1,0,0,0,0,Unemployed and looking,"$50,000 - $99,999",Less than high school degree,90650,1,0,Married or living with a partner,Christian,Weekly,0,NA,NA,NA,NA,NA,NA,NA,LA Care,1 to 3 years,1,0,1,0,0,0,0,0,1,0,0,1,0,0,0,1-8 hours,0,0,0,0,1,0,0,0,0,0,0,1,0,1,0,0,0,0,0,NA,NA,NA,NA,NA,0,1,0,0,1,0,0,1,0,0,FALSE,0,FALSE,0,1,0,0,1,0,0,I don't know,Child,Male,14,Short-term physical condition,NA,Lives with me,NA,1,1,2,2,1,2,1,2,1,1,2,2,2,1,2,3,2,1,1,2,3,4,3,1,2,3,1,1,0,0,0,0,0,1,0,0,0,1,0,0,0,0,0,0,0,0,0,0,0,NA,4,0,0,0,1,0,0,0,0,0,0,0,0,0,0,1,0,0,0,NA,7,2,1,"Church, community",5,2,4,2,2,1,2,2,3,2,3,2,5,5,5,4,6,6,4,5,5,6,6,5,4,4,5,5,4,4,5,2,3,2,4,3,2,3,2,4,3,4,4,2,3,4,3,4,4,NA,NA,NA,NA,NA,NA,0,0,2,3,1,1,ORANGE,0,0,0,0,0,0,0,1,2,0,1,2,0,0,0,1,0,1,1,0,0,1,1,2,1,0,1,1,1,6,4,4,6,5,5,4,6,2,5,4,2,5,3,4,2,3,2,6,3,5,2,3,3,3,2,2,2,2,2,2,1,0,1,3.7777777777777777,5,Probable AUD,3,2.3333333333333335,3,3,3.6666666666666665,2,2,4,4,3,4,5,4,4,5,3,2,3,5,3.6666666666666665,3,10,4,16,20,27,16,24,23,3.5555555555555554,4.833333333333333,4.75,5.25,4.5,0,0,1,1,1,3
1.6025641025641026,-0.8899408393885428,0.5934632423293082,9,2025-07-31T20:55:40Z,2025-07-31T21:03:56Z,100,495,1,2025-07-31T21:38:27Z,R_1MDKWPOwOUjrJHR,anonymous,1,1,1,1,1,1,26,Female,0,0,1,0,0,0,0,0,Full Time,"> $150,000",Bachelor's degree,85044,1,1,Widowed,Christian,Weekly,0,NA,NA,NA,NA,NA,NA,NA,Mecery,1 to 3 years,1,1,0,0,0,0,0,1,0,0,0,0,0,0,0,9-20 hours,1,0,1,0,0,0,0,1,1,0,1,0,0,0,0,0,1,1,1,2,2,2,1,3,0,0,1,0,1,0,1,0,0,0,FALSE,0,FALSE,0,1,0,1,1,0,0,Yyuu,Grandpartent,Male,75,Emotional or mental health issue,NA,Independent living or retirement community,NA,2,3,3,2,2,2,3,3,2,2,3,2,1,2,4,4,3,2,3,2,1,3,3,1,3,3,2,3,0,0,0,0,1,0,1,1,0,0,0,0,0,0,0,0,0,0,0,0,0,NA,3,0,0,0,1,0,1,0,1,0,0,0,0,0,0,0,0,0,0,NA,6,2,1,Yrhr,6,3,4,2,2,3,5,5,4,3,4,5,4,4,7,5,5,4,4,4,5,5,5,5,4,5,5,3,5,5,6,3,5,4,4,4,3,4,3,4,4,3,3,3,3,5,2,5,4,NA,NA,NA,1,NA,NA,0,0,2,3,3,3,ORANGE,0,0,0,0,0,0,2,2,3,2,3,3,2,2,2,3,3,2,2,2,2,2,2,2,2,2,1,3,1,4,5,5,5,6,6,5,5,3,4,4,5,4,6,5,6,4,6,5,5,4,4,3,4,2,3,2,2,2,4,2,2,0,1,2.5555555555555554,9,Probable AUD,3.6666666666666665,4,3.6666666666666665,3.6666666666666665,3.3333333333333335,5,6,6,5,6,5,6,3,5,4,5,5,3,5,3.6666666666666665,3.6666666666666665,32,28,32,34,31,19,24,24,3.333333333333333,4.75,4.75,5,4.5,0,0,2,0,1,2
1.5822784810126582,-0.9302478529768853,0.7045309841396324,14,2025-07-31T20:56:31Z,2025-07-31T21:04:31Z,100,480,1,2025-07-31T21:38:27Z,R_6VQ2CIkOkgmjCWX,anonymous,1,1,1,1,1,1,29,Female,0,0,0,1,0,0,0,0,Full Time,"$50,000 - $99,999",Less than high school degree,55901,1,1,Never married,Christian,Once or twice a year,0,NA,NA,NA,NA,NA,NA,NA,Geico,1 to 3 years,0,1,0,0,0,0,0,0,0,1,0,0,0,0,0,1-8 hours,0,1,0,0,0,0,0,0,0,0,0,1,0,0,0,0,1,1,1,2,3,3,3,3,0,0,0,1,0,0,1,0,0,0,FALSE,0,FALSE,0,1,0,0,0,0,0,Have better conversation and better communication,Other family member,Female,50,Long-term physical condition,NA,Lives in someone else's home,NA,1,3,2,3,3,2,2,3,2,2,2,2,4,2,2,2,2,3,2,2,2,2,3,2,2,2,2,2,0,0,0,0,0,1,0,1,1,0,0,0,0,0,0,0,0,0,0,0,0,NA,5,0,0,0,1,1,0,0,0,1,0,0,0,0,0,0,0,0,0,NA,6,2,1,Tick tock,7,3,3,2,2,2,3,2,2,2,5,5,4,5,4,5,4,5,5,4,4,5,4,5,4,5,4,5,5,5,4,3,2,2,3,3,2,4,2,3,2,3,2,2,4,4,4,3,4,NA,1,NA,NA,NA,NA,1,0,3,2,3,3,ORANGE,0,0,0,0,0,0,1,1,1,1,2,1,2,1,2,1,2,1,2,1,3,1,2,1,3,2,1,3,1,3,5,6,5,5,6,5,6,3,6,5,5,5,5,5,5,5,5,5,5,5,5,5,5,3,2,2,3,2,3,3,3,0,1,3.6666666666666665,8,Probable AUD,2.5833333333333335,2.3333333333333335,2.6666666666666665,3,2.3333333333333335,3,5,5,5,5,5,4,4,4,6,4,5,4,4,3.6666666666666665,3.3333333333333335,16,28,20,35,35,21,22,28,3.333333333333333,4.5,4.5,4.5,4.5,0,0,2,1,1,3
1.8115942028985508,-0.963198008811593,0.5545344422440515,15,2025-07-31T20:56:42Z,2025-07-31T21:04:46Z,100,484,1,2025-07-31T21:04:48Z,R_3fdqBHWAYTC5dpK,anonymous,1,1,3,1,3,1,34,Male,0,0,0,1,0,0,0,0,Disabled or retired and not looking,"$20,000 - $49,999",Less than high school degree,89101,0,1,Divorced/Separated,Other,Never,0,NA,NA,NA,NA,NA,NA,NA,Anthem blue cross blue shield,Less than one year,0,0,0,0,0,0,1,0,0,0,0,0,0,0,1,40+ hours,0,0,0,0,0,1,0,0,0,0,0,0,0,0,1,1,0,0,0,NA,NA,NA,NA,NA,1,1,0,0,0,0,0,0,0,0,FALSE,0,FALSE,1,1,0,0,0,0,0,Farabi wellness center,Parent,Male,35,Memory problems,NA,Lives with me,NA,3,2,3,3,2,4,3,3,3,2,1,2,3,2,3,4,1,2,3,2,2,2,3,3,3,1,2,2,0,1,0,0,0,0,0,0,0,0,0,0,0,0,0,0,0,0,0,0,0,NA,9,0,0,0,1,1,0,0,0,0,1,0,0,0,1,0,1,0,0,NA,9,1,0,NA,9,3,3,3,4,4,3,3,3,4,4,4,4,5,4,4,5,4,5,4,3,4,3,5,4,5,5,5,4,4,5,3,3,3,2,3,3,3,4,4,3,3,3,2,1,1,1,3,3,NA,NA,NA,NA,NA,NA,1,1,5,5,5,4,“ORANGE”,1,1,1,1,1,1,2,2,1,1,2,1,3,3,3,3,3,3,3,3,3,3,3,3,3,3,3,2,1,6,6,5,5,5,5,4,5,3,6,5,4,5,5,6,5,6,5,4,3,5,4,4,5,3,2,2,2,3,3,2,2,1,0,2.6666666666666665,14,Probable AUD,3.0833333333333335,3,2.6666666666666665,3.6666666666666665,3,6,5,6,4,5,5,8,5,3,4,5,4,5,4,2.3333333333333335,1.3333333333333333,36,36,36,32,34,19,24,26,3.666666666666667,4.25,4,4,4.75,5,1,6,1,0,2
1.8656716417910448,-0.9925096151628374,0.8353800579535026,19,2025-07-31T20:56:59Z,2025-07-31T21:05:17Z,100,497,1,2025-07-31T21:38:27Z,R_5UKEdpfShyZ7JpT,anonymous,1,1,1,0,0,1,23,Male,0,0,1,0,0,0,0,0,Full Time,"$50,000 - $99,999",High school diploma or equivalent,60640,0,0,Never married,Atheist/Agnostic,Never,0,NA,NA,NA,NA,NA,NA,NA,Medicaid,3 to 7 years,1,1,0,0,0,0,0,1,1,1,1,1,1,1,0,40+ hours,0,1,0,0,0,0,0,0,0,0,0,0,0,0,0,1,0,0,0,NA,NA,NA,NA,NA,1,1,0,0,0,0,0,0,0,0,FALSE,0,FALSE,0,0,0,0,1,0,0,Make things easier for me by offering their help,Friend,Male,67,Long-term physical condition,NA,Lives in their own home,NA,2,2,2,4,2,3,2,3,2,1,2,1,3,3,2,4,3,1,2,1,1,2,1,2,4,3,3,4,0,0,0,0,0,1,0,0,0,0,0,0,0,0,0,0,0,0,0,0,0,NA,2,0,0,0,1,0,0,0,0,0,1,0,0,0,1,1,1,0,0,NA,6,1,0,NA,1,3,3,2,3,3,3,2,3,3,5,6,5,5,4,6,6,6,7,7,5,6,6,5,4,5,5,7,7,4,5,4,4,4,3,2,2,2,1,2,2,3,3,3,3,4,3,3,3,1,NA,1,NA,NA,NA,0,0,1,1,1,1,ORANGE,0,0,0,0,0,0,0,1,0,0,0,0,0,0,0,0,0,0,0,0,0,0,0,0,0,0,0,1,1,5,6,6,4,4,4,3,6,2,3,5,5,4,5,5,6,6,4,4,4,4,6,6,7,1,1,1,1,1,1,1,1,1,0,3.2222222222222223,3,Not detected,2.6666666666666665,4,2.3333333333333335,1.6666666666666667,2.6666666666666665,4,4,5,6,4,2,7,3,4,6,7,5,3,5,3,3.3333333333333335,0,2,0,36,35,8,19,24,2.4444444444444446,5.5,6,5.25,5.25,0,0,1,1,1,3
1.4705882352941178,-0.9159407842617094,0.688838296300351,6,2025-07-31T20:58:11Z,2025-07-31T21:05:58Z,100,466,1,2025-07-31T21:38:27Z,R_3jfA9y6DGKfhYf2,anonymous,1,1,1,1,1,1,24,Male,0,0,0,0,0,0,1,0,Full Time,"$20,000 - $49,999",Associate's degree,94577,0,1,Never married,Christian,Weekly,1,NA,1,NA,NA,NA,NA,1,Usa,Less than one year,1,0,0,0,0,0,0,0,0,1,0,0,0,0,0,9-20 hours,0,1,0,0,0,0,1,0,0,0,0,0,0,0,0,0,0,0,0,NA,NA,NA,NA,NA,1,0,0,0,0,0,0,0,0,0,FALSE,0,FALSE,1,0,0,0,0,0,0,Good,Parent,Male,55,Developmental or intellectual disorder,NA,Lives with me,NA,4,3,3,3,3,3,3,2,3,2,2,4,3,3,2,3,2,3,1,3,3,3,2,3,3,3,3,4,0,1,0,0,0,0,0,0,0,0,0,0,0,0,0,0,0,0,0,0,0,NA,9,0,0,1,0,0,0,0,0,0,0,0,0,0,0,0,0,0,0,NA,9,2,1,Usa,9,3,2,4,3,2,2,1,1,2,4,6,3,5,5,7,5,5,5,5,5,4,7,6,6,6,5,6,5,5,5,3,2,3,4,4,3,3,4,3,3,4,3,2,3,4,4,2,4,NA,1,NA,NA,NA,NA,0,0,1,1,1,1,ORANGE,0,0,0,0,0,0,2,3,3,2,2,1,1,1,1,3,2,2,3,2,2,1,1,2,0,1,3,1,1,4,5,6,6,5,6,5,6,3,5,5,6,5,6,7,6,4,4,5,4,4,6,5,1,1,1,2,3,3,3,2,3,1,0,3.7777777777777777,3,Not detected,3.25,2.6666666666666665,3.6666666666666665,3.3333333333333335,3.3333333333333335,5,6,5,5,5,4,6,6,6,6,6,7,6,6,3.3333333333333335,3,24,20,32,33,35,18,24,27,3,5.416666666666667,5.25,5.25,5.75,0,0,2,1,1,3
1.5822784810126582,-0.985479659426147,0.7926324175389164,5,2025-07-31T20:56:51Z,2025-07-31T21:06:00Z,100,549,1,2025-07-31T21:06:02Z,R_7nsoBVnLhQ5tFdv,anonymous,1,1,1,1,1,1,28,Female,0,0,0,0,0,0,1,0,Unemployed and looking,"$50,000 - $99,999",Less than high school degree,89122,2,0,Married or living with a partner,Atheist/Agnostic,Never,0,NA,NA,NA,NA,NA,NA,NA,Anthem,3 to 7 years,0,1,1,1,1,1,0,1,1,1,0,1,1,0,0,9-20 hours,0,0,0,0,1,0,0,0,0,0,0,0,0,0,1,0,1,1,0,NA,NA,NA,NA,NA,1,1,0,1,0,1,0,0,0,0,FALSE,0,FALSE,0,1,0,0,0,0,0,Just to help people.,Child,Male,9,Long-term physical condition,NA,Lives with me,NA,2,3,3,1,3,4,3,3,4,2,1,3,3,3,4,3,2,2,2,2,1,3,2,4,3,2,3,3,0,1,0,0,1,0,0,0,1,1,0,0,0,0,0,0,0,0,0,0,0,NA,8,0,0,0,1,1,0,1,0,0,1,0,0,1,1,1,1,0,0,NA,8,2,0,NA,6,3,4,3,3,4,3,3,4,3,4,5,4,5,5,5,5,5,6,6,6,5,5,6,6,5,5,6,5,5,7,5,4,4,2,2,3,3,2,3,2,2,3,3,3,3,4,4,5,NA,NA,NA,NA,NA,NA,0,0,3,1,1,1,ORANGE,0,0,0,0,0,0,1,0,1,1,1,1,0,1,0,0,0,1,2,2,2,2,3,1,2,2,1,1,1,6,6,4,4,5,5,3,2,7,5,4,4,3,5,4,4,7,3,7,2,5,7,2,1,3,3,2,2,3,3,3,3,0,1,2.6666666666666665,3,Probable AUD,2.9166666666666665,4.333333333333333,2.3333333333333335,2.6666666666666665,2.3333333333333335,4,6,6,2,7,4,7,5,5,5,6,5,6,6,4.333333333333333,3,14,14,20,21,37,22,27,20,3.1111111111111107,5.583333333333333,5.75,5,6,0,0,2,1,1,3
1.5625,-0.8767633197467852,0.5623816784710177,6,2025-07-31T20:57:20Z,2025-07-31T21:06:01Z,100,520,1,2025-07-31T21:06:03Z,R_6JHTYAgEJ5ow0Tv,anonymous,1,1,1,1,1,1,36,Male,0,0,0,0,0,0,1,0,Full Time,"$20,000 - $49,999",Less than high school degree,94538,1,0,Married or living with a partner,Christian,Every month,0,NA,NA,NA,NA,NA,NA,NA,Blue,1 to 3 years,1,0,0,0,0,1,0,0,0,1,0,0,0,0,0,1-8 hours,0,1,0,1,0,0,0,1,0,0,1,0,0,0,0,0,1,1,1,1,2,2,2,2,0,1,0,1,0,1,0,0,0,0,FALSE,0,FALSE,0,1,0,0,1,0,0,Partner,Spouse,Female,34,Memory problems,NA,Lives with me,NA,3,3,3,2,3,3,3,4,3,2,3,3,2,2,2,1,3,2,2,3,3,3,3,3,2,2,2,3,1,0,0,0,0,0,1,0,0,0,0,0,0,0,0,1,0,1,0,0,0,NA,7,0,0,1,0,0,1,0,1,1,0,0,0,0,0,0,0,0,0,NA,6,2,1,Social,6,3,2,2,3,2,3,3,1,2,6,6,5,5,4,6,6,5,6,6,5,4,5,5,5,4,6,7,3,4,4,4,5,3,2,4,4,5,4,4,2,2,4,3,3,4,3,5,2,1,NA,NA,1,NA,NA,1,0,3,3,2,2,ORANGE,1,1,1,1,1,1,1,2,2,1,2,3,3,1,1,2,3,3,3,2,3,1,1,2,2,2,3,2,1,5,6,5,4,4,4,4,3,5,1,5,5,5,4,4,3,3,5,6,3,4,4,5,4,2,2,1,4,3,1,1,1,1,0,3.6666666666666665,7,Probable AUD,3.5833333333333335,4,3.3333333333333335,4.333333333333333,2.6666666666666665,5,6,7,5,5,5,4,6,6,4,4,5,6,5,3.3333333333333335,3.3333333333333335,30,28,28,30,30,15,22,19,2.5555555555555554,4.833333333333333,4.75,4.75,5,5,1,2,1,1,3
1.7123287671232876,-0.9646768985959221,0.7714284613141869,8,2025-07-31T20:57:44Z,2025-07-31T21:06:05Z,100,500,1,2025-07-31T21:38:27Z,R_7ferHairrFVAred,anonymous,1,1,1,1,1,1,32,Male,0,0,0,1,0,0,0,0,Unemployed and looking,"> $150,000",Associate's degree,11372,1,0,Divorced/Separated,Atheist/Agnostic,Every month,0,NA,NA,NA,NA,NA,NA,NA,Blue Cross,3 to 7 years,0,0,0,1,1,0,0,0,0,0,1,0,1,0,0,40+ hours,0,0,1,1,0,0,0,0,0,1,1,0,0,1,0,0,1,0,0,NA,NA,NA,NA,NA,0,0,1,0,1,0,0,0,1,0,FALSE,0,FALSE,0,0,1,0,1,0,0,be gerenous,Child,Male,95,Emotional or mental health issue,NA,Lives in their own home,NA,3,4,3,3,3,3,4,4,3,4,3,3,2,3,3,3,3,4,3,3,3,3,2,3,3,3,4,3,0,1,1,0,0,0,0,0,0,0,1,0,0,0,0,0,0,0,0,0,0,NA,7,0,0,1,1,0,0,1,0,1,1,0,0,0,0,1,0,0,0,NA,7,1,0,NA,9,2,3,3,2,2,3,2,3,3,5,6,5,6,5,5,6,5,6,6,5,6,5,6,6,6,5,6,5,6,6,4,3,4,4,4,3,4,4,4,4,4,4,4,5,4,4,5,4,NA,NA,NA,NA,NA,NA,0,0,4,4,2,3,ORANGE,0,0,0,0,0,0,2,1,2,2,2,2,2,2,2,2,3,2,2,3,2,2,2,3,1,2,2,2,1,5,6,5,6,6,5,6,6,2,5,5,6,5,6,5,6,5,6,5,6,5,5,5,6,3,3,3,3,4,3,3,3,1,0,3.4444444444444446,9,Probable AUD,3.8333333333333335,3.6666666666666665,3.6666666666666665,4,4,6,8,7,6,6,6,6,6,6,5,6,7,6,7,4.333333333333333,4.333333333333333,34,24,28,40,36,25,24,28,2.5555555555555554,5.666666666666667,5.5,5.5,6,0,0,2,1,1,3
1.2019230769230769,-0.7772807819163742,0.5069819074745922,4,2025-07-31T20:56:42Z,2025-07-31T21:06:28Z,100,586,1,2025-07-31T21:06:30Z,R_6QWBckmVwftaOg8,anonymous,1,1,1,0,0,1,39,Male,0,0,1,0,0,0,0,0,Full Time,"$50,000 - $99,999",Less than high school degree,06105,4,0,Married or living with a partner,Christian,Weekly,1,1,NA,NA,NA,NA,NA,4,Blue cross,1 to 3 years,1,0,0,0,0,0,0,1,0,1,0,0,0,0,0,9-20 hours,1,0,0,0,0,0,0,0,0,1,1,0,0,0,0,0,1,0,1,3,2,2,3,1,0,1,0,0,0,0,1,0,1,0,FALSE,0,FALSE,1,0,0,0,0,1,0,Be more influential,Grandpartent,Male,85,Behavioral issues,NA,Lives with me,NA,4,2,3,3,4,4,3,4,1,3,4,3,4,4,4,4,2,3,3,4,3,2,2,4,4,1,4,4,0,1,0,0,1,1,0,0,0,0,0,0,0,0,0,0,0,0,0,0,0,NA,2,0,0,0,1,1,0,0,0,0,1,0,0,0,0,1,0,0,0,NA,3,2,1,Change church,7,5,2,3,1,5,4,3,1,3,6,7,3,6,3,3,5,4,6,7,3,5,3,4,7,6,5,4,4,5,4,3,4,5,1,3,4,3,5,3,2,2,2,3,5,4,3,4,4,1,1,NA,NA,NA,NA,0,0,3,4,2,3,ORANGE,1,1,1,0,1,1,3,2,1,3,2,2,3,3,3,1,2,1,3,3,2,1,3,2,2,1,3,3,1,5,6,4,6,3,5,6,4,1,6,5,6,3,5,6,4,7,1,4,2,6,6,1,1,3,3,4,2,3,2,4,3,1,0,3,9,Probable AUD,3.0833333333333335,4,2.6666666666666665,3.6666666666666665,2,7,5,7,7,8,5,8,4,5,5,8,7,8,6,3.6666666666666665,4,32,32,28,22,35,24,20,26,3.2222222222222223,4.75,4.5,4.5,5.25,4,1,1,1,1,3
1.3020833333333333,-0.9113673990852909,0.4477700525176189,4,2025-07-31T20:56:37Z,2025-07-31T21:06:47Z,100,609,1,2025-07-31T21:06:49Z,R_6rJmQwi47L2mqMC,anonymous,1,1,1,0,0,1,21,Male,0,0,1,0,0,0,0,0,Full Time,"$10,000 - $19,999",Less than high school degree,44108,1,0,Never married,Christian,Weekly,0,NA,NA,NA,NA,NA,NA,NA,Medicare,1 to 3 years,0,1,0,0,0,0,0,0,0,1,0,0,0,0,0,1-8 hours,0,0,0,0,1,0,0,1,0,0,0,0,0,0,0,0,0,0,0,NA,NA,NA,NA,NA,0,0,0,0,1,0,0,0,0,0,FALSE,0,FALSE,0,0,0,1,0,0,0,Find me a way,Parent,Female,56,Long-term physical condition,NA,Lives in someone else's home,NA,2,3,2,2,3,2,1,2,1,1,2,2,1,3,2,2,2,3,1,2,2,2,3,3,1,2,2,1,0,1,0,0,1,0,0,0,0,0,0,0,0,0,0,0,0,0,0,0,0,NA,5,0,0,0,1,1,0,0,0,0,0,0,0,0,0,1,1,0,0,NA,7,2,1,Gloryboyz,6,2,3,2,3,3,1,1,2,1,4,3,4,3,6,4,6,5,4,3,4,2,1,4,3,3,3,1,3,4,2,3,3,1,1,1,4,2,1,5,2,1,1,4,4,3,4,2,3,1,NA,NA,NA,NA,NA,1,0,2,3,2,2,ORANGE,0,0,0,0,1,1,2,1,0,2,0,1,2,1,2,1,1,2,1,2,1,2,2,2,2,1,0,2,1,4,4,6,5,1,4,4,2,4,6,4,3,6,5,5,2,3,4,5,3,3,3,3,4,2,3,1,3,3,2,2,3,1,0,4,7,Probable AUD,2.0833333333333335,2.3333333333333335,2,2.6666666666666665,1.3333333333333333,3,4,4,4,5,4,4,3,4,3,4,4,5,4,3,3.6666666666666665,22,22,12,27,26,19,18,22,3.666666666666667,2.75,3.5,2.5,2.25,2,0,1,1,1,3
2.9069767441860463,-0.9941124740979841,0.9821674466777955,19,2025-07-31T20:56:09Z,2025-07-31T21:07:22Z,100,673,1,2025-07-31T21:38:27Z,R_5k6d1p8lKdI8Bjl,anonymous,1,1,1,0,0,1,67,Male,0,0,0,0,0,0,1,0,Disabled or retired and not looking,"> $150,000",Associate's degree,85206,0,2,Married or living with a partner,Christian,Weekly,0,NA,NA,NA,NA,NA,NA,NA,United Healthcare,Less than one year,0,0,0,0,0,0,1,0,0,0,1,0,0,0,0,Less than 1 hour,0,0,0,0,0,1,0,0,0,0,0,0,0,0,0,1,1,1,0,NA,NA,NA,NA,NA,0,0,1,0,0,0,0,0,0,0,FALSE,0,FALSE,0,0,0,0,0,0,1,Nothing really.  Everything is going well.,Other family member,Female,86,Long-term physical condition,NA,Lives in their own home,NA,1,1,1,1,2,1,1,1,1,1,1,1,1,1,2,1,1,1,1,1,1,2,1,1,1,1,2,1,0,0,0,0,0,0,0,0,0,0,0,0,1,0,0,0,0,0,1,0,0,NA,5,0,0,0,0,1,1,0,0,0,0,0,0,0,0,1,0,0,0,NA,5,1,1,Boulder Mountain Church,6,3,3,3,3,3,3,3,3,2,2,2,5,5,2,2,5,2,2,6,6,6,6,6,5,6,6,5,6,6,5,1,1,1,1,1,1,1,1,1,1,1,1,1,1,1,1,1,1,NA,NA,NA,NA,NA,NA,0,0,2,1,1,1,ORANGE,0,0,0,0,0,0,0,1,0,0,0,0,0,0,0,0,0,0,0,0,0,0,0,0,0,0,0,1,1,6,6,6,6,6,7,6,5,7,4,5,1,6,1,2,5,6,1,5,1,6,6,1,1,2,2,1,2,3,1,1,1,1,0,3.111111111111111,3,Not detected,1,1,1,1,1,2,2,2,2,4,2,2,2,2,2,2,2,2,4,1,1,0,2,0,8,39,13,32,27,5,5.75,6,6,5.25,0,0,1,1,1,3
1.2626262626262625,-0.943364406494284,0.6191307431941382,5,2025-07-31T20:58:10Z,2025-07-31T21:08:14Z,100,604,1,2025-07-31T21:08:16Z,R_19nQmZdVXGIwlGt,anonymous,1,1,1,0,0,1,62,Male,0,0,0,0,0,0,1,0,Disabled or retired and not looking,"$20,000 - $49,999",Bachelor's degree,02864,0,3,Divorced/Separated,Christian,Every month,0,NA,NA,NA,NA,NA,NA,NA,Blue Cross,3 to 7 years,1,1,0,0,1,0,0,0,1,0,1,0,0,0,0,9-20 hours,0,1,0,1,0,0,0,0,1,0,1,0,0,0,0,0,0,0,0,NA,NA,NA,NA,NA,0,1,0,0,0,1,0,0,1,0,FALSE,0,FALSE,0,1,0,0,1,0,0,More opportunity to get low priced care,Parent,Female,84,Memory problems,NA,Lives in their own home,NA,2,3,3,4,3,2,3,4,3,2,3,3,2,3,2,3,3,4,3,2,2,3,3,2,3,2,3,3,0,1,0,0,1,0,0,0,1,0,1,0,0,0,0,0,0,0,1,0,0,NA,6,0,0,0,0,1,0,0,0,0,1,0,0,0,0,1,0,0,0,NA,7,1,1,Neighbor hood watch,6,3,2,4,4,3,5,3,2,3,4,5,5,4,6,5,5,3,5,5,4,3,5,6,3,4,5,6,5,4,4,3,4,2,3,4,3,2,2,2,3,3,2,3,2,4,4,3,4,NA,NA,NA,NA,NA,NA,0,0,3,3,3,3,ORANGE,0,0,1,0,1,0,2,2,1,2,3,2,1,1,2,3,2,1,2,1,2,1,3,2,0,2,1,1,1,5,5,4,3,3,4,5,5,5,5,5,5,4,3,6,6,5,4,3,3,5,5,4,3,3,3,2,2,3,2,2,3,1,0,2.7777777777777777,9,Probable AUD,2.75,3,3.3333333333333335,2,2.6666666666666665,5,6,7,7,5,5,5,5,6,4,6,7,4,6,3.6666666666666665,3,22,22,28,28,33,20,20,24,3.333333333333333,4.5,5,4.25,4.25,2,0,1,1,1,3
1.6891891891891893,-0.9697842853345048,0.7630248977035469,7,2025-07-31T20:59:05Z,2025-07-31T21:08:16Z,100,551,1,2025-07-31T21:38:27Z,R_61HTyxlOmYx3XvH,anonymous,1,1,1,1,1,1,25,Male,0,0,1,0,0,0,0,0,Full Time,"$50,000 - $99,999",Bachelor's degree,27292,1,1,Never married,Christian,Weekly,0,NA,NA,NA,NA,NA,NA,NA,Great,1 to 3 years,1,0,0,1,1,1,0,0,0,1,0,0,0,0,0,9-20 hours,1,0,0,0,0,0,1,0,0,0,0,0,0,0,0,0,0,0,1,3,2,3,3,3,0,1,0,0,0,0,0,0,0,0,FALSE,0,FALSE,0,1,0,0,0,0,0,Help,Spouse,Male,84,Short-term physical condition,NA,Lives with me,NA,2,4,4,3,4,4,3,4,3,3,3,4,3,2,2,2,3,4,2,3,4,3,4,4,3,4,4,3,0,1,0,0,0,0,0,0,0,0,0,0,0,0,0,0,0,0,0,0,0,NA,7,0,0,0,1,1,0,0,0,0,0,0,0,0,0,0,0,0,0,NA,9,2,0,NA,9,2,2,2,2,3,3,3,2,1,6,6,6,5,5,5,6,6,5,4,5,5,5,5,5,5,6,4,6,6,5,3,3,3,3,3,3,3,4,2,3,3,3,4,4,4,4,3,4,1,NA,NA,NA,NA,NA,1,1,1,1,1,1,ORANGE,0,1,1,0,0,0,3,2,2,3,2,2,3,2,1,2,2,2,1,2,3,2,2,2,2,2,2,3,1,5,5,6,4,5,4,5,5,4,4,3,5,4,4,4,3,3,5,4,3,4,4,4,5,2,3,3,4,3,2,4,3,1,0,3.7777777777777777,3,Not detected,3,3,3,3,3,4,7,8,6,6,7,6,7,7,7,5,7,7,7,3.6666666666666665,4,30,32,26,30,25,24,22,25,2.4444444444444446,5.083333333333333,5,5.5,4.75,2,0,2,1,1,3
1.179245283018868,-0.7763524606587522,0.5147502953022292,2,2025-07-31T20:56:33Z,2025-07-31T21:08:49Z,100,736,1,2025-07-31T21:08:51Z,R_7kjT1HKYssLk3Ml,anonymous,1,1,1,1,1,1,17,Female,0,0,1,0,0,0,0,0,Full Time,"< $10,000",Doctoral degree,15461,1,0,Never married,Christian,Weekly,0,NA,NA,NA,NA,NA,NA,NA,UPMC for you,1 to 3 years,1,0,1,0,0,0,0,0,1,1,0,0,0,0,0,1-8 hours,0,1,0,1,0,0,1,0,0,1,0,0,0,0,0,0,1,0,1,3,1,1,1,3,1,0,0,1,0,0,1,0,0,0,FALSE,0,FALSE,1,1,0,0,0,0,0,God made on what I can do better about the situation in my life and being a caregiver help me understand them,Other family member,Female,90,Memory problems,NA,Lives in their own home,NA,3,3,2,1,1,3,4,2,1,2,2,4,3,1,3,2,2,4,3,3,4,3,2,4,3,4,1,3,0,0,0,0,0,0,0,0,0,0,0,0,0,0,0,0,0,0,0,1,0,NA,9,0,1,0,1,1,0,0,0,0,0,0,0,0,1,1,0,0,0,NA,9,1,1,Group home,6,5,4,1,2,5,1,3,5,2,7,5,5,2,7,4,4,5,7,3,4,3,1,5,7,4,2,5,5,2,6,4,4,2,5,2,3,4,4,1,4,3,1,5,3,5,5,3,2,NA,NA,1,NA,1,NA,1,0,3,1,2,4,ORANGE,1,0,1,1,0,0,2,1,3,1,1,0,3,1,0,3,2,3,1,3,2,1,0,2,2,1,2,2,1,1,4,5,4,5,2,2,3,2,6,5,4,4,3,3,3,5,6,5,3,2,1,5,7,3,4,2,2,3,1,1,4,0,1,2.888888888888889,7,Probable AUD,3.0833333333333335,3.3333333333333335,3.3333333333333335,3,2.6666666666666665,6,7,4,3,4,4,5,5,6,7,4,7,7,4,3.3333333333333335,4.333333333333333,26,20,22,31,25,20,14,20,2.8888888888888893,3.9166666666666665,4.25,2,5.5,2,0,2,1,1,3
1.3888888888888888,-0.9669590156430037,0.6244977343051367,5,2025-07-31T20:56:24Z,2025-07-31T21:09:18Z,100,773,1,2025-07-31T21:09:20Z,R_1polqpFj4zVcnez,anonymous,1,1,1,1,2,1,20,Female,0,0,1,0,0,0,0,0,Full Time,"$20,000 - $49,999",Less than high school degree,36116,1,0,Married or living with a partner,Christian,Once or twice a year,0,NA,NA,NA,NA,NA,NA,NA,Blue Cross Blue Shield,1 to 3 years,0,1,0,0,0,0,0,0,0,0,1,0,0,0,0,9-20 hours,0,1,0,0,0,0,0,0,0,0,1,0,0,0,0,0,1,1,1,2,2,2,2,2,0,1,0,0,0,1,0,1,0,0,FALSE,0,FALSE,1,0,0,0,1,0,0,Just be kind and give respect if you want to receive it.,Other family member,Male,20,Long-term physical condition,NA,Lives with me,NA,2,3,2,2,4,3,1,2,2,2,2,3,3,1,2,3,3,3,1,4,3,3,2,3,3,4,4,2,0,0,0,0,0,1,0,0,1,0,0,0,0,0,0,0,0,0,0,0,0,NA,1,0,0,0,1,1,0,0,0,0,1,0,0,0,0,0,0,0,0,NA,3,1,0,NA,5,3,4,4,2,3,4,4,3,2,3,5,4,5,4,6,7,7,7,5,6,2,6,6,5,6,6,7,4,5,6,2,4,4,1,3,4,3,2,5,4,5,4,3,3,3,4,4,2,1,NA,NA,NA,1,NA,0,0,1,1,1,1,ORANGE,0,0,0,1,0,0,2,2,2,0,1,0,3,1,2,2,3,2,3,2,2,2,2,2,1,1,3,1,1,6,2,6,6,4,2,3,5,3,6,6,5,5,6,7,6,7,6,4,6,6,6,7,5,2,3,3,2,3,3,3,3,0,1,2.7777777777777777,3,Probable AUD,3.4166666666666665,3.3333333333333335,2.6666666666666665,3.3333333333333335,4.333333333333333,3,4,4,4,6,4,6,5,6,7,4,5,7,7,3.3333333333333335,3,24,22,30,42,40,22,21,22,2.666666666666667,5.333333333333333,5.25,4.75,6,1,0,3,1,1,3
1.3736263736263736,-0.9788912874127628,0.8887691284266644,4,2025-07-31T20:56:51Z,2025-07-31T21:09:29Z,100,758,1,2025-07-31T21:09:30Z,R_6g499CSrg6hwdDr,anonymous,1,1,2,1,2,1,39,Male,0,0,0,0,0,0,1,0,Full Time,"$100,000 - $149,999",Associate's degree,24502,2,0,Married or living with a partner,Christian,Every month,0,NA,NA,NA,NA,NA,NA,NA,Medicaid,1 to 3 years,1,0,1,0,1,0,0,0,0,1,1,1,1,1,0,9-20 hours,1,0,0,0,0,0,0,0,0,0,0,0,0,0,0,1,0,1,0,NA,NA,NA,NA,NA,1,1,0,1,0,0,1,0,1,0,FALSE,0,FALSE,1,1,0,0,1,0,0,More activities with them,Child,Male,6,Emotional or mental health issue,NA,Lives with me,NA,3,3,2,3,3,4,3,3,4,2,3,4,2,3,3,2,3,4,3,3,4,3,2,2,3,4,3,3,0,1,0,0,1,1,0,0,1,0,1,0,1,1,0,0,0,0,1,0,0,NA,8,0,0,1,1,1,1,0,0,0,1,0,0,1,1,1,1,0,0,NA,7,2,1,Health care,6,4,3,4,5,4,5,5,4,5,7,7,6,7,6,6,7,7,7,7,6,7,6,6,7,6,7,6,7,7,6,2,3,2,3,2,3,3,2,2,3,3,2,2,3,4,3,4,3,1,NA,NA,NA,NA,NA,0,0,2,5,2,3,ORANGE,0,0,0,0,0,0,1,1,1,1,2,1,1,0,1,0,1,2,1,0,1,1,2,1,1,0,1,1,1,7,6,6,7,7,6,6,7,2,7,3,4,3,4,4,3,3,2,2,2,7,3,6,4,3,4,3,4,2,3,4,3,1,0,1.666666666666667,10,Probable AUD,2.5,2.3333333333333335,2.6666666666666665,2.3333333333333335,2.6666666666666665,6,6,5,6,6,4,6,8,7,6,6,7,5,6,3.3333333333333335,3,12,12,16,26,24,26,29,32,1.333333333333333,6.5,6.5,6.75,6.25,0,0,4,1,1,3
1.8656716417910448,-0.9717613152972504,0.8562435644055761,11,2025-07-31T20:56:59Z,2025-07-31T21:09:58Z,100,779,1,2025-07-31T21:38:27Z,R_7Dw4C2XB2ZqsGlj,anonymous,1,1,2,1,1,1,44,Male,0,0,0,0,0,0,1,0,Full Time,"> $150,000",Bachelor's degree,78231,2,0,Married or living with a partner,Christian,Weekly,0,NA,NA,NA,NA,NA,NA,NA,Allstate,3 to 7 years,1,0,0,0,0,0,0,1,0,0,0,0,0,0,0,1-8 hours,0,1,0,0,0,0,0,1,0,0,0,0,0,0,0,0,1,1,1,3,3,3,3,3,0,1,0,1,0,0,1,0,0,0,FALSE,0,FALSE,1,1,0,0,1,0,0,That's good,Spouse,Female,39,Short-term physical condition,NA,Lives with me,NA,4,3,4,4,4,4,4,4,4,4,4,4,4,3,2,4,3,4,3,4,2,4,4,4,4,4,4,4,1,1,0,0,0,0,0,0,0,0,0,0,0,0,0,0,0,0,0,0,0,NA,4,0,0,0,1,1,1,0,1,1,0,0,0,0,0,0,0,0,0,NA,3,2,0,NA,4,1,1,1,1,2,1,2,2,1,5,5,6,6,5,6,6,6,6,7,6,7,6,6,7,7,7,6,7,7,7,4,3,3,3,4,5,4,3,3,4,4,4,4,4,5,5,5,3,1,NA,NA,NA,NA,NA,0,1,4,4,4,4,ORANGE,1,1,1,1,1,1,2,2,3,2,2,3,2,2,2,3,3,2,3,2,3,2,3,3,3,1,1,3,1,7,6,6,6,6,7,6,7,2,6,5,6,6,2,2,2,6,2,6,2,6,6,2,1,4,3,3,3,4,4,4,3,1,0,4.666666666666667,12,Probable AUD,3.6666666666666665,3.3333333333333335,4,3.3333333333333335,4,7,7,8,8,6,8,8,6,7,8,7,8,8,8,4.333333333333333,4.333333333333333,34,30,34,17,37,28,28,31,2.333333333333333,6.666666666666667,6.5,6.75,6.75,5,1,3,1,1,3
1.9841269841269842,-0.9921591259275073,0.8500782881400699,9,2025-07-31T20:56:32Z,2025-07-31T21:10:59Z,100,867,1,2025-07-31T21:11:01Z,R_7n2X9VNhldhmvzw,anonymous,1,1,1,1,1,1,44,Male,0,0,0,0,0,0,1,0,Full Time,"$50,000 - $99,999",Less than high school degree,33175,1,0,Married or living with a partner,Christian,Every month,0,NA,NA,NA,NA,NA,NA,NA,State Farm,1 to 3 years,1,0,1,1,1,1,0,0,0,1,1,1,1,0,0,1-8 hours,0,0,1,1,0,0,0,1,0,0,0,1,0,0,0,0,0,1,0,NA,NA,NA,NA,NA,0,0,1,0,0,1,0,0,0,0,FALSE,0,FALSE,1,0,1,0,0,0,0,For more support for the government,Parent,Male,79,Memory problems,NA,Lives in their own home,NA,2,1,2,3,3,2,3,3,3,3,3,3,2,3,2,3,3,2,2,3,3,3,2,3,3,2,3,2,0,1,1,0,1,1,0,0,1,0,0,0,1,0,0,0,0,1,1,0,0,NA,6,0,0,0,1,1,1,0,0,0,1,0,0,1,0,1,1,0,0,NA,6,2,1,My neighbor,7,2,2,1,1,2,2,2,1,2,6,5,5,6,5,5,5,4,5,5,5,5,6,6,6,5,6,6,7,5,6,1,2,2,2,2,2,2,2,1,3,1,2,2,3,4,2,2,2,1,NA,NA,NA,NA,NA,0,0,1,3,5,3,ORANGE,0,0,0,0,0,0,0,1,1,0,1,0,0,0,0,0,0,1,0,0,0,0,0,0,0,0,0,1,1,5,5,4,5,5,5,5,4,3,5,5,6,4,5,6,5,5,6,5,5,5,5,5,5,3,3,3,2,2,2,3,2,1,0,4.333333333333333,11,Probable AUD,1.8333333333333333,1.6666666666666667,2,1.6666666666666667,2,4,4,5,6,5,5,5,6,6,4,6,4,6,6,2,3,2,2,4,38,34,20,23,23,2.8888888888888893,5.666666666666667,5.75,5.5,5.75,0,0,2,1,1,3
1.146788990825688,-0.8562773961937215,0.34934169613234695,2,2025-07-31T20:56:50Z,2025-07-31T21:11:43Z,100,893,1,2025-07-31T21:11:45Z,R_58HBPM4dKqlRrFv,anonymous,1,1,2,1,2,1,39,Male,0,0,0,0,0,0,1,0,Full Time,"> $150,000",Associate's degree,19803,2,0,Married or living with a partner,Muslim,Weekly,0,NA,NA,NA,NA,NA,NA,NA,Centene corp.,8 to 12 years,1,1,0,0,0,0,0,1,0,0,0,0,0,1,0,1-8 hours,0,0,0,1,0,0,1,0,1,0,0,0,0,0,0,0,1,1,1,2,3,3,2,2,1,0,0,1,1,0,0,0,0,0,FALSE,0,FALSE,0,1,0,0,0,1,0,Give more love to those people who needs it.,Parent,Male,67,Short-term physical condition,NA,Lives in their own home,NA,2,3,2,3,4,3,2,3,2,4,2,3,2,2,3,4,3,3,2,2,1,2,2,3,2,3,2,4,0,0,0,0,0,0,0,0,0,0,0,0,1,0,0,0,0,0,1,0,0,NA,2,0,0,0,1,1,0,0,0,0,0,0,0,1,0,1,0,0,0,NA,3,1,1,Friends,4,4,3,4,3,4,5,5,4,4,1,2,5,6,4,3,6,7,4,3,5,4,3,3,6,4,6,4,6,3,5,4,3,2,3,2,3,4,2,2,3,2,2,4,5,3,4,3,2,1,NA,1,NA,NA,NA,0,1,2,2,3,2,ORANGE,0,0,0,1,1,0,1,1,2,3,2,1,2,2,1,1,2,3,1,2,3,1,0,1,3,2,1,1,1,3,5,5,4,4,6,6,4,2,7,2,1,4,4,3,5,6,6,3,5,5,4,6,1,2,2,3,2,3,2,3,2,1,0,2,7,Probable AUD,2.6666666666666665,3,2.6666666666666665,2.6666666666666665,2.3333333333333335,4,5,5,5,7,6,7,3,6,5,4,7,5,4,3,4,24,30,16,26,29,19,19,27,3.7777777777777777,4.333333333333333,4.25,4,4.75,2,0,4,1,1,3
1.6233766233766234,-0.9780188175404213,0.828325565614588,7,2025-07-31T20:56:42Z,2025-07-31T21:12:00Z,100,918,1,2025-07-31T21:12:02Z,R_7PxleEFnIdEhshH,anonymous,1,1,3,1,3,1,40,Male,0,0,0,0,0,0,1,0,Full Time,"$100,000 - $149,999",Associate's degree,53214,3,0,Married or living with a partner,Muslim,Weekly,1,NA,1,NA,NA,NA,NA,2,"Blue Cross Blue Shield,",1 to 3 years,1,0,0,0,0,0,0,0,1,0,0,0,0,0,0,1-8 hours,0,1,0,0,0,0,1,0,0,0,0,0,0,0,0,0,1,0,1,3,2,3,3,2,0,1,0,1,1,0,0,0,0,0,FALSE,0,FALSE,1,0,1,0,0,0,0,"People in my community can better support me as a caregiver by offering emotional support and understanding, such as checking in or simply listening without judgment. Additionally",Spouse,Female,35,Short-term physical condition,NA,Lives with me,NA,4,3,3,4,4,4,4,4,3,3,4,3,3,4,4,3,4,4,3,4,4,4,4,3,4,3,3,4,1,0,0,0,1,1,0,0,0,0,1,0,0,0,0,0,1,0,0,0,0,NA,5,1,0,0,1,1,1,0,1,0,1,0,0,1,0,0,1,0,0,NA,4,2,1,Local volunteer organizations,5,1,1,2,1,1,1,2,2,2,6,6,7,7,7,7,7,7,7,6,6,7,7,7,6,7,7,6,7,6,7,5,5,4,5,4,5,4,5,4,4,5,5,5,4,5,5,5,4,1,NA,NA,NA,NA,NA,1,1,4,4,3,4,ORANGE,1,1,1,1,1,1,3,2,3,2,2,3,2,3,3,3,2,3,2,2,3,2,3,2,3,2,3,4,1,7,6,7,7,6,7,7,6,1,7,7,7,7,6,7,6,7,6,6,7,7,6,7,7,4,3,4,4,3,3,3,4,1,0,4.555555555555555,11,Probable AUD,4.583333333333333,4.666666666666667,4.666666666666667,4.333333333333333,4.666666666666667,7,7,7,8,8,7,7,7,7,6,8,8,7,7,4.666666666666667,4.666666666666667,36,34,36,47,46,28,28,33,1.2222222222222223,6.583333333333333,6.5,6.75,6.5,5,1,6,1,1,3
1.5625,-0.9535312044989718,0.6430458142274137,5,2025-08-01T14:58:44Z,2025-08-01T15:06:11Z,100,447,1,2025-08-01T15:06:12Z,R_6R8CEhaNTlSksrT,anonymous,1,1,1,1,1,1,25,Female,0,0,1,0,0,0,0,0,Full Time,"$20,000 - $49,999",Some college,10030,1,0,Married or living with a partner,Christian,Every month,0,NA,NA,NA,NA,NA,NA,NA,Medicaid,3 to 7 years,1,1,1,1,1,1,0,1,1,1,1,1,1,1,0,40+ hours,0,1,0,1,0,0,0,1,0,0,0,0,0,0,0,0,0,0,0,NA,NA,NA,NA,NA,1,1,1,1,0,1,1,1,0,0,FALSE,0,FALSE,1,1,1,1,1,0,0,Make sure there are more resources for us,Child,Female,5,Behavioral issues,NA,Lives with me,NA,4,2,2,1,2,2,3,3,3,3,2,1,3,2,4,3,2,3,1,3,4,4,3,3,3,3,4,2,0,0,1,0,0,1,1,0,1,1,1,0,1,0,1,0,1,0,0,0,0,NA,6,0,0,1,0,1,0,1,1,1,1,1,1,0,1,0,1,0,0,NA,7,2,1,Girls and boys,6,2,3,3,2,1,4,5,2,2,5,6,7,4,5,4,7,6,5,6,6,5,3,4,6,5,4,4,4,4,4,2,3,3,2,5,4,3,3,4,4,4,5,4,3,3,3,4,2,NA,1,1,1,NA,1,0,0,3,2,2,2,ORANGE,1,1,1,1,1,1,1,2,2,1,1,1,3,3,3,3,2,2,2,2,3,2,3,3,1,1,1,2,1,4,3,5,5,6,5,4,4,4,5,4,6,5,6,6,5,6,3,6,2,5,6,2,2,2,3,3,2,2,2,2,3,0,1,3.3333333333333335,6,Probable AUD,3.5,2.6666666666666665,3.6666666666666665,3.3333333333333335,4.333333333333333,5,5,5,3,6,6,5,7,3,6,5,5,6,8,3,3.3333333333333335,28,28,28,27,37,19,24,21,2.5555555555555554,4.583333333333333,5,4,4.75,5,1,2,1,1,3
1.404494382022472,-0.9576526521940815,0.617822664220642,3,2025-08-01T14:58:43Z,2025-08-01T15:06:17Z,100,454,1,2025-08-01T15:06:18Z,R_1lXlFIDOwVuWgJd,anonymous,1,1,1,0,0,1,40,Female,0,0,0,0,0,0,1,0,Part Time,"$20,000 - $49,999",Doctoral degree,39520,1,0,Never married,Christian,Once or twice a year,0,NA,NA,NA,NA,NA,NA,NA,Cigna,1 to 3 years,1,1,1,1,0,0,0,0,1,1,1,1,1,0,0,1-8 hours,1,1,1,0,0,0,1,0,1,0,0,0,0,0,0,0,0,0,0,NA,NA,NA,NA,NA,1,0,1,1,0,0,1,0,1,0,FALSE,0,FALSE,1,0,1,0,1,1,0,More help with support,Sibling,Female,64,Short-term physical condition,NA,Lives with me,NA,2,3,3,2,3,3,2,3,3,2,3,1,3,3,2,2,3,2,3,3,2,3,3,2,3,2,3,2,0,1,0,0,1,1,0,0,1,0,0,0,0,0,0,0,0,0,0,0,0,NA,4,0,0,0,1,1,0,0,0,0,0,0,0,1,0,1,1,0,0,NA,4,1,0,NA,5,2,2,3,2,2,3,2,3,2,3,5,5,3,3,4,3,4,4,3,4,3,3,4,3,5,5,3,4,4,3,2,4,4,3,4,4,3,4,2,4,2,3,2,3,3,2,2,3,NA,NA,1,1,NA,NA,0,0,3,3,2,3,ORANGE,0,0,0,1,0,0,1,2,2,1,1,2,2,1,2,2,1,1,2,2,1,2,1,2,2,1,1,2,1,3,4,4,3,5,5,3,4,5,4,3,5,5,4,5,5,3,4,4,3,4,3,3,4,2,3,3,2,3,3,2,2,0,1,3.6666666666666665,8,Probable AUD,3.25,3.3333333333333335,3.6666666666666665,3,3,5,5,6,5,5,5,5,5,4,5,6,4,5,6,2.3333333333333335,2.6666666666666665,20,22,22,28,27,20,21,19,4.222222222222222,3.6666666666666665,3.75,3.75,3.5,1,0,1,1,1,3
1.5060240963855422,-0.9469751214380655,0.6113752000789464,4,2025-08-01T14:59:07Z,2025-08-01T15:08:53Z,100,586,1,2025-08-01T15:08:53Z,R_5bTtdlw99e82tJM,anonymous,1,1,1,1,1,1,31,Female,0,0,1,0,0,0,0,0,Full Time,"$50,000 - $99,999",Some college,77067,1,0,Married or living with a partner,Christian,Weekly,0,NA,NA,NA,NA,NA,NA,NA,Blue Cross Blue Shield,Less than one year,1,1,1,1,1,0,0,1,1,1,1,1,1,1,0,9-20 hours,0,0,1,0,0,0,0,0,0,0,1,0,0,0,0,0,0,0,0,NA,NA,NA,NA,NA,0,1,0,0,0,0,0,0,0,0,FALSE,0,FALSE,1,0,0,0,0,0,0,Be a listening ear,Grandpartent,Female,77,Behavioral issues,NA,Lives in their own home,NA,2,2,1,2,1,1,3,1,2,2,3,4,2,4,2,2,2,3,2,3,2,4,2,3,4,1,4,2,0,1,0,0,0,1,0,0,1,0,0,0,0,0,1,0,0,0,1,0,0,NA,5,0,0,1,1,1,0,0,0,0,1,0,0,0,0,1,0,0,0,NA,5,2,0,NA,4,3,3,2,2,3,2,2,2,2,3,4,2,6,6,5,5,6,5,4,4,4,5,3,4,4,5,4,5,5,5,3,4,3,3,2,2,2,3,3,3,2,2,2,3,2,4,3,4,1,1,NA,NA,1,NA,0,0,3,5,2,4,ORANGE,1,1,1,1,1,1,1,1,2,2,1,2,2,2,2,1,3,2,2,1,1,2,2,2,1,1,2,1,1,5,4,4,4,5,5,4,4,6,5,5,3,7,5,5,5,7,7,7,3,5,4,5,7,2,3,3,4,3,1,3,1,0,1,3.6666666666666665,11,Probable AUD,2.6666666666666665,3.3333333333333335,2.3333333333333335,2.6666666666666665,2.3333333333333335,4,5,2,5,3,4,3,4,6,3,8,5,6,8,3.6666666666666665,2.3333333333333335,26,20,24,35,40,20,25,21,3.333333333333333,4.333333333333333,4,4.75,4.25,5,1,2,1,1,3
2.272727272727273,-0.991735676163552,0.7847895702782149,10,2025-08-01T14:58:28Z,2025-08-01T15:09:05Z,100,637,1,2025-08-01T15:09:06Z,R_7OuApcngd7xtjlo,anonymous,1,1,1,1,1,1,50,Male,0,0,1,0,0,0,0,0,Full Time,"> $150,000",Professional doctorate,38108,1,0,Married or living with a partner,Christian,Once or twice a year,0,NA,NA,NA,NA,NA,NA,NA,Cigna,3 to 7 years,1,0,0,0,1,0,0,0,1,0,0,1,1,1,0,9-20 hours,0,0,0,0,0,1,0,0,0,0,0,0,0,0,1,0,0,0,0,NA,NA,NA,NA,NA,1,0,0,0,0,1,0,0,0,0,FALSE,0,FALSE,0,1,0,0,0,0,0,Nice kind generous excellent quality,Child,Male,17,Short-term physical condition,NA,Lives in someone else's home,NA,2,3,3,3,2,4,2,4,4,3,4,4,4,3,3,3,3,3,3,3,4,3,4,4,3,3,3,3,0,1,0,0,1,1,1,0,1,1,1,0,0,0,0,0,0,0,0,0,0,NA,4,0,0,0,1,0,1,0,0,0,0,0,0,0,0,1,0,0,0,NA,7,2,1,Nice kind generous excellent quality,6,1,1,1,1,1,2,2,2,2,7,7,7,6,6,7,6,6,6,6,6,6,6,6,6,6,7,6,6,6,6,1,1,1,1,1,1,2,1,2,2,1,1,4,4,4,4,4,5,1,NA,NA,NA,1,NA,0,0,1,4,2,4,ORANGE,0,0,0,0,0,0,2,2,3,1,3,3,2,2,2,2,1,1,2,1,2,2,1,2,0,2,1,2,1,5,5,5,5,5,5,7,6,2,6,7,7,6,7,7,7,7,7,7,7,7,7,7,7,1,2,2,2,3,4,3,1,1,0,4.555555555555555,10,Probable AUD,1.25,1,1,1.6666666666666667,1.3333333333333333,5,5,7,7,5,7,7,8,7,7,6,6,7,6,4.333333333333333,4,24,22,28,49,48,18,22,29,1.5555555555555554,6.083333333333333,6,6.25,6,0,0,2,1,1,3
2.7777777777777777,-0.9841672411875352,0.757629138206534,10,2025-08-01T14:58:39Z,2025-08-01T15:09:13Z,100,634,1,2025-08-01T15:09:14Z,R_6QXnGgbmsKrIvHV,anonymous,1,1,1,0,0,1,71,Male,0,0,0,0,0,0,1,0,Part Time,"$50,000 - $99,999",Associate's degree,48230,0,0,Never married,Atheist/Agnostic,Once or twice a year,0,NA,NA,NA,NA,NA,NA,NA,Priority Health,Less than one year,0,0,1,0,0,0,0,1,0,1,0,0,1,0,0,1-8 hours,0,1,0,0,0,0,1,0,0,0,0,0,0,0,0,0,1,1,1,3,3,3,3,3,1,0,0,0,1,0,0,0,1,0,FALSE,0,FALSE,1,1,0,0,1,0,0,More human resources with experience.,Friend,Male,80,Long-term physical condition,NA,Lives in their own home,NA,2,2,2,2,2,2,2,3,3,3,3,3,3,3,2,2,2,2,2,2,2,2,3,2,3,2,2,3,0,1,1,0,1,1,0,1,0,1,1,0,1,1,1,1,0,0,0,0,0,NA,7,0,1,1,1,1,1,0,0,1,1,0,0,1,0,1,0,0,0,NA,9,2,1,Next door neighbor,5,2,2,2,3,3,1,1,1,1,5,5,5,5,4,4,4,5,5,4,4,4,4,4,4,4,4,4,4,5,5,3,3,3,3,2,2,2,2,3,3,3,3,3,3,3,3,3,3,1,NA,NA,NA,NA,NA,0,0,2,2,2,2,ORANGE,0,1,1,1,1,1,1,2,1,2,2,3,2,1,1,2,1,1,2,1,2,3,2,2,1,2,2,2,1,4,4,4,4,4,4,3,3,4,4,4,4,4,4,4,4,4,4,5,5,5,4,4,5,2,2,1,2,2,1,2,2,1,0,4.222222222222222,6,Probable AUD,2.6666666666666665,3,2.3333333333333335,2.3333333333333335,3,4,4,5,5,4,6,4,5,5,5,6,5,4,4,3,3,20,24,28,30,30,14,20,18,3.333333333333333,4.166666666666667,4,4.25,4.25,5,0,1,1,1,3
1.358695652173913,-0.9326547177500442,0.5565743421224234,3,2025-08-01T14:59:07Z,2025-08-01T15:10:09Z,100,662,1,2025-08-01T15:10:10Z,R_5HMZTB2tLd2cwzT,anonymous,1,1,1,1,1,1,40,Male,0,0,1,0,0,0,0,0,Full Time,"$50,000 - $99,999",High school diploma or equivalent,77021,1,1,Married or living with a partner,Christian,Every month,0,NA,NA,NA,NA,NA,NA,NA,Blue Cross,More than 12 years,1,0,1,1,1,0,0,0,1,1,1,1,0,0,0,21-40 hours,0,0,0,0,1,0,0,0,0,0,0,0,0,0,1,0,1,1,0,NA,NA,NA,NA,NA,1,0,0,1,0,1,1,0,0,0,FALSE,0,FALSE,0,1,0,0,0,0,0,Donate,Grandpartent,Female,81,Developmental or intellectual disorder,NA,Lives in their own home,NA,2,1,3,3,2,3,2,1,2,2,1,3,2,3,2,3,2,2,2,4,3,2,1,2,2,3,2,2,0,0,0,0,1,1,0,0,1,1,0,0,0,0,0,0,0,0,0,0,0,NA,6,0,1,0,1,1,0,0,0,0,1,0,0,0,1,0,0,0,0,NA,8,1,0,NA,6,2,3,2,4,2,3,3,3,4,4,5,5,4,6,4,5,5,6,5,5,5,6,5,5,6,5,5,3,4,5,3,3,4,4,2,3,4,4,3,2,2,2,4,3,3,4,5,5,1,NA,1,NA,1,NA,0,0,1,4,2,2,ORANGE,0,0,0,0,0,0,2,1,2,2,1,2,3,3,1,3,2,3,3,2,3,3,2,2,3,3,2,1,1,5,5,6,3,4,4,5,5,4,4,4,5,5,3,4,3,4,3,6,1,7,6,6,1,2,3,2,2,4,3,2,2,1,0,3.111111111111111,8,Probable AUD,3,3.3333333333333335,3,3.6666666666666665,2,4,3,4,4,4,3,6,5,5,5,5,4,6,4,4.666666666666667,3.3333333333333335,32,32,32,23,35,20,20,25,3.1111111111111107,4.916666666666667,4.5,5,5.25,0,0,2,1,1,3
1.7123287671232876,-0.9606983435468599,0.8006056262606628,6,2025-08-01T14:58:57Z,2025-08-01T15:10:31Z,100,694,1,2025-08-01T15:10:32Z,R_1YArr0BoxQxRyCK,anonymous,1,1,2,1,2,1,44,Male,0,0,0,0,0,0,1,0,Full Time,"$50,000 - $99,999",Bachelor's degree,83642,2,0,Married or living with a partner,Muslim,Weekly,0,NA,NA,NA,NA,NA,NA,NA,CIGNA,3 to 7 years,0,1,0,1,1,0,0,0,0,1,0,1,1,1,0,1-8 hours,1,0,1,1,1,0,0,1,0,1,0,1,1,0,0,0,1,1,0,NA,NA,NA,NA,NA,1,0,1,1,0,0,0,0,0,1,FALSE,0,FALSE,1,0,1,1,1,0,0,"They can offer emotional support, share responsibilities, respect boundaries, and check in regularly without judgment.",Child,Male,13,Long-term physical condition,NA,Lives in their own home,NA,1,2,2,2,2,2,1,4,3,3,4,4,4,3,4,3,4,4,3,3,4,4,4,3,4,4,3,3,1,1,1,1,1,1,0,0,0,1,0,1,0,1,0,1,1,1,1,0,0,NA,5,1,0,0,1,1,1,0,0,1,1,1,1,1,1,1,1,0,0,NA,7,2,1,recog,7,4,3,3,4,4,3,4,4,4,7,6,5,6,6,6,7,7,6,7,6,6,6,7,6,5,7,5,7,6,6,5,4,4,4,5,4,4,4,4,4,4,5,5,4,4,4,5,3,1,1,1,NA,1,NA,0,0,4,4,5,4,ORANGE,0,0,1,0,0,1,3,2,1,2,2,2,2,3,3,3,2,3,3,2,2,3,2,2,2,3,2,2,1,6,5,5,6,5,6,5,5,1,6,7,6,6,7,6,6,6,5,5,5,7,6,6,3,4,3,3,3,3,3,2,2,1,0,2.3333333333333335,13,Probable AUD,4.25,4.333333333333333,4.333333333333333,4,4.333333333333333,4,3,6,6,6,7,5,7,8,8,7,7,6,7,4,4.333333333333333,34,32,32,38,43,23,24,26,1.7777777777777777,6.166666666666667,6.75,6.25,5.5,2,0,4,1,1,3
2.1186440677966103,-0.9793707072144396,0.8397752657664224,7,2025-08-01T14:59:16Z,2025-08-01T15:11:16Z,100,720,1,2025-08-01T15:11:16Z,R_5RJoZmAUVPVxIad,anonymous,1,1,1,1,1,1,45,Male,0,1,0,0,0,0,0,0,Full Time,"$20,000 - $49,999",Less than high school degree,80909,1,1,Married or living with a partner,Christian,Once or twice a year,0,NA,NA,NA,NA,NA,NA,NA,Kieser Permanente,1 to 3 years,0,0,1,0,1,0,0,0,0,1,0,0,0,1,0,21-40 hours,0,1,0,1,0,0,0,1,0,0,0,0,1,1,0,0,0,0,0,NA,NA,NA,NA,NA,0,0,0,1,0,0,1,0,0,0,FALSE,0,FALSE,0,1,0,0,0,0,0,Understand the role you are taking to help,Spouse,Female,53,Short-term physical condition,NA,Lives in their own home,NA,2,2,2,1,2,3,3,2,3,1,1,3,3,2,3,3,3,2,3,3,3,3,3,2,3,3,2,3,0,1,0,0,0,0,0,0,1,0,0,0,0,1,0,0,0,0,0,1,0,NA,6,0,0,0,1,1,1,0,0,1,1,0,0,0,1,1,1,0,0,NA,6,2,0,NA,8,4,3,3,3,3,3,3,3,4,5,5,5,5,6,5,5,5,6,5,5,6,5,5,6,5,6,6,5,6,6,3,3,3,2,3,2,2,2,3,2,2,2,3,2,4,4,4,4,NA,NA,1,NA,NA,NA,0,0,3,1,1,1,ORANGE,0,0,0,0,1,1,1,1,2,1,1,1,1,1,1,1,2,1,1,2,1,1,2,2,2,2,2,1,1,4,5,5,5,5,5,5,5,2,5,5,6,6,6,6,7,6,6,6,6,6,6,6,6,3,3,2,3,3,4,4,3,1,0,2.7777777777777777,3,Not detected,2.4166666666666665,3,2.3333333333333335,2.3333333333333335,2,5,5,4,2,5,4,6,6,6,6,5,5,5,5,4,3,20,18,20,42,42,25,21,25,2.7777777777777777,5.5,5,5.75,5.75,2,0,2,1,1,3
1.9230769230769231,-0.9735147929065397,0.7490671314841674,12,2025-08-01T14:59:03Z,2025-08-01T15:11:39Z,100,756,1,2025-08-01T15:11:40Z,R_6V4nE1bZaVIG0cc,anonymous,1,1,1,1,1,1,21,Female,0,0,0,0,0,0,1,0,Disabled or retired and not looking,"< $10,000",High school diploma or equivalent,62401,0,0,Never married,Other,Once or twice a year,0,NA,NA,NA,NA,NA,NA,NA,Blue cross,Less than one year,0,0,0,0,0,1,0,0,0,0,0,0,1,0,0,Less than 1 hour,0,0,0,0,0,1,0,0,0,0,0,0,0,0,1,0,0,0,0,NA,NA,NA,NA,NA,0,0,0,0,0,0,0,0,0,0,FALSE,1,FALSE,0,0,0,0,0,0,1,Just help me go and get them from point a to point b,Other family member,Female,45,Short-term physical condition,NA,Lives in their own home,NA,1,1,1,1,3,1,2,1,2,3,1,2,1,2,2,1,2,2,2,2,1,2,2,2,2,1,2,1,0,0,0,0,0,0,0,0,0,0,0,0,0,0,0,0,0,0,0,1,0,NA,9,0,0,1,1,0,0,0,1,1,0,0,0,0,1,1,0,0,0,NA,9,2,0,NA,3,5,5,5,5,5,5,5,5,5,1,1,7,7,1,1,7,7,1,7,7,7,7,7,7,7,7,7,7,7,7,2,2,2,2,2,2,2,2,1,2,2,1,1,2,1,3,3,4,NA,NA,NA,NA,NA,NA,1,1,4,1,1,1,ORANGE,1,1,1,1,1,1,3,2,1,2,3,3,3,3,3,2,2,2,2,2,3,3,3,1,2,3,3,1,1,4,5,5,4,5,4,5,5,3,5,1,4,4,5,5,1,1,7,5,6,5,1,6,5,1,2,1,3,2,1,2,1,0,1,1,3,Probable AUD,1.8333333333333333,2,2,1.6666666666666667,1.6666666666666667,3,3,2,2,5,5,2,3,4,2,4,3,4,4,3.3333333333333335,1.3333333333333333,32,36,34,38,18,13,20,25,4.333333333333334,7,7,7,7,5,1,2,1,1,3
1.25,-0.9868944729198296,0.8315714675558142,3,2025-08-01T15:00:17Z,2025-08-01T15:11:58Z,100,701,1,2025-08-01T15:11:59Z,R_1BerLK4draRZUsI,anonymous,1,1,2,1,2,1,42,Male,0,0,0,0,0,0,1,0,Full Time,"> $150,000",Bachelor's degree,98126,2,0,Married or living with a partner,Muslim,Weekly,0,NA,NA,NA,NA,NA,NA,NA,Blue cross blue shield,8 to 12 years,0,0,0,1,0,0,0,0,1,0,0,0,0,0,0,9-20 hours,0,0,1,0,0,0,0,1,0,1,0,0,0,0,0,0,1,1,1,2,3,3,2,2,0,1,1,1,0,0,0,0,1,0,FALSE,0,FALSE,1,1,1,0,0,0,0,"Offer help, listen, respect my time.",Spouse,Female,39,Emotional or mental health issue,NA,Lives in someone else's home,NA,1,2,3,2,1,2,3,3,2,1,2,3,2,1,1,2,3,2,1,2,3,3,2,1,2,3,2,1,0,0,1,0,1,0,0,0,1,0,0,0,1,1,0,1,0,0,1,0,0,NA,8,0,1,0,1,1,1,0,0,0,1,0,0,0,1,1,1,0,0,NA,8,2,1,"Local church, school board",8,2,1,2,2,1,2,2,1,2,5,6,7,6,7,6,7,6,6,6,7,6,6,7,6,6,7,6,7,6,7,4,5,4,5,4,5,4,4,5,4,5,4,4,5,4,4,5,4,NA,1,NA,NA,1,NA,1,1,4,4,3,4,ORANGE,1,1,1,1,1,1,2,3,2,2,3,2,2,2,3,2,2,3,2,2,3,2,2,3,2,3,2,3,1,5,6,7,6,6,6,7,6,2,7,5,6,7,6,7,6,7,6,7,6,6,6,7,6,3,4,3,4,3,3,4,3,1,0,4.333333333333333,11,Probable AUD,4.416666666666667,4.333333333333333,4.666666666666667,4.333333333333333,4.333333333333333,2,5,6,4,2,3,4,5,6,5,3,3,3,5,4.333333333333333,4.333333333333333,32,36,30,44,44,27,25,33,1.7777777777777777,6.416666666666667,6.75,6.25,6.25,5,1,4,1,1,3
2.0833333333333335,-0.9801117234617086,0.8871999777437787,9,2025-08-01T14:58:29Z,2025-08-01T15:12:15Z,100,825,1,2025-08-01T15:12:15Z,R_6hz2kvCPXfeXPY4,anonymous,1,1,1,0,0,1,35,Male,0,0,0,0,0,0,1,0,Full Time,"$50,000 - $99,999",Less than high school degree,44303,1,0,Married or living with a partner,Christian,Every month,0,NA,NA,NA,NA,NA,NA,NA,United health care,Less than one year,0,0,1,0,1,0,0,0,1,1,0,1,1,0,0,9-20 hours,0,0,0,0,0,1,0,0,0,0,0,0,0,0,0,1,1,0,0,NA,NA,NA,NA,NA,0,0,0,0,0,0,0,0,0,0,FALSE,1,FALSE,0,0,0,0,0,0,1,None i do fine,Grandpartent,Female,78,Long-term physical condition,NA,Lives in someone else's home,NA,2,2,1,1,2,1,3,1,1,1,1,2,1,2,2,1,1,1,2,2,2,2,2,2,3,1,4,1,0,0,0,0,0,0,0,0,1,0,1,0,0,0,0,0,0,0,0,0,0,NA,2,0,0,0,1,1,0,0,0,0,1,0,0,0,1,1,0,0,0,NA,9,1,0,NA,5,3,3,3,3,3,3,3,3,3,5,1,5,5,2,1,4,2,1,4,4,6,5,5,6,6,6,6,6,6,6,2,2,2,2,1,1,2,1,1,2,2,2,3,3,3,2,2,2,1,NA,NA,NA,NA,NA,1,1,3,1,1,1,ORANGE,0,0,0,0,0,0,0,0,0,0,0,1,0,0,0,0,1,1,0,0,0,0,0,1,0,0,0,1,1,6,6,6,5,5,5,5,6,5,4,3,3,5,2,3,1,2,1,6,1,6,4,2,3,1,2,2,3,3,1,2,1,1,0,3,3,Not detected,1.6666666666666667,2,1.3333333333333333,1.3333333333333333,2,4,5,2,2,4,3,2,3,3,2,5,2,4,6,2,3,8,0,0,15,27,15,26,27,5.111111111111111,5.5,4.75,5.75,6,0,0,1,1,1,3
1.7605633802816902,-0.9786144841139371,0.723154293340042,5,2025-08-01T15:01:06Z,2025-08-01T15:12:24Z,100,677,1,2025-08-01T15:12:24Z,R_1CK4GnA1tGDoeRD,anonymous,1,1,0,1,1,1,38,Female,0,0,0,1,0,0,0,0,Full Time,"$50,000 - $99,999",Less than high school degree,74133,1,0,Married or living with a partner,Christian,Weekly,0,NA,NA,NA,NA,NA,NA,NA,United healthcare,3 to 7 years,1,0,1,1,1,0,0,0,1,1,1,0,0,0,0,1-8 hours,1,1,0,1,0,0,1,0,1,0,1,0,0,0,0,0,1,0,0,NA,NA,NA,NA,NA,1,0,0,1,1,0,1,0,0,0,FALSE,0,FALSE,1,1,1,0,0,0,0,I think I should do better,Child,Female,6,NA,Kid,Lives with me,NA,3,3,4,3,3,3,4,3,3,4,4,3,3,4,3,3,4,3,3,3,4,3,4,3,4,3,3,4,0,0,1,0,0,0,0,0,1,1,0,0,0,0,0,0,0,0,0,0,0,NA,4,0,0,1,1,0,1,0,1,0,1,1,1,0,0,0,0,0,0,NA,4,2,1,Dancing,7,3,3,2,3,3,1,3,1,2,5,5,5,4,6,5,5,5,5,6,5,5,4,5,5,4,6,6,5,5,5,4,4,4,3,3,4,4,2,3,4,4,4,4,4,5,3,3,4,1,NA,NA,NA,NA,NA,0,0,2,3,2,2,ORANGE,0,0,0,1,1,0,2,3,2,2,3,2,3,2,2,3,2,2,3,2,2,1,3,2,2,2,2,2,1,6,7,5,5,6,5,6,6,4,6,5,6,5,6,6,4,5,6,5,5,6,4,5,5,3,3,2,3,3,3,3,3,0,1,3.6666666666666665,7,Probable AUD,3.5833333333333335,4,3.3333333333333335,3,4,6,7,7,7,6,8,6,7,7,6,8,7,6,6,3.3333333333333335,4.333333333333333,28,32,34,39,34,23,26,30,3,5.083333333333333,5.25,5,5,2,0,1,1,1,3
1.5432098765432098,-0.9279873055300957,0.5600637803115787,4,2025-08-01T14:58:36Z,2025-08-01T15:12:39Z,100,843,1,2025-08-01T15:12:40Z,R_6fltLpSzZ4GDgCM,anonymous,1,1,1,0,0,1,47,Female,0,0,0,0,0,0,1,0,Part Time,"$20,000 - $49,999",Less than high school degree,23452,0,0,Never married,Christian,Never,0,NA,NA,NA,NA,NA,NA,NA,Medicaid,More than 12 years,0,0,0,0,0,0,1,1,0,1,1,1,1,0,0,21-40 hours,1,0,1,0,0,0,0,0,0,0,0,0,0,0,1,0,0,0,0,NA,NA,NA,NA,NA,0,1,0,0,1,0,0,0,0,0,FALSE,0,FALSE,0,0,0,0,0,0,1,I am not sure. People in my community don't care.,Parent,Female,72,Long-term physical condition,NA,Lives with me,NA,2,1,1,2,2,1,4,1,1,1,1,2,2,1,1,1,2,1,4,4,4,2,1,3,1,1,2,1,0,1,0,0,1,1,0,0,0,0,1,0,0,1,0,0,0,0,0,0,0,NA,9,1,0,0,0,0,0,1,1,1,0,0,0,0,0,1,1,0,0,NA,8,2,0,NA,6,3,3,5,1,5,1,1,1,1,4,1,4,4,1,1,3,1,1,5,4,5,5,4,3,3,7,3,1,4,5,4,4,4,2,2,4,2,1,1,5,5,5,3,4,3,1,1,1,1,1,1,NA,NA,NA,1,1,3,2,5,3,ORANGE,1,1,0,1,1,0,3,3,1,1,3,1,1,1,2,3,2,2,2,1,3,1,0,1,2,1,1,1,1,4,5,5,3,4,2,6,6,3,6,3,7,4,6,5,2,5,5,2,3,2,2,6,6,1,4,1,1,2,1,1,1,0,1,3.6666666666666665,10,Probable AUD,3.25,4,2.6666666666666665,1.3333333333333333,5,6,5,2,3,3,2,2,5,4,3,2,2,7,4,1,3.3333333333333335,22,26,22,38,20,12,16,28,5.777777777777778,4.083333333333333,3.5,5.25,3.5,3,1,1,1,1,3
1.2376237623762376,-0.9831023457956195,0.7035635566663084,4,2025-08-01T14:59:55Z,2025-08-01T15:13:22Z,100,806,1,2025-08-01T15:13:22Z,R_7D9ufTQ4mCg8kIp,anonymous,1,1,2,0,0,1,49,Female,1,0,0,0,0,0,0,0,Full Time,"$100,000 - $149,999",Bachelor's degree,92507,0,2,Married or living with a partner,Muslim,Weekly,0,NA,NA,NA,NA,NA,NA,NA,kaiser,3 to 7 years,0,1,1,0,1,0,0,1,0,1,0,1,0,0,0,9-20 hours,1,0,0,0,0,0,0,1,0,0,0,0,0,0,0,0,1,0,0,NA,NA,NA,NA,NA,1,0,0,0,1,0,0,0,1,0,FALSE,0,FALSE,1,0,0,1,0,0,0,i can provide what i have,Other family member,Female,71,Memory problems,NA,Lives in their own home,NA,4,3,1,1,4,1,2,1,2,2,3,3,4,3,4,3,3,2,3,1,4,2,3,3,3,2,4,1,0,1,0,0,0,1,0,0,1,0,0,0,0,0,0,0,0,0,0,0,0,NA,4,0,0,0,1,0,0,0,0,1,0,0,0,0,1,0,0,0,0,NA,8,2,1,"inland empire, rush",6,1,2,3,3,1,1,2,1,2,7,6,5,7,6,6,5,6,7,7,6,5,4,5,6,7,6,5,4,5,6,5,4,3,2,5,4,3,4,4,5,5,4,5,4,4,5,4,4,1,NA,1,NA,NA,NA,0,0,2,1,1,2,ORANGE,1,1,0,1,1,0,3,2,1,2,3,2,1,0,1,2,3,3,3,2,1,0,1,2,3,3,2,3,1,7,6,7,7,7,6,7,6,1,6,7,6,7,6,7,7,7,6,6,7,7,6,5,6,4,3,2,3,4,4,3,2,0,1,4.222222222222222,4,Probable AUD,4,4,3.6666666666666665,3.6666666666666665,4.666666666666667,7,5,2,4,8,5,4,6,6,6,6,3,4,6,4.333333333333333,4.333333333333333,30,26,24,43,47,25,28,32,1.8888888888888893,5.5,5.5,5,6,3,1,2,1,1,3
1.6891891891891893,-0.9764225605057631,0.7292003649959361,9,2025-08-01T15:02:51Z,2025-08-01T15:14:55Z,100,723,1,2025-08-01T15:14:55Z,R_6s1noe0nzrGuoKn,anonymous,1,1,1,0,0,1,61,Female,0,0,0,0,0,0,1,0,Disabled or retired and not looking,"$50,000 - $99,999",Bachelor's degree,15906,0,2,Married or living with a partner,Christian,Once or twice a year,0,NA,NA,NA,NA,NA,NA,NA,Highmark,1 to 3 years,0,0,1,1,0,0,0,1,1,1,1,0,1,1,0,1-8 hours,0,0,0,0,0,1,0,0,0,0,0,0,0,0,0,1,0,0,0,NA,NA,NA,NA,NA,1,0,1,0,0,0,0,0,0,0,FALSE,0,FALSE,0,0,0,0,1,0,0,Nothing at this time,Parent,Female,87,Short-term physical condition,NA,Lives in their own home,NA,2,1,2,1,3,1,2,1,2,2,1,3,3,3,3,1,2,3,3,3,2,2,2,3,2,1,2,1,0,0,0,0,0,0,0,0,0,0,0,0,0,0,0,0,0,0,0,1,0,NA,4,0,0,0,1,0,1,1,1,0,0,0,0,0,0,0,0,0,0,NA,5,1,0,NA,8,3,3,3,3,3,3,3,3,2,2,2,6,5,2,5,6,4,3,6,6,5,5,6,3,4,3,3,6,5,5,2,2,2,2,1,1,2,2,4,3,4,4,2,2,2,3,3,3,NA,NA,NA,NA,NA,NA,0,0,3,3,1,1,ORANGE,1,0,0,0,1,0,1,1,2,0,2,2,0,1,0,0,2,2,2,1,2,2,1,1,1,2,1,1,1,5,7,5,4,5,5,5,5,3,5,5,6,6,6,6,5,6,3,2,2,6,6,2,2,1,4,1,1,3,1,1,1,0,1,3.111111111111111,5,Probable AUD,2.4166666666666665,2,1.3333333333333333,2.6666666666666665,3.6666666666666665,5,3,3,2,6,4,2,4,5,4,5,4,6,4,3,2,20,12,20,27,36,13,22,27,4.111111111111111,4.75,6,4.5,3.75,1,0,1,1,1,3
1.404494382022472,-0.888258865386184,0.4258733060813444,8,2025-08-01T15:00:46Z,2025-08-01T15:14:56Z,100,850,1,2025-08-01T15:14:56Z,R_7P1KPq7r8JIIkwK,anonymous,1,1,1,0,0,1,47,Male,0,0,0,0,0,0,1,0,Unemployed and looking,"$20,000 - $49,999",Associate's degree,33542,0,0,Never married,Christian,Never,0,NA,NA,NA,NA,NA,NA,NA,None,8 to 12 years,0,0,1,0,1,0,0,0,1,1,0,1,1,0,0,21-40 hours,0,0,0,0,0,1,0,0,0,0,0,0,0,1,0,0,0,0,1,2,2,1,2,1,0,1,0,0,1,1,0,0,1,0,FALSE,0,FALSE,0,0,0,0,0,0,1,Nothing,Parent,Female,71,Emotional or mental health issue,NA,Lives with me,NA,1,2,2,1,1,3,1,1,4,1,1,1,3,2,1,3,1,1,3,3,3,2,1,2,2,4,3,1,0,0,0,0,0,0,0,0,0,0,0,0,0,0,0,0,0,0,0,1,0,NA,2,0,0,0,1,1,0,0,0,1,0,0,0,0,0,1,0,0,0,NA,6,1,0,NA,1,3,5,3,3,3,3,3,3,3,3,1,5,4,1,4,3,1,2,1,2,2,2,1,1,1,2,1,1,2,1,4,5,4,5,4,5,4,3,2,2,2,2,5,3,4,1,1,3,NA,NA,NA,NA,NA,NA,1,0,4,1,1,1,ORANGE,1,0,0,0,0,0,1,3,2,3,2,1,2,1,0,3,2,2,3,1,1,2,3,2,0,0,2,4,1,1,2,2,1,1,2,1,1,1,2,2,5,4,2,4,2,2,6,1,6,2,1,4,6,2,2,1,3,4,1,1,1,1,0,2.7777777777777777,3,Not detected,3.5,4.333333333333333,4.666666666666667,3,2,4,3,3,2,2,2,6,7,2,7,4,2,5,5,1.6666666666666667,4,20,18,34,33,14,15,6,8,5.333333333333334,1.4166666666666667,1.25,2,1,0,0,1,1,1,3
2.358490566037736,-0.9826062549672694,0.9671644619217827,10,2025-08-01T14:59:19Z,2025-08-01T15:15:00Z,100,941,1,2025-08-01T15:15:01Z,R_3DS00o5KfTDnF7J,anonymous,1,1,1,0,0,1,34,Male,0,0,0,1,0,0,1,0,Full Time,"$20,000 - $49,999",Less than high school degree,58203,1,0,Never married,Other,Weekly,1,NA,1,NA,NA,NA,NA,10,Blue Cross Blue shield,3 to 7 years,1,0,1,1,1,1,0,1,1,1,0,1,1,1,0,1-8 hours,0,0,0,0,0,1,0,0,0,0,0,0,0,0,1,0,0,0,1,3,3,2,2,2,0,0,0,0,0,0,0,0,0,0,FALSE,1,FALSE,0,0,0,1,0,0,0,Morning my community is great,Parent,Other,80,Memory problems,NA,Lives with me,NA,2,4,1,1,1,1,3,1,1,1,1,1,1,1,1,1,4,2,3,2,3,4,1,4,3,1,4,1,0,1,0,0,0,0,0,0,0,0,0,0,0,0,0,0,0,0,0,0,0,NA,9,0,0,0,1,0,0,0,0,0,1,0,0,0,0,1,0,0,0,NA,9,1,0,NA,9,1,1,1,2,1,1,1,1,1,2,2,7,7,1,1,7,1,1,7,7,7,7,6,7,7,7,6,7,7,7,1,1,1,1,5,1,1,1,1,1,1,1,1,1,3,1,1,1,1,NA,NA,NA,NA,NA,0,0,1,1,1,1,ORANGE,0,0,0,0,0,0,0,1,0,0,0,0,0,0,0,0,1,0,0,0,0,0,0,0,0,0,0,1,1,7,4,7,7,7,7,7,7,4,7,7,1,7,2,1,1,7,1,6,2,7,7,2,1,2,2,1,1,1,1,1,1,1,0,4.888888888888889,3,Not detected,1.3333333333333333,1,2.3333333333333335,1,1,5,7,2,2,2,2,2,4,5,2,4,3,6,8,1,1.6666666666666667,2,2,0,10,42,10,32,32,4.777777777777778,6.833333333333333,6.75,7,6.75,0,0,1,1,1,3
2.0491803278688523,-0.9916539519871784,0.7071793394257189,13,2025-08-01T14:59:51Z,2025-08-01T15:15:05Z,100,914,1,2025-08-01T15:15:06Z,R_3x35e2PRoEShpo5,anonymous,1,1,1,0,0,1,57,Female,0,0,0,0,0,0,1,0,Unemployed and looking,"$50,000 - $99,999",Less than high school degree,80909,0,1,Married or living with a partner,Other,Never,0,NA,NA,NA,NA,NA,NA,NA,Alpen Glow,8 to 12 years,0,0,0,0,0,0,1,0,1,1,0,1,0,0,0,1-8 hours,0,0,0,1,0,0,0,0,1,0,0,0,0,0,0,0,0,0,0,NA,NA,NA,NA,NA,0,1,0,0,0,1,0,0,0,0,FALSE,0,FALSE,0,0,0,0,1,0,0,Support me in my choices.,Friend,Male,45,Long-term physical condition,NA,Lives in their own home,NA,1,4,4,2,1,2,4,4,4,1,2,2,4,4,1,2,2,2,4,4,4,2,1,4,4,3,4,1,0,0,0,0,0,0,0,0,0,0,0,0,0,0,0,0,0,0,0,1,0,NA,1,0,0,0,0,0,0,0,0,0,1,0,0,1,0,0,0,0,0,NA,3,1,0,NA,9,3,3,3,3,3,3,3,3,3,3,3,3,4,1,3,4,3,5,1,1,3,2,1,1,1,3,1,1,3,1,3,3,3,3,3,3,3,3,3,3,3,3,4,4,4,4,4,4,NA,NA,NA,NA,NA,NA,0,0,3,2,1,1,ORANGE,1,1,1,1,1,0,1,1,1,1,1,1,1,1,1,1,1,1,1,0,1,1,2,1,1,1,1,2,1,3,5,5,3,6,5,5,5,4,5,4,6,4,6,5,5,4,7,5,6,4,4,6,7,3,4,3,3,4,2,4,2,0,1,3,4,Probable AUD,3,3,3,3,3,5,8,8,4,2,2,4,8,4,7,8,3,8,6,4,4,12,14,16,43,30,25,21,25,4.777777777777778,1.5833333333333333,1,2.75,1,4,1,1,1,1,3
1.5432098765432098,-0.9680642487741373,0.6523825399042785,7,2025-08-01T14:58:33Z,2025-08-01T15:15:16Z,100,1002,1,2025-08-01T15:15:16Z,R_6QMdDbolTWwVcTv,anonymous,1,1,1,0,0,1,23,Female,0,0,0,1,0,0,0,0,Part Time,"$20,000 - $49,999",High school diploma or equivalent,03598,0,0,Never married,Other,Never,0,NA,NA,NA,NA,NA,NA,NA,Teledoc,Less than one year,0,0,1,1,1,0,0,0,1,1,1,1,1,0,0,1-8 hours,1,0,0,0,0,0,1,0,0,0,0,0,0,0,0,0,1,0,0,NA,NA,NA,NA,NA,0,1,0,1,0,0,0,0,0,0,FALSE,0,FALSE,0,1,0,0,0,0,0,Being kind,Grandpartent,Female,81,Short-term physical condition,NA,Lives in their own home,NA,2,3,2,2,3,2,3,2,2,2,3,2,3,2,3,3,2,1,3,2,1,2,3,2,3,1,2,3,0,0,0,0,0,0,0,0,0,1,0,0,0,0,0,0,0,0,0,0,0,NA,6,0,0,0,1,1,1,0,1,0,1,0,0,0,0,1,0,0,0,NA,6,1,1,Voluntarios,4,2,4,3,3,4,3,2,3,2,1,1,7,7,1,7,7,2,7,6,6,6,6,6,6,6,7,7,7,6,6,3,3,4,4,4,3,4,3,4,4,3,3,2,2,4,1,2,3,1,NA,NA,1,NA,NA,0,0,4,3,1,2,ORANGE,0,1,0,1,0,0,1,2,2,1,2,1,2,0,1,3,1,2,2,1,2,2,2,1,0,1,2,2,1,4,3,2,2,2,2,2,2,6,3,6,3,6,4,2,3,7,3,6,3,3,3,3,3,3,3,2,4,4,3,3,3,0,1,3.111111111111111,6,Probable AUD,3.5,3.3333333333333335,3.6666666666666665,3.6666666666666665,3.3333333333333335,5,6,4,5,6,5,5,3,4,4,5,4,4,4,2,2.6666666666666665,14,18,30,21,34,25,16,12,3.5555555555555554,6.25,6.25,6.25,6.25,2,0,1,1,1,3
2.1186440677966103,-0.8807665978725129,0.6570956005464881,10,2025-08-01T14:58:29Z,2025-08-01T15:16:43Z,100,1093,1,2025-08-01T15:16:43Z,R_6zGgxVdQECSZHSm,anonymous,1,1,1,1,2,1,43,Female,0,0,0,0,0,0,1,0,Full Time,"$100,000 - $149,999",Bachelor's degree,33437,2,0,Married or living with a partner,Christian,Weekly,0,NA,NA,NA,NA,NA,NA,NA,aetna,1 to 3 years,0,0,1,1,0,0,0,0,1,1,0,1,1,0,0,9-20 hours,0,0,0,0,0,1,0,0,0,0,0,0,0,0,1,0,0,0,0,NA,NA,NA,NA,NA,1,1,0,0,0,0,0,0,0,0,FALSE,0,FALSE,1,0,0,0,0,0,0,they can offer kindness,Spouse,Male,62,Short-term physical condition,NA,Lives with me,NA,2,1,1,1,1,2,2,1,1,1,1,2,1,2,1,1,2,2,3,3,2,3,3,3,3,3,3,2,1,0,0,0,1,0,0,0,1,0,0,1,0,0,0,0,0,0,0,0,0,NA,7,0,0,0,1,1,0,1,0,0,0,0,0,0,0,1,0,0,0,NA,7,2,0,NA,1,1,1,1,1,1,1,1,1,1,4,3,3,3,3,4,3,4,1,1,1,5,5,1,5,4,4,2,1,2,2,3,3,3,2,2,1,2,2,2,2,2,2,1,2,2,1,2,2,NA,NA,NA,NA,1,NA,0,0,3,3,1,2,ORANGE,0,0,0,0,0,0,1,0,1,1,1,1,1,1,1,1,1,1,0,1,1,0,0,0,0,0,0,1,1,4,5,4,4,4,4,4,4,4,4,1,4,4,3,5,1,4,1,4,3,5,5,1,3,2,3,1,1,3,1,1,1,0,1,5,6,Probable AUD,2.1666666666666665,3,1.6666666666666667,2,2,5,3,2,2,2,4,3,3,4,4,5,4,6,6,1.6666666666666667,1.6666666666666667,12,8,6,20,24,13,20,21,4.888888888888889,2.75,1,4,3.25,0,0,3,1,1,3
2.6595744680851063,-0.9830416882318669,0.8562760888470154,9,2025-08-01T14:58:44Z,2025-08-01T15:17:07Z,100,1102,1,2025-08-01T15:17:07Z,R_5XVuccWZ7hwXSmt,anonymous,1,1,2,1,2,1,32,Male,0,0,0,0,0,0,1,0,Full Time,"> $150,000",Bachelor's degree,95054,2,0,Married or living with a partner,Muslim,Weekly,0,NA,NA,NA,NA,NA,NA,NA,citi,1 to 3 years,1,0,0,1,1,0,0,0,1,1,1,0,0,0,0,1-8 hours,1,0,0,0,0,0,0,0,1,0,0,1,0,0,0,0,1,1,1,3,2,3,3,2,0,0,1,0,1,0,0,1,0,0,FALSE,0,FALSE,0,1,0,1,1,0,0,For support me,Child,Male,7,Short-term physical condition,NA,Lives with me,NA,4,4,3,4,4,4,4,4,3,3,4,4,4,4,4,3,3,4,4,4,4,3,4,4,4,3,4,4,0,0,1,0,0,0,0,0,0,0,0,0,0,0,0,0,0,0,0,0,0,NA,4,0,0,0,1,0,0,0,0,0,0,0,0,0,1,1,0,0,0,NA,6,2,1,facebook,6,5,5,5,5,5,5,5,5,5,7,7,7,7,6,6,7,7,7,7,7,6,7,7,7,7,6,6,7,7,7,5,5,5,4,5,5,5,5,5,5,5,3,5,5,4,5,5,5,1,NA,1,NA,1,NA,0,0,1,2,1,2,ORANGE,1,1,1,1,1,1,3,3,3,3,3,3,3,3,2,3,3,2,2,3,3,3,3,3,3,3,3,3,1,7,7,6,6,7,7,7,7,2,7,7,7,6,7,7,7,6,4,6,6,7,6,7,6,4,3,4,4,4,4,4,4,1,0,1,5,Probable AUD,4.75,5,4.666666666666667,5,4.333333333333333,8,8,7,8,8,7,7,7,7,7,8,8,8,7,5,4.666666666666667,40,40,40,44,45,31,29,34,1.2222222222222223,6.75,7,6.5,6.75,5,1,4,1,1,3
1.8656716417910448,-0.9708938117377457,0.823310250655674,8,2025-08-01T14:58:08Z,2025-08-01T15:17:54Z,100,1185,1,2025-08-01T15:17:54Z,R_6gEUAgtSN0f50at,anonymous,1,1,1,0,0,1,67,Male,0,0,0,0,0,0,1,0,Part Time,"$20,000 - $49,999",High school diploma or equivalent,34652,0,0,Divorced/Separated,Christian,Once or twice a year,0,NA,NA,NA,NA,NA,NA,NA,Medicare,1 to 3 years,0,0,0,0,0,0,1,1,0,0,0,0,0,1,0,1-8 hours,1,0,0,0,0,0,0,0,0,0,0,0,0,0,1,0,0,0,1,1,1,1,1,1,0,0,0,0,0,0,0,0,0,0,FALSE,1,FALSE,1,0,0,0,0,0,0,Give free guidance,Parent,Male,88,Long-term physical condition,NA,Assisted living,NA,3,2,2,1,2,1,2,1,1,2,1,2,1,2,2,1,2,1,2,2,1,2,2,2,2,1,2,1,0,1,0,0,1,1,0,0,1,1,0,0,0,1,0,0,0,0,0,0,0,NA,5,0,0,0,1,0,0,0,0,0,0,0,0,0,0,1,0,0,0,NA,4,1,0,NA,5,3,3,3,3,3,2,2,2,2,7,7,1,4,1,4,4,1,4,5,5,4,4,5,5,5,5,5,5,5,5,2,2,2,2,1,1,2,1,2,2,2,2,2,4,3,3,3,3,1,NA,NA,NA,NA,NA,0,0,2,3,1,1,ORANGE,1,0,0,0,0,0,0,1,0,0,1,1,0,0,0,0,0,1,0,0,0,1,0,1,0,0,0,1,1,6,6,5,6,6,5,5,5,4,5,6,4,5,1,2,4,4,1,4,1,4,4,1,1,2,2,1,2,2,1,2,1,1,0,3.4444444444444446,5,Probable AUD,1.75,2,1.3333333333333333,1.6666666666666667,2,5,4,3,2,4,4,2,2,4,2,4,2,4,4,3,3,6,2,4,11,31,13,27,26,4.333333333333334,4.833333333333333,5,4.5,5,0,0,1,1,1,3
2.0161290322580645,-0.9654337801504718,0.6854154900800952,12,2025-08-01T15:02:43Z,2025-08-01T15:18:43Z,100,960,1,2025-08-01T15:18:43Z,R_1NCUTrTX8yo5W6u,anonymous,1,1,1,1,1,1,42,Male,0,0,1,0,0,0,0,0,Full Time,"> $150,000",Some college,77031,1,1,Never married,Christian,Once or twice a year,0,NA,NA,NA,NA,NA,NA,NA,aetna,More than 12 years,0,0,1,0,0,0,0,0,0,0,0,0,1,0,0,1-8 hours,0,1,0,0,0,0,1,0,0,0,0,0,0,0,0,0,1,1,0,NA,NA,NA,NA,NA,1,0,0,0,0,0,0,0,0,0,FALSE,0,FALSE,0,0,1,0,0,0,0,help me,Child,Male,73,Long-term physical condition,NA,Lives with me,NA,2,2,2,2,2,2,3,2,2,2,2,2,2,2,3,2,1,3,3,3,3,4,2,3,2,2,2,2,0,0,0,0,0,1,0,0,0,0,0,0,0,0,0,0,0,0,0,0,0,NA,1,0,0,0,1,0,0,0,0,0,0,0,0,0,0,0,0,0,0,NA,2,2,1,none,9,2,2,1,2,2,3,3,4,2,4,5,5,6,6,5,5,5,4,3,3,5,4,4,4,5,4,5,4,5,4,3,4,3,3,4,4,4,4,4,3,4,3,3,1,3,3,3,3,1,NA,NA,NA,NA,NA,0,0,4,5,3,4,ORANGE,0,0,0,1,1,0,1,2,1,1,2,2,2,2,1,2,2,2,2,2,2,2,1,2,1,1,2,2,1,4,4,4,3,6,3,3,4,4,3,7,7,7,6,7,7,7,7,7,7,7,7,7,7,2,2,1,1,1,3,2,2,1,0,3.6666666666666665,12,Probable AUD,3.5833333333333335,3.3333333333333335,3.6666666666666665,4,3.3333333333333335,5,5,4,4,5,4,4,5,3,4,4,5,6,6,3,2.3333333333333335,26,20,24,48,49,14,20,18,3,4.166666666666667,3.5,4.5,4.5,2,0,2,1,1,3
1.7605633802816902,-0.9726087964831701,0.6612257835555081,7,2025-08-01T15:00:14Z,2025-08-01T15:18:45Z,100,1111,1,2025-08-01T15:18:46Z,R_10mVvxayYLLufdf,anonymous,1,1,0,1,1,1,47,Female,0,0,0,0,0,0,1,0,Disabled or retired and not looking,"$50,000 - $99,999",Less than high school degree,49508,1,2,Married or living with a partner,Other,Never,1,NA,NA,NA,1,NA,NA,1,Blue cross,8 to 12 years,1,1,0,1,1,1,0,0,1,0,0,0,0,0,0,21-40 hours,0,0,0,0,0,1,0,0,0,0,0,0,0,0,1,0,1,0,0,NA,NA,NA,NA,NA,1,1,1,1,0,0,0,0,0,0,FALSE,0,FALSE,1,0,0,0,0,0,0,Be patient,Child,Female,15,Long-term physical condition,NA,Lives with me,NA,1,1,3,1,1,1,2,1,1,1,1,2,2,2,2,1,2,1,2,3,2,1,1,4,2,1,2,1,0,0,0,0,0,0,0,0,0,0,1,0,0,0,0,0,0,0,0,0,0,NA,4,0,0,0,0,0,0,0,0,0,1,0,0,0,0,1,0,0,0,NA,7,1,0,NA,3,1,1,3,3,3,3,3,3,3,4,3,6,6,6,3,3,4,3,3,4,4,4,4,4,4,4,5,4,4,4,5,4,3,4,4,5,1,1,1,1,2,1,3,3,3,3,3,3,NA,NA,NA,NA,NA,NA,1,1,5,1,1,1,ORANGE,1,0,1,1,1,1,2,3,2,2,2,1,0,0,0,1,1,2,2,2,1,2,2,2,3,2,2,1,1,3,4,5,3,3,4,5,6,3,5,4,5,5,4,5,4,5,5,6,4,3,3,6,5,4,4,3,2,4,3,3,1,0,1,3.4444444444444446,3,Probable AUD,2.6666666666666665,4,4.333333333333333,1,1.3333333333333333,3,3,4,2,3,2,2,3,4,3,4,2,7,3,3,3,20,22,26,34,30,24,16,25,3.7777777777777777,4,3.75,4,4.25,4,1,1,1,1,3
2.314814814814815,-0.9927114412506097,0.9342551458808062,15,2025-08-01T15:01:28Z,2025-08-01T15:18:57Z,100,1048,1,2025-08-01T15:18:58Z,R_30rEujttWdR0MJX,anonymous,1,1,2,1,0,1,43,Male,0,0,1,0,0,0,0,0,Full Time,"$50,000 - $99,999",Associate's degree,08609,2,0,Never married,Atheist/Agnostic,Weekly,0,NA,NA,NA,NA,NA,NA,NA,aetna,3 to 7 years,0,0,1,1,1,1,0,0,0,1,1,1,0,1,0,21-40 hours,0,1,1,0,0,0,1,0,0,0,0,0,0,0,0,0,1,0,0,NA,NA,NA,NA,NA,1,0,1,0,0,1,0,0,0,0,FALSE,0,FALSE,1,0,0,0,0,1,0,help out whenever i need it,Parent,Female,76,Memory problems,NA,Lives in their own home,NA,2,3,3,2,3,3,2,3,2,3,2,3,3,2,3,3,3,2,2,2,1,2,3,2,2,2,2,2,0,1,0,0,1,1,0,0,1,1,1,0,0,1,0,0,0,0,0,0,0,NA,7,0,0,0,1,1,0,0,0,1,0,0,0,0,0,1,0,0,0,NA,8,2,1,caregivers,7,2,2,2,2,2,2,2,2,1,2,2,6,6,2,2,6,2,2,5,6,5,6,6,5,5,5,6,6,6,5,2,2,2,1,1,1,1,1,1,2,1,1,2,2,2,2,2,2,1,NA,1,NA,NA,NA,0,0,2,5,2,4,ORANGE,0,0,0,0,0,0,1,1,0,0,0,1,0,0,0,0,0,0,0,0,0,0,0,0,0,0,0,1,1,5,5,6,5,6,6,6,5,2,6,5,6,5,3,2,5,6,2,5,2,6,6,2,2,2,2,1,1,1,1,1,1,1,0,4.111111111111111,11,Probable AUD,1.3333333333333333,2,1,1,1.3333333333333333,4,5,6,4,6,6,6,3,6,5,4,4,4,4,2,2,4,2,0,19,38,10,24,28,4.666666666666666,5.5,5.75,5.5,5.25,0,0,2,1,1,3
1.0416666666666667,-0.9731328391355168,0.7065857502463979,2,2025-08-01T15:03:31Z,2025-08-01T15:19:08Z,100,936,1,2025-08-01T15:19:08Z,R_6oGglhcwCr2rUHe,anonymous,1,1,1,1,1,1,28,Male,0,0,1,0,0,0,0,0,Full Time,"$50,000 - $99,999",Some college,33319,1,0,Never married,Christian,Once or twice a year,0,NA,NA,NA,NA,NA,NA,NA,cigna,3 to 7 years,1,1,0,1,0,0,0,1,0,0,0,0,0,0,0,1-8 hours,0,1,0,0,0,0,1,0,0,0,0,0,0,0,0,0,1,1,1,2,3,2,2,2,1,1,0,0,0,0,0,0,0,0,FALSE,0,FALSE,0,0,0,0,0,1,0,they can come visit me and help out more.,Child,Male,60,Short-term physical condition,NA,Lives with me,NA,4,3,2,3,4,3,4,4,3,4,3,4,3,4,4,3,4,3,4,3,4,3,4,3,4,3,4,3,0,1,0,0,1,0,0,0,0,0,0,0,0,0,0,0,0,0,0,0,0,NA,9,1,0,1,0,0,0,0,0,0,0,0,0,0,0,0,0,0,0,NA,9,1,0,NA,9,4,3,2,3,2,3,2,3,2,7,6,5,6,7,6,5,6,7,7,6,5,4,5,6,7,6,5,4,5,6,5,4,3,4,5,4,3,4,5,4,3,4,4,5,4,5,4,5,1,NA,1,NA,NA,NA,0,0,1,3,2,3,ORANGE,0,0,0,0,0,0,2,1,3,2,1,2,3,2,1,2,3,2,1,2,3,2,1,2,3,2,1,3,1,7,6,5,4,5,6,7,6,3,4,7,6,5,4,5,6,7,6,5,4,5,6,7,6,4,3,2,3,4,3,2,3,1,0,3.3333333333333335,8,Probable AUD,4,4,4.333333333333333,4,3.6666666666666665,8,7,6,6,8,8,6,7,8,6,8,6,6,7,4.666666666666667,4.333333333333333,30,30,22,38,41,24,25,28,1.8888888888888893,5.5,5.5,5,6,0,0,2,1,1,3
1.5060240963855422,-0.9779312218131773,0.7692193983577977,5,2025-08-01T14:59:01Z,2025-08-01T15:19:23Z,100,1221,1,2025-08-01T15:19:23Z,R_1WHG7X50lbc0M2K,anonymous,1,1,1,0,0,1,41,Male,0,0,0,0,0,0,1,0,Part Time,"$20,000 - $49,999",High school diploma or equivalent,18704,0,0,Never married,Other,Never,0,NA,NA,NA,NA,NA,NA,NA,Geisinger,1 to 3 years,1,0,0,1,1,1,0,1,1,1,0,1,1,1,0,1-8 hours,0,1,0,0,0,0,1,0,0,0,0,0,0,0,0,0,0,0,0,NA,NA,NA,NA,NA,1,0,1,1,0,1,0,0,1,0,FALSE,0,FALSE,0,0,0,0,0,0,1,Im not sure what people can do in my community but i would like to be paid for my time as a caregiver.,Parent,Female,84,Memory problems,NA,Lives in their own home,NA,2,2,3,3,3,1,3,2,3,2,3,3,1,3,2,2,2,3,3,2,2,1,2,2,3,1,1,1,0,1,0,0,1,1,0,0,0,0,1,0,0,1,0,0,0,0,0,0,0,NA,5,0,1,0,1,1,0,0,0,0,1,0,0,0,1,1,1,0,0,NA,8,2,1,Funny memes,4,3,3,2,2,2,1,1,2,2,1,1,7,6,1,1,5,1,2,4,4,5,5,4,6,5,4,6,4,5,6,3,4,3,2,2,1,2,2,3,4,4,3,4,3,3,3,3,3,1,1,NA,NA,1,NA,1,0,4,5,2,3,ORANGE,1,1,1,1,1,1,2,2,2,1,2,1,1,2,2,1,1,2,2,1,2,1,2,2,1,2,2,2,1,4,6,6,4,4,4,6,6,4,6,4,6,4,4,5,5,5,6,5,5,4,4,3,5,2,3,1,2,3,1,3,2,1,0,4,10,Probable AUD,2.75,3.3333333333333335,1.6666666666666667,2.3333333333333335,3.6666666666666665,5,5,5,6,5,4,3,5,5,2,6,4,4,2,3,3.3333333333333335,22,22,24,34,31,17,20,30,5.222222222222222,4.833333333333333,4,4.75,5.75,5,1,1,1,1,3
2.0161290322580645,-0.9722993430826606,0.9564590572749113,12,2025-08-01T14:59:49Z,2025-08-01T15:19:33Z,100,1183,1,2025-08-01T15:19:33Z,R_3mINpqYlob8P2nK,anonymous,1,1,1,0,0,1,72,Female,0,0,0,0,0,0,1,0,"Not working, not looking","$20,000 - $49,999",High school diploma or equivalent,48198,0,0,Never married,Atheist/Agnostic,Never,0,NA,NA,NA,NA,NA,NA,NA,Medicare,1 to 3 years,0,0,0,0,0,0,1,1,0,1,0,0,0,1,0,1-8 hours,0,0,0,0,0,1,0,0,0,0,0,0,0,0,0,1,0,0,1,2,1,1,2,2,0,0,0,0,0,0,0,0,0,0,FALSE,1,FALSE,0,0,0,0,0,0,1,"Nothing, I’m fine with it",Friend,Male,83,Long-term physical condition,NA,Lives in their own home,NA,1,1,1,1,3,1,1,1,2,3,1,2,1,2,3,1,2,2,2,1,1,1,1,2,1,1,1,2,0,1,0,0,1,1,0,0,0,0,0,0,0,0,0,0,0,0,0,0,0,NA,5,0,0,0,1,0,1,1,1,1,0,0,0,0,0,0,0,0,1,Facebook,7,1,0,NA,1,3,3,3,2,3,3,3,3,1,1,1,5,6,1,1,5,1,1,7,7,7,7,7,7,7,7,7,7,7,7,2,2,1,2,1,1,1,1,2,2,2,2,1,1,1,1,3,3,NA,NA,NA,NA,NA,NA,0,0,4,5,1,1,ORANGE,1,0,0,0,1,0,0,0,0,0,0,0,1,0,0,0,0,0,1,0,0,0,0,0,1,0,0,1,1,4,4,3,2,4,4,2,1,4,4,4,2,4,1,3,3,6,2,1,1,3,2,2,1,2,3,1,2,1,1,1,1,0,1,3.3333333333333335,7,Probable AUD,1.5833333333333333,1.6666666666666667,1.3333333333333333,1.3333333333333333,2,3,2,2,2,6,4,2,3,4,2,3,4,3,2,2.3333333333333335,1,0,4,2,12,23,12,18,14,5.555555555555555,7,7,7,7,1,0,1,1,1,3
1.5822784810126582,-0.9796646531901693,0.698379340626715,5,2025-08-01T14:58:37Z,2025-08-01T15:19:57Z,100,1279,1,2025-08-01T15:19:57Z,R_7yavQCcBdHQRchv,anonymous,1,1,1,1,1,1,49,Male,0,0,0,0,0,0,1,0,Full Time,"$100,000 - $149,999",Bachelor's degree,17044,2,0,Married or living with a partner,Muslim,Weekly,0,NA,NA,NA,NA,NA,NA,NA,Aetna,1 to 3 years,1,1,1,1,1,1,0,1,1,1,1,1,1,1,0,9-20 hours,1,1,1,1,1,0,1,1,1,1,1,1,1,1,0,0,0,0,1,2,2,1,2,1,1,1,1,0,1,0,1,0,0,0,FALSE,0,FALSE,1,1,0,0,1,1,0,Respite Care Opportunities,Spouse,Female,35,Short-term physical condition,NA,Lives with me,NA,4,3,1,2,3,2,3,2,3,3,3,2,3,3,3,3,2,2,4,3,2,3,3,3,4,3,2,2,0,1,1,0,1,1,0,0,1,1,1,0,1,1,0,0,0,0,1,0,0,NA,7,0,0,0,1,1,1,0,0,0,1,0,0,0,1,1,0,0,0,NA,8,2,1,VA Caregivers Connect,4,4,5,4,3,5,2,1,2,3,2,3,5,4,3,2,4,5,4,6,5,4,4,5,3,2,3,3,4,4,4,4,2,3,2,2,1,3,2,2,4,3,3,4,4,3,4,4,3,1,NA,NA,NA,NA,NA,1,1,4,3,2,2,ORANGE,0,0,1,1,1,1,1,2,1,1,2,2,1,1,2,1,1,2,2,2,0,1,1,1,1,1,2,2,1,5,5,6,5,4,4,4,4,6,4,5,5,4,5,5,5,5,5,5,4,5,5,5,5,2,2,3,2,2,2,2,2,1,0,2.7777777777777777,7,Probable AUD,2.5833333333333335,3,1.6666666666666667,2.3333333333333335,3.3333333333333335,8,6,3,5,6,6,5,5,4,6,7,4,6,5,3.6666666666666665,3.6666666666666665,20,16,20,34,34,17,24,23,4.444444444444445,3.9166666666666665,5,3.75,3,4,0,2,1,1,3
1.524390243902439,-0.975265637678268,0.8954208734916554,8,2025-08-01T14:58:52Z,2025-08-01T15:20:15Z,100,1282,1,2025-08-01T15:20:15Z,R_59HJpfrNLBvMmFX,anonymous,1,1,3,1,1,1,46,Male,0,0,0,0,0,0,1,0,Full Time,"$50,000 - $99,999",Less than high school degree,33714,1,0,Married or living with a partner,Christian,Once or twice a year,1,1,1,NA,NA,NA,NA,3,Blue Cross Blue Shield,1 to 3 years,0,0,1,0,1,1,0,0,0,1,0,1,1,1,0,40+ hours,0,0,0,0,1,0,0,0,1,0,0,0,0,0,0,0,0,0,0,NA,NA,NA,NA,NA,1,0,0,0,0,1,1,0,0,0,FALSE,0,FALSE,0,1,1,0,0,0,0,Run errands for me.,Parent,Female,72,Long-term physical condition,NA,Lives with me,NA,3,3,2,3,3,2,3,1,3,3,3,3,2,3,3,2,3,1,3,4,1,3,3,4,4,1,3,1,0,1,0,0,1,1,0,0,1,1,1,0,0,0,0,0,0,1,0,0,0,NA,7,0,0,1,1,0,0,0,0,1,1,1,0,1,0,1,1,0,0,NA,8,2,1,Holy Name Catholic Church,7,2,2,2,2,1,1,2,1,2,3,2,6,6,2,2,6,2,1,7,7,6,6,7,6,5,6,6,7,6,6,2,2,2,2,2,2,2,2,1,1,2,1,4,2,2,4,4,2,1,NA,NA,NA,NA,NA,0,0,2,4,2,3,ORANGE,1,1,1,1,1,0,1,0,0,0,1,0,1,0,1,1,1,1,2,0,0,2,1,0,1,1,1,1,1,5,7,7,5,6,6,7,7,5,7,5,3,7,4,6,6,7,2,7,2,5,4,1,2,2,2,2,3,4,1,1,2,1,0,4.333333333333333,9,Probable AUD,1.75,2,2,1.6666666666666667,1.3333333333333333,6,6,3,6,6,6,4,4,6,3,7,2,8,6,3.3333333333333335,2.6666666666666665,6,8,16,20,41,17,27,35,4.666666666666666,6.25,7,6,5.75,4,1,4,1,1,3
2.192982456140351,-0.9912416062188545,0.9758317272503161,12,2025-08-01T15:03:12Z,2025-08-01T15:20:32Z,100,1040,1,2025-08-01T15:20:32Z,R_6M3umJixUSnmu6y,anonymous,1,1,1,1,1,1,55,Male,0,0,0,0,0,0,1,0,Full Time,"$100,000 - $149,999",Bachelor's degree,10308,0,2,Married or living with a partner,Christian,Weekly,1,NA,1,NA,NA,NA,NA,2,Blue Cross Blue Shield,3 to 7 years,1,0,1,0,0,0,0,1,1,1,0,0,0,0,0,1-8 hours,0,0,0,0,0,1,0,0,0,0,0,0,0,0,1,0,1,0,1,2,2,2,3,3,1,1,0,0,0,0,0,0,1,0,FALSE,0,FALSE,1,1,1,0,0,0,0,Understand my absence at my home,Friend,Male,73,Long-term physical condition,NA,Lives in their own home,NA,3,2,1,1,4,1,3,1,1,1,1,3,1,2,4,1,3,2,2,4,2,2,3,3,3,1,3,1,0,0,0,0,0,0,0,0,1,0,0,1,0,0,0,1,1,0,0,0,0,NA,7,0,0,0,1,0,1,1,0,1,0,0,0,0,0,0,1,0,0,NA,4,2,1,Nextdoor,9,3,3,4,4,4,5,5,5,5,1,1,6,6,1,1,6,1,1,7,7,7,7,6,6,5,6,5,6,7,7,2,2,2,1,1,1,2,1,2,2,2,2,1,2,2,2,2,4,NA,NA,NA,NA,1,NA,0,0,2,3,1,1,ORANGE,0,0,1,0,0,0,0,0,0,0,0,0,0,0,0,0,0,0,1,0,0,0,0,0,0,0,0,1,1,6,6,7,7,7,7,6,6,7,5,7,1,6,1,1,5,6,1,6,1,7,7,1,1,2,2,2,2,2,1,2,1,1,0,1.7777777777777777,5,Probable AUD,1.6666666666666667,2,1,1.6666666666666667,2,5,5,2,2,8,4,2,3,6,2,5,3,7,5,2.6666666666666665,1.6666666666666667,0,0,2,7,44,14,34,30,5.333333333333334,6.333333333333333,6.5,6.75,5.75,1,0,2,1,1,3
